solid OpenSCAD_Model
  facet normal 0 0 1
    outer loop
      vertex -8 -13.8564 4
      vertex -14.3847 -17.4618 4
      vertex -14.3777 -17.6777 4
    endloop
  endfacet
  facet normal 0 0 1
    outer loop
      vertex -13.8564 -8 4
      vertex -14.4059 -17.2469 4
      vertex -14.3847 -17.4618 4
    endloop
  endfacet
  facet normal 0 0 1
    outer loop
      vertex -13.8564 -8 4
      vertex -14.4411 -17.0339 4
      vertex -14.4059 -17.2469 4
    endloop
  endfacet
  facet normal 0 0 1
    outer loop
      vertex -13.8564 -8 4
      vertex -14.4901 -16.8236 4
      vertex -14.4411 -17.0339 4
    endloop
  endfacet
  facet normal 0 0 1
    outer loop
      vertex -13.8564 -8 4
      vertex -14.5528 -16.6169 4
      vertex -14.4901 -16.8236 4
    endloop
  endfacet
  facet normal 0 0 1
    outer loop
      vertex -13.8564 -8 4
      vertex -14.6289 -16.4148 4
      vertex -14.5528 -16.6169 4
    endloop
  endfacet
  facet normal 0 0 1
    outer loop
      vertex -13.8564 -8 4
      vertex -14.718 -16.2181 4
      vertex -14.6289 -16.4148 4
    endloop
  endfacet
  facet normal 0 0 1
    outer loop
      vertex -18.3215 -14.4411 4
      vertex -14.35 -7.07662 4
      vertex -14.7821 -6.12293 4
    endloop
  endfacet
  facet normal 0 0 1
    outer loop
      vertex -13.8564 -8 4
      vertex -14.8198 -16.0277 4
      vertex -14.718 -16.2181 4
    endloop
  endfacet
  facet normal 0 0 1
    outer loop
      vertex -13.8564 -8 4
      vertex -14.9338 -15.8443 4
      vertex -14.8198 -16.0277 4
    endloop
  endfacet
  facet normal 0 0 1
    outer loop
      vertex -13.8564 -8 4
      vertex -15.0596 -15.6688 4
      vertex -14.9338 -15.8443 4
    endloop
  endfacet
  facet normal 0 0 1
    outer loop
      vertex -23.35 -2.85788 4
      vertex -14.7821 -6.12293 4
      vertex -15.1509 -5.14303 4
    endloop
  endfacet
  facet normal 0 0 1
    outer loop
      vertex -13.8564 -8 4
      vertex -15.1966 -15.5018 4
      vertex -15.0596 -15.6688 4
    endloop
  endfacet
  facet normal 0 0 1
    outer loop
      vertex -13.8564 -8 4
      vertex -15.3442 -15.3442 4
      vertex -15.1966 -15.5018 4
    endloop
  endfacet
  facet normal 0 0 1
    outer loop
      vertex -22.8242 -2.48107 4
      vertex -15.1509 -5.14303 4
      vertex -15.4548 -4.1411 4
    endloop
  endfacet
  facet normal 0 0 1
    outer loop
      vertex -13.8564 -8 4
      vertex -15.5018 -15.1966 4
      vertex -15.3442 -15.3442 4
    endloop
  endfacet
  facet normal 0 0 1
    outer loop
      vertex -13.8564 -8 4
      vertex -15.6688 -15.0596 4
      vertex -15.5018 -15.1966 4
    endloop
  endfacet
  facet normal 0 0 1
    outer loop
      vertex -22.3819 -2.00891 4
      vertex -15.4548 -4.1411 4
      vertex -15.6926 -3.12144 4
    endloop
  endfacet
  facet normal 0 0 1
    outer loop
      vertex -13.8564 -8 4
      vertex -15.8443 -14.9338 4
      vertex -15.6688 -15.0596 4
    endloop
  endfacet
  facet normal 0 0 1
    outer loop
      vertex -22.1421 -1.65 4
      vertex -15.6926 -3.12144 4
      vertex -15.8631 -2.08842 4
    endloop
  endfacet
  facet normal -0 0 1
    outer loop
      vertex -21.8751 -1.06075 4
      vertex -15.8631 -2.08842 4
      vertex -15.9657 -1.04645 4
    endloop
  endfacet
  facet normal -0 0 1
    outer loop
      vertex -21.7282 -0.430736 4
      vertex -15.9657 -1.04645 4
      vertex -16 0 4
    endloop
  endfacet
  facet normal 0 0 1
    outer loop
      vertex -13.8564 -8 4
      vertex -16.0277 -14.8198 4
      vertex -15.8443 -14.9338 4
    endloop
  endfacet
  facet normal 0 0 1
    outer loop
      vertex -17.8935 14.3847 4
      vertex -13.8564 8 4
      vertex -17.6777 14.3777 4
    endloop
  endfacet
  facet normal 0 0 1
    outer loop
      vertex -13.8564 8 4
      vertex -17.8935 14.3847 4
      vertex -14.35 7.07662 4
    endloop
  endfacet
  facet normal 0 0 1
    outer loop
      vertex -21.7071 -0.21583 4
      vertex -16 0 4
      vertex -21.7 0 4
    endloop
  endfacet
  facet normal 0 0 1
    outer loop
      vertex -18.1084 14.4059 4
      vertex -14.35 7.07662 4
      vertex -17.8935 14.3847 4
    endloop
  endfacet
  facet normal 0 0 1
    outer loop
      vertex -21.7282 -0.430736 4
      vertex -16 0 4
      vertex -21.7071 -0.21583 4
    endloop
  endfacet
  facet normal 0 0 1
    outer loop
      vertex -18.3215 14.4411 4
      vertex -14.35 7.07662 4
      vertex -18.1084 14.4059 4
    endloop
  endfacet
  facet normal 0 0 1
    outer loop
      vertex -15.9657 -1.04645 4
      vertex -21.7282 -0.430736 4
      vertex -21.7634 -0.643798 4
    endloop
  endfacet
  facet normal 0 0 1
    outer loop
      vertex -14.35 7.07662 4
      vertex -18.3215 14.4411 4
      vertex -14.7821 6.12293 4
    endloop
  endfacet
  facet normal 0 0 1
    outer loop
      vertex -15.9657 -1.04645 4
      vertex -21.7634 -0.643798 4
      vertex -21.8124 -0.854102 4
    endloop
  endfacet
  facet normal 0 0 1
    outer loop
      vertex -18.5318 14.4901 4
      vertex -14.7821 6.12293 4
      vertex -18.3215 14.4411 4
    endloop
  endfacet
  facet normal 0 0 1
    outer loop
      vertex -15.9657 -1.04645 4
      vertex -21.8124 -0.854102 4
      vertex -21.8751 -1.06075 4
    endloop
  endfacet
  facet normal 0 0 1
    outer loop
      vertex -18.7384 14.5528 4
      vertex -14.7821 6.12293 4
      vertex -18.5318 14.4901 4
    endloop
  endfacet
  facet normal 0 0 1
    outer loop
      vertex -13.8564 -8 4
      vertex -16.2181 -14.718 4
      vertex -16.0277 -14.8198 4
    endloop
  endfacet
  facet normal 0 -0 1
    outer loop
      vertex -22.1421 1.65 4
      vertex -15.6926 3.12144 4
      vertex -22.2561 1.83338 4
    endloop
  endfacet
  facet normal 0 0 1
    outer loop
      vertex -15.8631 -2.08842 4
      vertex -21.8751 -1.06075 4
      vertex -21.9512 -1.26285 4
    endloop
  endfacet
  facet normal 0 0 1
    outer loop
      vertex -14.7821 6.12293 4
      vertex -23.35 2.85788 4
      vertex -15.1509 5.14303 4
    endloop
  endfacet
  facet normal 0 0 1
    outer loop
      vertex -13.8564 -8 4
      vertex -16.4148 -14.6289 4
      vertex -16.2181 -14.718 4
    endloop
  endfacet
  facet normal 0 -0 1
    outer loop
      vertex -22.3819 2.00891 4
      vertex -15.4548 4.1411 4
      vertex -22.5189 2.17584 4
    endloop
  endfacet
  facet normal 0 0 1
    outer loop
      vertex -15.8631 -2.08842 4
      vertex -21.9512 -1.26285 4
      vertex -22.0403 -1.45955 4
    endloop
  endfacet
  facet normal 0 -0 1
    outer loop
      vertex -22.6665 2.33345 4
      vertex -15.4548 4.1411 4
      vertex -22.8242 2.48107 4
    endloop
  endfacet
  facet normal 0 0 1
    outer loop
      vertex -13.8564 -8 4
      vertex -16.6169 -14.5528 4
      vertex -16.4148 -14.6289 4
    endloop
  endfacet
  facet normal 0 -0 1
    outer loop
      vertex -22.8242 2.48107 4
      vertex -15.1509 5.14303 4
      vertex -22.9911 2.61807 4
    endloop
  endfacet
  facet normal 0 0 1
    outer loop
      vertex -15.8631 -2.08842 4
      vertex -22.0403 -1.45955 4
      vertex -22.1421 -1.65 4
    endloop
  endfacet
  facet normal 0 -0 1
    outer loop
      vertex -23.1666 2.74385 4
      vertex -15.1509 5.14303 4
      vertex -23.35 2.85788 4
    endloop
  endfacet
  facet normal 0 0 1
    outer loop
      vertex -13.8564 -8 4
      vertex -16.8236 -14.4901 4
      vertex -16.6169 -14.5528 4
    endloop
  endfacet
  facet normal 0 0 1
    outer loop
      vertex -23.5404 2.95968 4
      vertex -14.7821 6.12293 4
      vertex -18.7384 14.5528 4
    endloop
  endfacet
  facet normal 0 0 1
    outer loop
      vertex -15.6926 -3.12144 4
      vertex -22.1421 -1.65 4
      vertex -22.2561 -1.83338 4
    endloop
  endfacet
  facet normal 0 0 1
    outer loop
      vertex -23.5404 2.95968 4
      vertex -18.7384 14.5528 4
      vertex -18.9405 14.6289 4
    endloop
  endfacet
  facet normal 0 0 1
    outer loop
      vertex -13.8564 -8 4
      vertex -17.0339 -14.4411 4
      vertex -16.8236 -14.4901 4
    endloop
  endfacet
  facet normal 0 0 1
    outer loop
      vertex -23.7371 3.0488 4
      vertex -18.9405 14.6289 4
      vertex -19.1372 14.718 4
    endloop
  endfacet
  facet normal 0 0 1
    outer loop
      vertex -15.6926 -3.12144 4
      vertex -22.2561 -1.83338 4
      vertex -22.3819 -2.00891 4
    endloop
  endfacet
  facet normal 0 0 1
    outer loop
      vertex -23.9392 3.12487 4
      vertex -19.1372 14.718 4
      vertex -19.3277 14.8198 4
    endloop
  endfacet
  facet normal 0 0 1
    outer loop
      vertex -13.8564 -8 4
      vertex -17.2469 -14.4059 4
      vertex -17.0339 -14.4411 4
    endloop
  endfacet
  facet normal 0 0 1
    outer loop
      vertex -28.6403 11.8632 4
      vertex -19.3277 14.8198 4
      vertex -19.5111 14.9338 4
    endloop
  endfacet
  facet normal 0 0 1
    outer loop
      vertex -15.4548 -4.1411 4
      vertex -22.3819 -2.00891 4
      vertex -22.5189 -2.17584 4
    endloop
  endfacet
  facet normal 0 0 1
    outer loop
      vertex -28.6403 11.8632 4
      vertex -19.5111 14.9338 4
      vertex -19.6866 15.0596 4
    endloop
  endfacet
  facet normal 0 0 1
    outer loop
      vertex -13.8564 -8 4
      vertex -17.4618 -14.3847 4
      vertex -17.2469 -14.4059 4
    endloop
  endfacet
  facet normal 0 0 1
    outer loop
      vertex -27.8031 13.7109 4
      vertex -19.6866 15.0596 4
      vertex -19.8535 15.1966 4
    endloop
  endfacet
  facet normal 0 0 1
    outer loop
      vertex -15.4548 -4.1411 4
      vertex -22.5189 -2.17584 4
      vertex -22.6665 -2.33345 4
    endloop
  endfacet
  facet normal 0 0 1
    outer loop
      vertex -27.8031 13.7109 4
      vertex -19.8535 15.1966 4
      vertex -20.0111 15.3442 4
    endloop
  endfacet
  facet normal 0 0 1
    outer loop
      vertex -13.8564 -8 4
      vertex -17.6777 -14.3777 4
      vertex -17.4618 -14.3847 4
    endloop
  endfacet
  facet normal 0 0 1
    outer loop
      vertex -27.8031 13.7109 4
      vertex -20.0111 15.3442 4
      vertex -20.1587 15.5018 4
    endloop
  endfacet
  facet normal 0 0 1
    outer loop
      vertex -15.4548 -4.1411 4
      vertex -22.6665 -2.33345 4
      vertex -22.8242 -2.48107 4
    endloop
  endfacet
  facet normal 0 0 1
    outer loop
      vertex -26.8468 15.5 4
      vertex -20.1587 15.5018 4
      vertex -20.2957 15.6688 4
    endloop
  endfacet
  facet normal 0 0 1
    outer loop
      vertex -13.8564 -8 4
      vertex -17.8935 -14.3847 4
      vertex -17.6777 -14.3777 4
    endloop
  endfacet
  facet normal 0 0 1
    outer loop
      vertex -26.8468 15.5 4
      vertex -20.2957 15.6688 4
      vertex -20.4215 15.8443 4
    endloop
  endfacet
  facet normal 0 0 1
    outer loop
      vertex -15.1509 -5.14303 4
      vertex -22.8242 -2.48107 4
      vertex -22.9911 -2.61807 4
    endloop
  endfacet
  facet normal 0 0 1
    outer loop
      vertex -26.8468 15.5 4
      vertex -20.4215 15.8443 4
      vertex -20.5356 16.0277 4
    endloop
  endfacet
  facet normal 0 0 1
    outer loop
      vertex -14.35 -7.07662 4
      vertex -18.1084 -14.4059 4
      vertex -17.8935 -14.3847 4
    endloop
  endfacet
  facet normal 0 0 1
    outer loop
      vertex -26.8468 15.5 4
      vertex -20.5356 16.0277 4
      vertex -20.6373 16.2181 4
    endloop
  endfacet
  facet normal 0 0 1
    outer loop
      vertex -15.1509 -5.14303 4
      vertex -22.9911 -2.61807 4
      vertex -23.1666 -2.74385 4
    endloop
  endfacet
  facet normal 0 0 1
    outer loop
      vertex -25.7756 17.2227 4
      vertex -20.6373 16.2181 4
      vertex -20.7265 16.4148 4
    endloop
  endfacet
  facet normal 0 0 1
    outer loop
      vertex -14.35 -7.07662 4
      vertex -18.3215 -14.4411 4
      vertex -18.1084 -14.4059 4
    endloop
  endfacet
  facet normal 0 0 1
    outer loop
      vertex -25.7756 17.2227 4
      vertex -20.7265 16.4148 4
      vertex -20.8025 16.6169 4
    endloop
  endfacet
  facet normal 0 0 1
    outer loop
      vertex -15.1509 -5.14303 4
      vertex -23.1666 -2.74385 4
      vertex -23.35 -2.85788 4
    endloop
  endfacet
  facet normal 0 0 1
    outer loop
      vertex -25.7756 17.2227 4
      vertex -20.8025 16.6169 4
      vertex -20.8652 16.8236 4
    endloop
  endfacet
  facet normal 0 0 1
    outer loop
      vertex -14.7821 -6.12293 4
      vertex -18.5318 -14.4901 4
      vertex -18.3215 -14.4411 4
    endloop
  endfacet
  facet normal 0 0 1
    outer loop
      vertex -25.7756 17.2227 4
      vertex -20.8652 16.8236 4
      vertex -20.9143 17.0339 4
    endloop
  endfacet
  facet normal -0 0 1
    outer loop
      vertex -23.5404 -2.95968 4
      vertex -14.7821 -6.12293 4
      vertex -23.35 -2.85788 4
    endloop
  endfacet
  facet normal -0 0 1
    outer loop
      vertex -25.7756 17.2227 4
      vertex -20.9143 17.0339 4
      vertex -20.9494 17.2469 4
    endloop
  endfacet
  facet normal 0 0 1
    outer loop
      vertex -14.7821 -6.12293 4
      vertex -18.7384 -14.5528 4
      vertex -18.5318 -14.4901 4
    endloop
  endfacet
  facet normal 0 0 1
    outer loop
      vertex -24.594 18.8716 4
      vertex -20.9494 17.2469 4
      vertex -20.9706 17.4618 4
    endloop
  endfacet
  facet normal 0 0 1
    outer loop
      vertex -14.7821 -6.12293 4
      vertex -23.5404 -2.95968 4
      vertex -18.7384 -14.5528 4
    endloop
  endfacet
  facet normal 0 0 1
    outer loop
      vertex -24.594 18.8716 4
      vertex -20.9706 17.4618 4
      vertex -20.9777 17.6777 4
    endloop
  endfacet
  facet normal 0 0 1
    outer loop
      vertex -18.7384 -14.5528 4
      vertex -23.5404 -2.95968 4
      vertex -18.9405 -14.6289 4
    endloop
  endfacet
  facet normal 0 0 1
    outer loop
      vertex -2.95968 -26.4596 4
      vertex -6.0478 -30.4043 4
      vertex -6 -30.4122 4
    endloop
  endfacet
  facet normal -0 0 1
    outer loop
      vertex -14.718 -19.1372 4
      vertex -3.12487 -23.9392 4
      vertex -14.6289 -18.9405 4
    endloop
  endfacet
  facet normal 0 0 1
    outer loop
      vertex -14.4901 -18.5318 4
      vertex -6.12293 -14.7821 4
      vertex -7.07662 -14.35 4
    endloop
  endfacet
  facet normal 0 0 1
    outer loop
      vertex -14.3847 -17.8935 4
      vertex -7.07662 -14.35 4
      vertex -8 -13.8564 4
    endloop
  endfacet
  facet normal 0 0 1
    outer loop
      vertex -3.23659 -24.3562 4
      vertex -8.02339 -29.9437 4
      vertex -6.0478 -30.4043 4
    endloop
  endfacet
  facet normal 0 0 1
    outer loop
      vertex -14.3847 -17.4618 4
      vertex -8 -13.8564 4
      vertex -8.88912 -13.3035 4
    endloop
  endfacet
  facet normal 0 0 1
    outer loop
      vertex -14.3847 -17.4618 4
      vertex -8.88912 -13.3035 4
      vertex -9.74018 -12.6937 4
    endloop
  endfacet
  facet normal 0 0 1
    outer loop
      vertex -6.12293 -14.7821 4
      vertex -14.4901 -18.5318 4
      vertex -14.5528 -18.7384 4
    endloop
  endfacet
  facet normal 0 0 1
    outer loop
      vertex -14.3847 -17.4618 4
      vertex -9.74018 -12.6937 4
      vertex -10.5495 -12.0294 4
    endloop
  endfacet
  facet normal 0 0 1
    outer loop
      vertex -14.3847 -17.4618 4
      vertex -10.5495 -12.0294 4
      vertex -11.3137 -11.3137 4
    endloop
  endfacet
  facet normal 0 0 1
    outer loop
      vertex -7.07662 -14.35 4
      vertex -14.4059 -18.1084 4
      vertex -14.4411 -18.3215 4
    endloop
  endfacet
  facet normal 0 0 1
    outer loop
      vertex -14.3847 -17.4618 4
      vertex -11.3137 -11.3137 4
      vertex -12.0294 -10.5495 4
    endloop
  endfacet
  facet normal 0 0 1
    outer loop
      vertex -14.3847 -17.4618 4
      vertex -12.0294 -10.5495 4
      vertex -12.6937 -9.74018 4
    endloop
  endfacet
  facet normal 0 0 1
    outer loop
      vertex -14.3847 -17.4618 4
      vertex -12.6937 -9.74018 4
      vertex -13.3035 -8.88912 4
    endloop
  endfacet
  facet normal 0 0 1
    outer loop
      vertex -8 -13.8564 4
      vertex -14.3777 -17.6777 4
      vertex -14.3847 -17.8935 4
    endloop
  endfacet
  facet normal 0 0 1
    outer loop
      vertex -14.3847 -17.4618 4
      vertex -13.3035 -8.88912 4
      vertex -13.8564 -8 4
    endloop
  endfacet
  facet normal 0 0 1
    outer loop
      vertex -17.8935 -14.3847 4
      vertex -13.8564 -8 4
      vertex -14.35 -7.07662 4
    endloop
  endfacet
  facet normal 0 0 1
    outer loop
      vertex -7.07662 -14.35 4
      vertex -14.3847 -17.8935 4
      vertex -14.4059 -18.1084 4
    endloop
  endfacet
  facet normal 0 0 1
    outer loop
      vertex -7.07662 -14.35 4
      vertex -14.4411 -18.3215 4
      vertex -14.4901 -18.5318 4
    endloop
  endfacet
  facet normal 0 0 1
    outer loop
      vertex -3.12487 -23.9392 4
      vertex -14.718 -19.1372 4
      vertex -3.18755 -24.1459 4
    endloop
  endfacet
  facet normal 0 0 1
    outer loop
      vertex -3.23659 -24.3562 4
      vertex -9.96462 -29.3548 4
      vertex -8.02339 -29.9437 4
    endloop
  endfacet
  facet normal -0 0 1
    outer loop
      vertex -14.8198 -19.3277 4
      vertex -3.18755 -24.1459 4
      vertex -14.718 -19.1372 4
    endloop
  endfacet
  facet normal 0 -0 1
    outer loop
      vertex -11.8632 -28.6403 4
      vertex -3.18755 -24.1459 4
      vertex -14.8198 -19.3277 4
    endloop
  endfacet
  facet normal 0 0 1
    outer loop
      vertex -3.23659 -24.3562 4
      vertex -11.8632 -28.6403 4
      vertex -9.96462 -29.3548 4
    endloop
  endfacet
  facet normal 0 0 1
    outer loop
      vertex -3.18755 -24.1459 4
      vertex -11.8632 -28.6403 4
      vertex -3.23659 -24.3562 4
    endloop
  endfacet
  facet normal -0 0 1
    outer loop
      vertex -14.9338 -19.5111 4
      vertex -11.8632 -28.6403 4
      vertex -14.8198 -19.3277 4
    endloop
  endfacet
  facet normal -0 0 1
    outer loop
      vertex -15.0596 -19.6866 4
      vertex -11.8632 -28.6403 4
      vertex -14.9338 -19.5111 4
    endloop
  endfacet
  facet normal 0 0 1
    outer loop
      vertex -11.8632 -28.6403 4
      vertex -15.0596 -19.6866 4
      vertex -13.7109 -27.8031 4
    endloop
  endfacet
  facet normal -0 0 1
    outer loop
      vertex -15.1966 -19.8535 4
      vertex -13.7109 -27.8031 4
      vertex -15.0596 -19.6866 4
    endloop
  endfacet
  facet normal -0 0 1
    outer loop
      vertex -15.3442 -20.0111 4
      vertex -13.7109 -27.8031 4
      vertex -15.1966 -19.8535 4
    endloop
  endfacet
  facet normal -0 0 1
    outer loop
      vertex -15.5018 -20.1587 4
      vertex -13.7109 -27.8031 4
      vertex -15.3442 -20.0111 4
    endloop
  endfacet
  facet normal 0 0 1
    outer loop
      vertex -13.7109 -27.8031 4
      vertex -15.5018 -20.1587 4
      vertex -15.5 -26.8468 4
    endloop
  endfacet
  facet normal -0 0 1
    outer loop
      vertex -15.6688 -20.2957 4
      vertex -15.5 -26.8468 4
      vertex -15.5018 -20.1587 4
    endloop
  endfacet
  facet normal -0 0 1
    outer loop
      vertex -15.8443 -20.4215 4
      vertex -15.5 -26.8468 4
      vertex -15.6688 -20.2957 4
    endloop
  endfacet
  facet normal -0 0 1
    outer loop
      vertex -16.0277 -20.5356 4
      vertex -15.5 -26.8468 4
      vertex -15.8443 -20.4215 4
    endloop
  endfacet
  facet normal -0 0 1
    outer loop
      vertex -16.2181 -20.6373 4
      vertex -15.5 -26.8468 4
      vertex -16.0277 -20.5356 4
    endloop
  endfacet
  facet normal 0 0 1
    outer loop
      vertex -17.2227 -25.7756 4
      vertex -16.2181 -20.6373 4
      vertex -16.4148 -20.7265 4
    endloop
  endfacet
  facet normal 0 0 1
    outer loop
      vertex -17.2227 -25.7756 4
      vertex -16.4148 -20.7265 4
      vertex -16.6169 -20.8025 4
    endloop
  endfacet
  facet normal 0 0 1
    outer loop
      vertex -17.2227 -25.7756 4
      vertex -16.6169 -20.8025 4
      vertex -16.8236 -20.8652 4
    endloop
  endfacet
  facet normal 0 0 1
    outer loop
      vertex -17.2227 -25.7756 4
      vertex -16.8236 -20.8652 4
      vertex -17.0339 -20.9143 4
    endloop
  endfacet
  facet normal 0 0 1
    outer loop
      vertex -16.2181 -20.6373 4
      vertex -17.2227 -25.7756 4
      vertex -15.5 -26.8468 4
    endloop
  endfacet
  facet normal -0 0 1
    outer loop
      vertex -17.2469 -20.9494 4
      vertex -17.2227 -25.7756 4
      vertex -17.0339 -20.9143 4
    endloop
  endfacet
  facet normal 0 0 1
    outer loop
      vertex -18.8716 -24.594 4
      vertex -17.2469 -20.9494 4
      vertex -17.4618 -20.9706 4
    endloop
  endfacet
  facet normal 0 0 1
    outer loop
      vertex -18.8716 -24.594 4
      vertex -17.4618 -20.9706 4
      vertex -17.6777 -20.9777 4
    endloop
  endfacet
  facet normal 0 0 1
    outer loop
      vertex -18.8716 -24.594 4
      vertex -17.6777 -20.9777 4
      vertex -17.8935 -20.9706 4
    endloop
  endfacet
  facet normal 0 0 1
    outer loop
      vertex -18.8716 -24.594 4
      vertex -17.8935 -20.9706 4
      vertex -18.1084 -20.9494 4
    endloop
  endfacet
  facet normal 0 0 1
    outer loop
      vertex -18.8716 -24.594 4
      vertex -18.1084 -20.9494 4
      vertex -18.3215 -20.9143 4
    endloop
  endfacet
  facet normal 0 0 1
    outer loop
      vertex -20.4397 -23.307 4
      vertex -18.3215 -20.9143 4
      vertex -18.5318 -20.8652 4
    endloop
  endfacet
  facet normal 0 0 1
    outer loop
      vertex -20.4397 -23.307 4
      vertex -18.5318 -20.8652 4
      vertex -18.7384 -20.8025 4
    endloop
  endfacet
  facet normal 0 0 1
    outer loop
      vertex -17.2469 -20.9494 4
      vertex -18.8716 -24.594 4
      vertex -17.2227 -25.7756 4
    endloop
  endfacet
  facet normal 0 0 1
    outer loop
      vertex -20.4397 -23.307 4
      vertex -18.7384 -20.8025 4
      vertex -18.9405 -20.7265 4
    endloop
  endfacet
  facet normal 0 0 1
    outer loop
      vertex -20.4397 -23.307 4
      vertex -18.9405 -20.7265 4
      vertex -19.1372 -20.6373 4
    endloop
  endfacet
  facet normal 0 0 1
    outer loop
      vertex -20.4397 -23.307 4
      vertex -19.1372 -20.6373 4
      vertex -19.3277 -20.5356 4
    endloop
  endfacet
  facet normal 0 0 1
    outer loop
      vertex -20.4397 -23.307 4
      vertex -19.3277 -20.5356 4
      vertex -19.5111 -20.4215 4
    endloop
  endfacet
  facet normal 0 0 1
    outer loop
      vertex -21.9203 -21.9203 4
      vertex -19.5111 -20.4215 4
      vertex -19.6866 -20.2957 4
    endloop
  endfacet
  facet normal 0 0 1
    outer loop
      vertex -21.9203 -21.9203 4
      vertex -19.6866 -20.2957 4
      vertex -19.8535 -20.1587 4
    endloop
  endfacet
  facet normal 0 0 1
    outer loop
      vertex -21.9203 -21.9203 4
      vertex -19.8535 -20.1587 4
      vertex -20.0111 -20.0111 4
    endloop
  endfacet
  facet normal 0 0 1
    outer loop
      vertex -21.9203 -21.9203 4
      vertex -20.0111 -20.0111 4
      vertex -20.1587 -19.8535 4
    endloop
  endfacet
  facet normal 0 0 1
    outer loop
      vertex -21.9203 -21.9203 4
      vertex -20.1587 -19.8535 4
      vertex -20.2957 -19.6866 4
    endloop
  endfacet
  facet normal 0 0 1
    outer loop
      vertex -21.9203 -21.9203 4
      vertex -20.2957 -19.6866 4
      vertex -20.4215 -19.5111 4
    endloop
  endfacet
  facet normal 0 0 1
    outer loop
      vertex -18.3215 -20.9143 4
      vertex -20.4397 -23.307 4
      vertex -18.8716 -24.594 4
    endloop
  endfacet
  facet normal 0 0 1
    outer loop
      vertex -23.307 -20.4397 4
      vertex -20.4215 -19.5111 4
      vertex -20.5356 -19.3277 4
    endloop
  endfacet
  facet normal 0 0 1
    outer loop
      vertex -23.307 -20.4397 4
      vertex -20.5356 -19.3277 4
      vertex -20.6373 -19.1372 4
    endloop
  endfacet
  facet normal 0 0 1
    outer loop
      vertex -23.307 -20.4397 4
      vertex -20.6373 -19.1372 4
      vertex -20.7265 -18.9405 4
    endloop
  endfacet
  facet normal 0 0 1
    outer loop
      vertex -23.307 -20.4397 4
      vertex -20.7265 -18.9405 4
      vertex -20.8025 -18.7384 4
    endloop
  endfacet
  facet normal 0 0 1
    outer loop
      vertex -23.307 -20.4397 4
      vertex -20.8025 -18.7384 4
      vertex -20.8652 -18.5318 4
    endloop
  endfacet
  facet normal 0 0 1
    outer loop
      vertex -23.307 -20.4397 4
      vertex -20.8652 -18.5318 4
      vertex -20.9143 -18.3215 4
    endloop
  endfacet
  facet normal 0 0 1
    outer loop
      vertex -24.594 -18.8716 4
      vertex -20.9143 -18.3215 4
      vertex -20.9494 -18.1084 4
    endloop
  endfacet
  facet normal 0 0 1
    outer loop
      vertex -24.594 -18.8716 4
      vertex -20.9494 -18.1084 4
      vertex -20.9706 -17.8935 4
    endloop
  endfacet
  facet normal 0 0 1
    outer loop
      vertex -18.9405 -14.6289 4
      vertex -23.7371 -3.0488 4
      vertex -19.1372 -14.718 4
    endloop
  endfacet
  facet normal -0 0 1
    outer loop
      vertex -23.9392 -3.12487 4
      vertex -19.1372 -14.718 4
      vertex -23.7371 -3.0488 4
    endloop
  endfacet
  facet normal 0 0 1
    outer loop
      vertex -19.1372 -14.718 4
      vertex -23.9392 -3.12487 4
      vertex -19.3277 -14.8198 4
    endloop
  endfacet
  facet normal -0 0 1
    outer loop
      vertex -24.1459 -3.18755 4
      vertex -19.3277 -14.8198 4
      vertex -23.9392 -3.12487 4
    endloop
  endfacet
  facet normal -0 0 1
    outer loop
      vertex -28.6403 -11.8632 4
      vertex -19.3277 -14.8198 4
      vertex -24.1459 -3.18755 4
    endloop
  endfacet
  facet normal 0 0 1
    outer loop
      vertex -19.3277 -14.8198 4
      vertex -28.6403 -11.8632 4
      vertex -19.5111 -14.9338 4
    endloop
  endfacet
  facet normal 0 0 1
    outer loop
      vertex -19.5111 -20.4215 4
      vertex -21.9203 -21.9203 4
      vertex -20.4397 -23.307 4
    endloop
  endfacet
  facet normal 0 0 1
    outer loop
      vertex -19.5111 -14.9338 4
      vertex -28.6403 -11.8632 4
      vertex -19.6866 -15.0596 4
    endloop
  endfacet
  facet normal -0 -0 1
    outer loop
      vertex -27.8031 -13.7109 4
      vertex -19.6866 -15.0596 4
      vertex -28.6403 -11.8632 4
    endloop
  endfacet
  facet normal 0 0 1
    outer loop
      vertex -19.6866 -15.0596 4
      vertex -27.8031 -13.7109 4
      vertex -19.8535 -15.1966 4
    endloop
  endfacet
  facet normal 0 0 1
    outer loop
      vertex -19.8535 -15.1966 4
      vertex -27.8031 -13.7109 4
      vertex -20.0111 -15.3442 4
    endloop
  endfacet
  facet normal 0 0 1
    outer loop
      vertex -20.0111 -15.3442 4
      vertex -27.8031 -13.7109 4
      vertex -20.1587 -15.5018 4
    endloop
  endfacet
  facet normal -0 -0 1
    outer loop
      vertex -26.8468 -15.5 4
      vertex -20.1587 -15.5018 4
      vertex -27.8031 -13.7109 4
    endloop
  endfacet
  facet normal 0 0 1
    outer loop
      vertex -20.1587 -15.5018 4
      vertex -26.8468 -15.5 4
      vertex -20.2957 -15.6688 4
    endloop
  endfacet
  facet normal 0 0 1
    outer loop
      vertex -20.2957 -15.6688 4
      vertex -26.8468 -15.5 4
      vertex -20.4215 -15.8443 4
    endloop
  endfacet
  facet normal 0 0 1
    outer loop
      vertex -20.5356 -16.0277 4
      vertex -26.8468 -15.5 4
      vertex -20.6373 -16.2181 4
    endloop
  endfacet
  facet normal 0 0 1
    outer loop
      vertex -20.6373 -16.2181 4
      vertex -25.7756 -17.2227 4
      vertex -20.7265 -16.4148 4
    endloop
  endfacet
  facet normal 0 0 1
    outer loop
      vertex -20.7265 -16.4148 4
      vertex -25.7756 -17.2227 4
      vertex -20.8025 -16.6169 4
    endloop
  endfacet
  facet normal 0 0 1
    outer loop
      vertex -20.4215 -19.5111 4
      vertex -23.307 -20.4397 4
      vertex -21.9203 -21.9203 4
    endloop
  endfacet
  facet normal 0 0 1
    outer loop
      vertex -20.8025 -16.6169 4
      vertex -25.7756 -17.2227 4
      vertex -20.8652 -16.8236 4
    endloop
  endfacet
  facet normal 0 0 1
    outer loop
      vertex -20.9143 -17.0339 4
      vertex -25.7756 -17.2227 4
      vertex -20.9494 -17.2469 4
    endloop
  endfacet
  facet normal 0 -0 1
    outer loop
      vertex -24.594 -18.8716 4
      vertex -20.9494 -17.2469 4
      vertex -25.7756 -17.2227 4
    endloop
  endfacet
  facet normal 0 0 1
    outer loop
      vertex -20.8652 -16.8236 4
      vertex -25.7756 -17.2227 4
      vertex -20.9143 -17.0339 4
    endloop
  endfacet
  facet normal 0 0 1
    outer loop
      vertex -20.4215 -15.8443 4
      vertex -26.8468 -15.5 4
      vertex -20.5356 -16.0277 4
    endloop
  endfacet
  facet normal 0 0 1
    outer loop
      vertex -28.6403 -11.8632 4
      vertex -24.1459 -3.18755 4
      vertex -24.3562 -3.23659 4
    endloop
  endfacet
  facet normal 0 0 1
    outer loop
      vertex -28.6403 -11.8632 4
      vertex -24.3562 -3.23659 4
      vertex -24.5693 -3.27177 4
    endloop
  endfacet
  facet normal 0 0 1
    outer loop
      vertex -20.9143 -18.3215 4
      vertex -24.594 -18.8716 4
      vertex -23.307 -20.4397 4
    endloop
  endfacet
  facet normal 0 0 1
    outer loop
      vertex -29.3548 -9.96462 4
      vertex -24.5693 -3.27177 4
      vertex -24.7842 -3.29293 4
    endloop
  endfacet
  facet normal 0 0 1
    outer loop
      vertex -29.3548 -9.96462 4
      vertex -24.7842 -3.29293 4
      vertex -25 -3.3 4
    endloop
  endfacet
  facet normal 0 0 1
    outer loop
      vertex -29.3548 -9.96462 4
      vertex -25 -3.3 4
      vertex -25.2158 -3.29293 4
    endloop
  endfacet
  facet normal 0 0 1
    outer loop
      vertex -29.9437 -8.02339 4
      vertex -25.2158 -3.29293 4
      vertex -25.4307 -3.27177 4
    endloop
  endfacet
  facet normal 0 0 1
    outer loop
      vertex -29.9437 -8.02339 4
      vertex -25.4307 -3.27177 4
      vertex -25.6438 -3.23659 4
    endloop
  endfacet
  facet normal 0 0 1
    outer loop
      vertex -20.9777 -17.6777 4
      vertex -24.594 -18.8716 4
      vertex -20.9706 -17.8935 4
    endloop
  endfacet
  facet normal 0 0 1
    outer loop
      vertex -29.9437 -8.02339 4
      vertex -25.6438 -3.23659 4
      vertex -25.8541 -3.18755 4
    endloop
  endfacet
  facet normal 0 0 1
    outer loop
      vertex -29.9437 -8.02339 4
      vertex -25.8541 -3.18755 4
      vertex -26.0607 -3.12487 4
    endloop
  endfacet
  facet normal 0 0 1
    outer loop
      vertex -30.4043 -6.0478 4
      vertex -26.0607 -3.12487 4
      vertex -26.2629 -3.0488 4
    endloop
  endfacet
  facet normal 0 0 1
    outer loop
      vertex -30.4043 -6.0478 4
      vertex -26.2629 -3.0488 4
      vertex -26.4596 -2.95968 4
    endloop
  endfacet
  facet normal 0 0 1
    outer loop
      vertex -30.4122 -6 4
      vertex -26.4596 -2.95968 4
      vertex -26.65 -2.85788 4
    endloop
  endfacet
  facet normal 0 0 1
    outer loop
      vertex -30.4122 -6 4
      vertex -26.65 -2.85788 4
      vertex -26.8334 -2.74385 4
    endloop
  endfacet
  facet normal 0 0 1
    outer loop
      vertex -20.9706 -17.4618 4
      vertex -24.594 -18.8716 4
      vertex -20.9777 -17.6777 4
    endloop
  endfacet
  facet normal 0 0 1
    outer loop
      vertex -30.4122 -6 4
      vertex -26.8334 -2.74385 4
      vertex -27.0089 -2.61807 4
    endloop
  endfacet
  facet normal 0 0 1
    outer loop
      vertex -30.4122 -6 4
      vertex -27.0089 -2.61807 4
      vertex -27.1758 -2.48107 4
    endloop
  endfacet
  facet normal 0 0 1
    outer loop
      vertex -30.4122 -6 4
      vertex -27.1758 -2.48107 4
      vertex -27.3335 -2.33345 4
    endloop
  endfacet
  facet normal 0 0 1
    outer loop
      vertex -30.4122 -6 4
      vertex -27.3335 -2.33345 4
      vertex -27.4811 -2.17584 4
    endloop
  endfacet
  facet normal 0 0 1
    outer loop
      vertex -30.4122 -6 4
      vertex -27.4811 -2.17584 4
      vertex -27.6181 -2.00891 4
    endloop
  endfacet
  facet normal 0 0 1
    outer loop
      vertex -30.4122 -6 4
      vertex -27.6181 -2.00891 4
      vertex -27.7438 -1.83338 4
    endloop
  endfacet
  facet normal 0 0 1
    outer loop
      vertex -20.9494 -17.2469 4
      vertex -24.594 -18.8716 4
      vertex -20.9706 -17.4618 4
    endloop
  endfacet
  facet normal 0 0 1
    outer loop
      vertex -30.4122 -6 4
      vertex -27.7438 -1.83338 4
      vertex -27.8579 -1.65 4
    endloop
  endfacet
  facet normal 0 0 1
    outer loop
      vertex -30.4122 -6 4
      vertex -27.8579 -1.65 4
      vertex -27.9597 -1.45955 4
    endloop
  endfacet
  facet normal 0 0 1
    outer loop
      vertex -30.4122 -6 4
      vertex -27.9597 -1.45955 4
      vertex -28.0488 -1.26285 4
    endloop
  endfacet
  facet normal 0 0 1
    outer loop
      vertex -30.4122 -6 4
      vertex -28.0488 -1.26285 4
      vertex -28.1249 -1.06075 4
    endloop
  endfacet
  facet normal 0 0 1
    outer loop
      vertex -30.4122 -6 4
      vertex -28.1249 -1.06075 4
      vertex -28.1876 -0.854102 4
    endloop
  endfacet
  facet normal 0 0 1
    outer loop
      vertex -30.4122 -6 4
      vertex -28.1876 -0.854102 4
      vertex -28.2366 -0.643798 4
    endloop
  endfacet
  facet normal 0 0 1
    outer loop
      vertex -30.4122 -6 4
      vertex -28.2366 -0.643798 4
      vertex -28.2718 -0.430736 4
    endloop
  endfacet
  facet normal 0 0 1
    outer loop
      vertex -30.4122 -6 4
      vertex -28.2718 -0.430736 4
      vertex -28.2929 -0.21583 4
    endloop
  endfacet
  facet normal 0 -0 1
    outer loop
      vertex -25.7756 -17.2227 4
      vertex -20.6373 -16.2181 4
      vertex -26.8468 -15.5 4
    endloop
  endfacet
  facet normal 0 0 1
    outer loop
      vertex -30.4122 -6 4
      vertex -28.2929 -0.21583 4
      vertex -28.3 0 4
    endloop
  endfacet
  facet normal 0 0 1
    outer loop
      vertex -28.1876 0.854102 4
      vertex -30.4122 6 4
      vertex -28.2366 0.643798 4
    endloop
  endfacet
  facet normal 0 0 1
    outer loop
      vertex -28.2366 0.643798 4
      vertex -30.4122 6 4
      vertex -28.2718 0.430736 4
    endloop
  endfacet
  facet normal 0 0 1
    outer loop
      vertex -24.5693 -3.27177 4
      vertex -29.3548 -9.96462 4
      vertex -28.6403 -11.8632 4
    endloop
  endfacet
  facet normal 0 0 1
    outer loop
      vertex -28.2718 0.430736 4
      vertex -30.4122 6 4
      vertex -28.2929 0.21583 4
    endloop
  endfacet
  facet normal 0 0 1
    outer loop
      vertex -25.2158 -3.29293 4
      vertex -29.9437 -8.02339 4
      vertex -29.3548 -9.96462 4
    endloop
  endfacet
  facet normal 0 0 1
    outer loop
      vertex -28.2929 0.21583 4
      vertex -30.4122 6 4
      vertex -28.3 0 4
    endloop
  endfacet
  facet normal 0 0 1
    outer loop
      vertex -30.4122 -6 4
      vertex -28.3 0 4
      vertex -30.4122 6 4
    endloop
  endfacet
  facet normal 0 0 1
    outer loop
      vertex -26.4596 -2.95968 4
      vertex -30.4122 -6 4
      vertex -30.4043 -6.0478 4
    endloop
  endfacet
  facet normal 0 0 1
    outer loop
      vertex -26.0607 -3.12487 4
      vertex -30.4043 -6.0478 4
      vertex -29.9437 -8.02339 4
    endloop
  endfacet
  facet normal -0 0 1
    outer loop
      vertex -55 6 4
      vertex -30.4122 -6 4
      vertex -30.4122 6 4
    endloop
  endfacet
  facet normal 0 0 1
    outer loop
      vertex -30.4122 -6 4
      vertex -55 6 4
      vertex -55 -6 4
    endloop
  endfacet
  facet normal 0 0 1
    outer loop
      vertex -9.74018 12.6937 4
      vertex -14.718 16.2181 4
      vertex -10.5495 12.0294 4
    endloop
  endfacet
  facet normal -0 0 1
    outer loop
      vertex -14.8198 16.0277 4
      vertex -10.5495 12.0294 4
      vertex -14.718 16.2181 4
    endloop
  endfacet
  facet normal -0 0 1
    outer loop
      vertex -14.9338 15.8443 4
      vertex -10.5495 12.0294 4
      vertex -14.8198 16.0277 4
    endloop
  endfacet
  facet normal -0 0 1
    outer loop
      vertex -15.0596 15.6688 4
      vertex -10.5495 12.0294 4
      vertex -14.9338 15.8443 4
    endloop
  endfacet
  facet normal 0 0 1
    outer loop
      vertex -10.5495 12.0294 4
      vertex -15.0596 15.6688 4
      vertex -11.3137 11.3137 4
    endloop
  endfacet
  facet normal -0 0 1
    outer loop
      vertex -15.1966 15.5018 4
      vertex -11.3137 11.3137 4
      vertex -15.0596 15.6688 4
    endloop
  endfacet
  facet normal -0 0 1
    outer loop
      vertex -15.3442 15.3442 4
      vertex -11.3137 11.3137 4
      vertex -15.1966 15.5018 4
    endloop
  endfacet
  facet normal -0 0 1
    outer loop
      vertex -15.5018 15.1966 4
      vertex -11.3137 11.3137 4
      vertex -15.3442 15.3442 4
    endloop
  endfacet
  facet normal 0 0 1
    outer loop
      vertex -11.3137 11.3137 4
      vertex -15.5018 15.1966 4
      vertex -12.0294 10.5495 4
    endloop
  endfacet
  facet normal -0 0 1
    outer loop
      vertex -15.6688 15.0596 4
      vertex -12.0294 10.5495 4
      vertex -15.5018 15.1966 4
    endloop
  endfacet
  facet normal -0 0 1
    outer loop
      vertex -15.8443 14.9338 4
      vertex -12.0294 10.5495 4
      vertex -15.6688 15.0596 4
    endloop
  endfacet
  facet normal -0 0 1
    outer loop
      vertex -16.0277 14.8198 4
      vertex -12.0294 10.5495 4
      vertex -15.8443 14.9338 4
    endloop
  endfacet
  facet normal 0 0 1
    outer loop
      vertex -12.0294 10.5495 4
      vertex -16.0277 14.8198 4
      vertex -12.6937 9.74018 4
    endloop
  endfacet
  facet normal -0 0 1
    outer loop
      vertex -16.2181 14.718 4
      vertex -12.6937 9.74018 4
      vertex -16.0277 14.8198 4
    endloop
  endfacet
  facet normal -0 0 1
    outer loop
      vertex -16.4148 14.6289 4
      vertex -12.6937 9.74018 4
      vertex -16.2181 14.718 4
    endloop
  endfacet
  facet normal -0 0 1
    outer loop
      vertex -16.6169 14.5528 4
      vertex -12.6937 9.74018 4
      vertex -16.4148 14.6289 4
    endloop
  endfacet
  facet normal 0 0 1
    outer loop
      vertex -12.6937 9.74018 4
      vertex -16.6169 14.5528 4
      vertex -13.3035 8.88912 4
    endloop
  endfacet
  facet normal -0 0 1
    outer loop
      vertex -16.8236 14.4901 4
      vertex -13.3035 8.88912 4
      vertex -16.6169 14.5528 4
    endloop
  endfacet
  facet normal -0 0 1
    outer loop
      vertex -17.0339 14.4411 4
      vertex -13.3035 8.88912 4
      vertex -16.8236 14.4901 4
    endloop
  endfacet
  facet normal -0 0 1
    outer loop
      vertex -17.2469 14.4059 4
      vertex -13.3035 8.88912 4
      vertex -17.0339 14.4411 4
    endloop
  endfacet
  facet normal 0 0 1
    outer loop
      vertex -13.3035 8.88912 4
      vertex -17.2469 14.4059 4
      vertex -13.8564 8 4
    endloop
  endfacet
  facet normal -0 0 1
    outer loop
      vertex -17.4618 14.3847 4
      vertex -13.8564 8 4
      vertex -17.2469 14.4059 4
    endloop
  endfacet
  facet normal -0 0 1
    outer loop
      vertex -17.6777 14.3777 4
      vertex -13.8564 8 4
      vertex -17.4618 14.3847 4
    endloop
  endfacet
  facet normal 0 0 1
    outer loop
      vertex 9.96462 -29.3548 4
      vertex 3.29293 -24.7842 4
      vertex 3.3 -25 4
    endloop
  endfacet
  facet normal 0 0 1
    outer loop
      vertex 5.14303 -15.1509 4
      vertex 3.27177 -24.5693 4
      vertex 3.29293 -24.7842 4
    endloop
  endfacet
  facet normal 0 0 1
    outer loop
      vertex 5.14303 -15.1509 4
      vertex 3.23659 -24.3562 4
      vertex 3.27177 -24.5693 4
    endloop
  endfacet
  facet normal 0 0 1
    outer loop
      vertex 5.14303 -15.1509 4
      vertex 3.18755 -24.1459 4
      vertex 3.23659 -24.3562 4
    endloop
  endfacet
  facet normal 0 0 1
    outer loop
      vertex 5.14303 -15.1509 4
      vertex 3.12487 -23.9392 4
      vertex 3.18755 -24.1459 4
    endloop
  endfacet
  facet normal 0 0 1
    outer loop
      vertex 2.00891 -22.3819 4
      vertex 4.1411 -15.4548 4
      vertex 3.12144 -15.6926 4
    endloop
  endfacet
  facet normal 0 0 1
    outer loop
      vertex 5.14303 -15.1509 4
      vertex 3.0488 -23.7371 4
      vertex 3.12487 -23.9392 4
    endloop
  endfacet
  facet normal 0 0 1
    outer loop
      vertex 5.14303 -15.1509 4
      vertex 2.95968 -23.5404 4
      vertex 3.0488 -23.7371 4
    endloop
  endfacet
  facet normal 0 0 1
    outer loop
      vertex 5.14303 -15.1509 4
      vertex 2.85788 -23.35 4
      vertex 2.95968 -23.5404 4
    endloop
  endfacet
  facet normal 0 0 1
    outer loop
      vertex 5.14303 -15.1509 4
      vertex 2.74385 -23.1666 4
      vertex 2.85788 -23.35 4
    endloop
  endfacet
  facet normal 0 0 1
    outer loop
      vertex 5.14303 -15.1509 4
      vertex 2.61807 -22.9911 4
      vertex 2.74385 -23.1666 4
    endloop
  endfacet
  facet normal 0 0 1
    outer loop
      vertex 5.14303 -15.1509 4
      vertex 2.48107 -22.8242 4
      vertex 2.61807 -22.9911 4
    endloop
  endfacet
  facet normal 0 0 1
    outer loop
      vertex 4.1411 -15.4548 4
      vertex 2.33345 -22.6665 4
      vertex 2.48107 -22.8242 4
    endloop
  endfacet
  facet normal 0 0 1
    outer loop
      vertex 4.1411 -15.4548 4
      vertex 2.17584 -22.5189 4
      vertex 2.33345 -22.6665 4
    endloop
  endfacet
  facet normal 0 0 1
    outer loop
      vertex 1.65 -22.1421 4
      vertex 3.12144 -15.6926 4
      vertex 2.08842 -15.8631 4
    endloop
  endfacet
  facet normal 0 0 1
    outer loop
      vertex 4.1411 -15.4548 4
      vertex 2.00891 -22.3819 4
      vertex 2.17584 -22.5189 4
    endloop
  endfacet
  facet normal 0 0 1
    outer loop
      vertex 3.12144 -15.6926 4
      vertex 1.83338 -22.2561 4
      vertex 2.00891 -22.3819 4
    endloop
  endfacet
  facet normal 0 0 1
    outer loop
      vertex 3.12144 -15.6926 4
      vertex 1.65 -22.1421 4
      vertex 1.83338 -22.2561 4
    endloop
  endfacet
  facet normal 0 0 1
    outer loop
      vertex 2.08842 -15.8631 4
      vertex 1.45955 -22.0403 4
      vertex 1.65 -22.1421 4
    endloop
  endfacet
  facet normal 0 0 1
    outer loop
      vertex 2.08842 -15.8631 4
      vertex 1.26285 -21.9512 4
      vertex 1.45955 -22.0403 4
    endloop
  endfacet
  facet normal 0 0 1
    outer loop
      vertex 2.08842 -15.8631 4
      vertex 1.06075 -21.8751 4
      vertex 1.26285 -21.9512 4
    endloop
  endfacet
  facet normal -0 0 1
    outer loop
      vertex 1.04645 -15.9657 4
      vertex 1.06075 -21.8751 4
      vertex 2.08842 -15.8631 4
    endloop
  endfacet
  facet normal 0 0 1
    outer loop
      vertex 1.04645 -15.9657 4
      vertex 0.854102 -21.8124 4
      vertex 1.06075 -21.8751 4
    endloop
  endfacet
  facet normal 0 0 1
    outer loop
      vertex 1.04645 -15.9657 4
      vertex 0.643798 -21.7634 4
      vertex 0.854102 -21.8124 4
    endloop
  endfacet
  facet normal 0 0 1
    outer loop
      vertex 1.04645 -15.9657 4
      vertex 0.430736 -21.7282 4
      vertex 0.643798 -21.7634 4
    endloop
  endfacet
  facet normal 0 0 1
    outer loop
      vertex 1.04645 -15.9657 4
      vertex 0.21583 -21.7071 4
      vertex 0.430736 -21.7282 4
    endloop
  endfacet
  facet normal -0 0 1
    outer loop
      vertex 0 -16 4
      vertex 0.21583 -21.7071 4
      vertex 1.04645 -15.9657 4
    endloop
  endfacet
  facet normal 0 0 1
    outer loop
      vertex 0 -16 4
      vertex 0 -21.7 4
      vertex 0.21583 -21.7071 4
    endloop
  endfacet
  facet normal 0 0 1
    outer loop
      vertex 0 -16 4
      vertex -0.21583 -21.7071 4
      vertex 0 -21.7 4
    endloop
  endfacet
  facet normal 0 0 1
    outer loop
      vertex 0 -16 4
      vertex -0.430736 -21.7282 4
      vertex -0.21583 -21.7071 4
    endloop
  endfacet
  facet normal 0 0 1
    outer loop
      vertex -1.04645 -15.9657 4
      vertex -0.430736 -21.7282 4
      vertex 0 -16 4
    endloop
  endfacet
  facet normal 0 0 1
    outer loop
      vertex -0.430736 -21.7282 4
      vertex -1.04645 -15.9657 4
      vertex -0.643798 -21.7634 4
    endloop
  endfacet
  facet normal 0 0 1
    outer loop
      vertex -0.643798 -21.7634 4
      vertex -1.04645 -15.9657 4
      vertex -0.854102 -21.8124 4
    endloop
  endfacet
  facet normal 0 0 1
    outer loop
      vertex -1.04645 -15.9657 4
      vertex -1.06075 -21.8751 4
      vertex -0.854102 -21.8124 4
    endloop
  endfacet
  facet normal 0 0 1
    outer loop
      vertex -2.08842 -15.8631 4
      vertex -1.06075 -21.8751 4
      vertex -1.04645 -15.9657 4
    endloop
  endfacet
  facet normal 0 0 1
    outer loop
      vertex -1.06075 -21.8751 4
      vertex -2.08842 -15.8631 4
      vertex -1.26285 -21.9512 4
    endloop
  endfacet
  facet normal 0 0 1
    outer loop
      vertex -1.26285 -21.9512 4
      vertex -2.08842 -15.8631 4
      vertex -1.45955 -22.0403 4
    endloop
  endfacet
  facet normal 0 0 1
    outer loop
      vertex -1.45955 -22.0403 4
      vertex -2.08842 -15.8631 4
      vertex -1.65 -22.1421 4
    endloop
  endfacet
  facet normal 0 0 1
    outer loop
      vertex -3.12144 -15.6926 4
      vertex -1.65 -22.1421 4
      vertex -2.08842 -15.8631 4
    endloop
  endfacet
  facet normal 0 0 1
    outer loop
      vertex -1.65 -22.1421 4
      vertex -3.12144 -15.6926 4
      vertex -1.83338 -22.2561 4
    endloop
  endfacet
  facet normal 0 0 1
    outer loop
      vertex -1.83338 -22.2561 4
      vertex -3.12144 -15.6926 4
      vertex -2.00891 -22.3819 4
    endloop
  endfacet
  facet normal 0 0 1
    outer loop
      vertex -4.1411 -15.4548 4
      vertex -2.00891 -22.3819 4
      vertex -3.12144 -15.6926 4
    endloop
  endfacet
  facet normal 0 0 1
    outer loop
      vertex -2.00891 -22.3819 4
      vertex -4.1411 -15.4548 4
      vertex -2.17584 -22.5189 4
    endloop
  endfacet
  facet normal 0 0 1
    outer loop
      vertex -2.17584 -22.5189 4
      vertex -4.1411 -15.4548 4
      vertex -2.33345 -22.6665 4
    endloop
  endfacet
  facet normal 0 0 1
    outer loop
      vertex -2.33345 -22.6665 4
      vertex -4.1411 -15.4548 4
      vertex -2.48107 -22.8242 4
    endloop
  endfacet
  facet normal 0 0 1
    outer loop
      vertex -5.14303 -15.1509 4
      vertex -2.48107 -22.8242 4
      vertex -4.1411 -15.4548 4
    endloop
  endfacet
  facet normal 0 0 1
    outer loop
      vertex -2.48107 -22.8242 4
      vertex -5.14303 -15.1509 4
      vertex -2.61807 -22.9911 4
    endloop
  endfacet
  facet normal 0 0 1
    outer loop
      vertex -2.61807 -22.9911 4
      vertex -5.14303 -15.1509 4
      vertex -2.74385 -23.1666 4
    endloop
  endfacet
  facet normal 0 0 1
    outer loop
      vertex -2.74385 -23.1666 4
      vertex -5.14303 -15.1509 4
      vertex -2.85788 -23.35 4
    endloop
  endfacet
  facet normal 0 0 1
    outer loop
      vertex -6.12293 -14.7821 4
      vertex -2.85788 -23.35 4
      vertex -5.14303 -15.1509 4
    endloop
  endfacet
  facet normal 0 0 1
    outer loop
      vertex -2.85788 -23.35 4
      vertex -6.12293 -14.7821 4
      vertex -2.95968 -23.5404 4
    endloop
  endfacet
  facet normal -0 0 1
    outer loop
      vertex -14.5528 -18.7384 4
      vertex -2.95968 -23.5404 4
      vertex -6.12293 -14.7821 4
    endloop
  endfacet
  facet normal 0 0 1
    outer loop
      vertex -2.95968 -23.5404 4
      vertex -14.5528 -18.7384 4
      vertex -3.0488 -23.7371 4
    endloop
  endfacet
  facet normal -0 0 1
    outer loop
      vertex -14.6289 -18.9405 4
      vertex -3.0488 -23.7371 4
      vertex -14.5528 -18.7384 4
    endloop
  endfacet
  facet normal 0 0 1
    outer loop
      vertex -3.0488 -23.7371 4
      vertex -14.6289 -18.9405 4
      vertex -3.12487 -23.9392 4
    endloop
  endfacet
  facet normal 0 0 1
    outer loop
      vertex -6.0478 -30.4043 4
      vertex -3.27177 -24.5693 4
      vertex -3.23659 -24.3562 4
    endloop
  endfacet
  facet normal 0 0 1
    outer loop
      vertex -6 30.4122 4
      vertex 6 30.4122 4
      vertex 6 55 4
    endloop
  endfacet
  facet normal 0 -0 1
    outer loop
      vertex 3.29293 25.2158 4
      vertex 6 30.4122 4
      vertex 3.27177 25.4307 4
    endloop
  endfacet
  facet normal 0 0 1
    outer loop
      vertex 3.29293 24.7842 4
      vertex 6 30.4122 4
      vertex 3.3 25 4
    endloop
  endfacet
  facet normal 0 0 1
    outer loop
      vertex 3.27177 24.5693 4
      vertex 6 30.4122 4
      vertex 3.29293 24.7842 4
    endloop
  endfacet
  facet normal 0 -0 1
    outer loop
      vertex 3.3 25 4
      vertex 6 30.4122 4
      vertex 3.29293 25.2158 4
    endloop
  endfacet
  facet normal 0 0 1
    outer loop
      vertex 6 30.4122 4
      vertex 3.23659 25.6438 4
      vertex 3.27177 25.4307 4
    endloop
  endfacet
  facet normal 0 0 1
    outer loop
      vertex 6 30.4122 4
      vertex 3.18755 25.8541 4
      vertex 3.23659 25.6438 4
    endloop
  endfacet
  facet normal 0 0 1
    outer loop
      vertex 6 30.4122 4
      vertex 3.12487 26.0607 4
      vertex 3.18755 25.8541 4
    endloop
  endfacet
  facet normal 0 0 1
    outer loop
      vertex 6 30.4122 4
      vertex 3.0488 26.2629 4
      vertex 3.12487 26.0607 4
    endloop
  endfacet
  facet normal 0 0 1
    outer loop
      vertex 6 30.4122 4
      vertex 2.95968 26.4596 4
      vertex 3.0488 26.2629 4
    endloop
  endfacet
  facet normal 0 0 1
    outer loop
      vertex 6 30.4122 4
      vertex 2.85788 26.65 4
      vertex 2.95968 26.4596 4
    endloop
  endfacet
  facet normal 0 0 1
    outer loop
      vertex 6 30.4122 4
      vertex 2.74385 26.8334 4
      vertex 2.85788 26.65 4
    endloop
  endfacet
  facet normal 0 0 1
    outer loop
      vertex 6 30.4122 4
      vertex 2.61807 27.0089 4
      vertex 2.74385 26.8334 4
    endloop
  endfacet
  facet normal 0 0 1
    outer loop
      vertex 6 30.4122 4
      vertex 2.48107 27.1758 4
      vertex 2.61807 27.0089 4
    endloop
  endfacet
  facet normal 0 0 1
    outer loop
      vertex 6 30.4122 4
      vertex 2.33345 27.3335 4
      vertex 2.48107 27.1758 4
    endloop
  endfacet
  facet normal 0 0 1
    outer loop
      vertex 6 30.4122 4
      vertex 2.17584 27.4811 4
      vertex 2.33345 27.3335 4
    endloop
  endfacet
  facet normal 0 0 1
    outer loop
      vertex 6 30.4122 4
      vertex 2.00891 27.6181 4
      vertex 2.17584 27.4811 4
    endloop
  endfacet
  facet normal 0 0 1
    outer loop
      vertex 6 30.4122 4
      vertex 1.83338 27.7438 4
      vertex 2.00891 27.6181 4
    endloop
  endfacet
  facet normal 0 0 1
    outer loop
      vertex 6 30.4122 4
      vertex 1.65 27.8579 4
      vertex 1.83338 27.7438 4
    endloop
  endfacet
  facet normal 0 0 1
    outer loop
      vertex 6 30.4122 4
      vertex 1.45955 27.9597 4
      vertex 1.65 27.8579 4
    endloop
  endfacet
  facet normal 0 0 1
    outer loop
      vertex 6 30.4122 4
      vertex 1.26285 28.0488 4
      vertex 1.45955 27.9597 4
    endloop
  endfacet
  facet normal 0 0 1
    outer loop
      vertex 6 30.4122 4
      vertex 1.06075 28.1249 4
      vertex 1.26285 28.0488 4
    endloop
  endfacet
  facet normal 0 0 1
    outer loop
      vertex 6 30.4122 4
      vertex 0.854102 28.1876 4
      vertex 1.06075 28.1249 4
    endloop
  endfacet
  facet normal 0 0 1
    outer loop
      vertex 6 30.4122 4
      vertex 0.643798 28.2366 4
      vertex 0.854102 28.1876 4
    endloop
  endfacet
  facet normal 0 0 1
    outer loop
      vertex 6 30.4122 4
      vertex 0.430736 28.2718 4
      vertex 0.643798 28.2366 4
    endloop
  endfacet
  facet normal 0 0 1
    outer loop
      vertex 6 30.4122 4
      vertex 0.21583 28.2929 4
      vertex 0.430736 28.2718 4
    endloop
  endfacet
  facet normal 0 -0 1
    outer loop
      vertex 0 28.3 4
      vertex 6 30.4122 4
      vertex -6 30.4122 4
    endloop
  endfacet
  facet normal 0 0 1
    outer loop
      vertex 6 30.4122 4
      vertex 0 28.3 4
      vertex 0.21583 28.2929 4
    endloop
  endfacet
  facet normal 0 0 1
    outer loop
      vertex 0 28.3 4
      vertex -6 30.4122 4
      vertex -0.21583 28.2929 4
    endloop
  endfacet
  facet normal 0 0 1
    outer loop
      vertex -0.21583 28.2929 4
      vertex -6 30.4122 4
      vertex -0.430736 28.2718 4
    endloop
  endfacet
  facet normal 0 0 1
    outer loop
      vertex -0.430736 28.2718 4
      vertex -6 30.4122 4
      vertex -0.643798 28.2366 4
    endloop
  endfacet
  facet normal 0 0 1
    outer loop
      vertex -0.643798 28.2366 4
      vertex -6 30.4122 4
      vertex -0.854102 28.1876 4
    endloop
  endfacet
  facet normal 0 0 1
    outer loop
      vertex -0.854102 28.1876 4
      vertex -6 30.4122 4
      vertex -1.06075 28.1249 4
    endloop
  endfacet
  facet normal 0 0 1
    outer loop
      vertex -1.06075 28.1249 4
      vertex -6 30.4122 4
      vertex -1.26285 28.0488 4
    endloop
  endfacet
  facet normal 0 0 1
    outer loop
      vertex -1.26285 28.0488 4
      vertex -6 30.4122 4
      vertex -1.45955 27.9597 4
    endloop
  endfacet
  facet normal 0 0 1
    outer loop
      vertex -1.45955 27.9597 4
      vertex -6 30.4122 4
      vertex -1.65 27.8579 4
    endloop
  endfacet
  facet normal 0 0 1
    outer loop
      vertex -1.65 27.8579 4
      vertex -6 30.4122 4
      vertex -1.83338 27.7438 4
    endloop
  endfacet
  facet normal 0 0 1
    outer loop
      vertex -1.83338 27.7438 4
      vertex -6 30.4122 4
      vertex -2.00891 27.6181 4
    endloop
  endfacet
  facet normal 0 0 1
    outer loop
      vertex -2.00891 27.6181 4
      vertex -6 30.4122 4
      vertex -2.17584 27.4811 4
    endloop
  endfacet
  facet normal 0 0 1
    outer loop
      vertex -2.17584 27.4811 4
      vertex -6 30.4122 4
      vertex -2.33345 27.3335 4
    endloop
  endfacet
  facet normal 0 0 1
    outer loop
      vertex -2.33345 27.3335 4
      vertex -6 30.4122 4
      vertex -2.48107 27.1758 4
    endloop
  endfacet
  facet normal 0 0 1
    outer loop
      vertex -2.48107 27.1758 4
      vertex -6 30.4122 4
      vertex -2.61807 27.0089 4
    endloop
  endfacet
  facet normal 0 0 1
    outer loop
      vertex -2.61807 27.0089 4
      vertex -6 30.4122 4
      vertex -2.74385 26.8334 4
    endloop
  endfacet
  facet normal 0 0 1
    outer loop
      vertex -2.74385 26.8334 4
      vertex -6 30.4122 4
      vertex -2.85788 26.65 4
    endloop
  endfacet
  facet normal 0 0 1
    outer loop
      vertex -2.85788 26.65 4
      vertex -6 30.4122 4
      vertex -2.95968 26.4596 4
    endloop
  endfacet
  facet normal -0 0 1
    outer loop
      vertex -6.0478 30.4043 4
      vertex -2.95968 26.4596 4
      vertex -6 30.4122 4
    endloop
  endfacet
  facet normal 0 0 1
    outer loop
      vertex -9.96462 29.3548 4
      vertex -3.3 25 4
      vertex -3.29293 25.2158 4
    endloop
  endfacet
  facet normal 0 0 1
    outer loop
      vertex -3.3 25 4
      vertex -5.14303 15.1509 4
      vertex -4.1411 15.4548 4
    endloop
  endfacet
  facet normal 0 0 1
    outer loop
      vertex -8.02339 29.9437 4
      vertex -3.29293 25.2158 4
      vertex -3.27177 25.4307 4
    endloop
  endfacet
  facet normal 0 0 1
    outer loop
      vertex -8.02339 29.9437 4
      vertex -3.27177 25.4307 4
      vertex -3.23659 25.6438 4
    endloop
  endfacet
  facet normal 0 0 1
    outer loop
      vertex -6 30.4122 4
      vertex 6 55 4
      vertex -6 55 4
    endloop
  endfacet
  facet normal 0 0 1
    outer loop
      vertex -2.95968 26.4596 4
      vertex -6.0478 30.4043 4
      vertex -3.0488 26.2629 4
    endloop
  endfacet
  facet normal 0 0 1
    outer loop
      vertex -3.0488 26.2629 4
      vertex -6.0478 30.4043 4
      vertex -3.12487 26.0607 4
    endloop
  endfacet
  facet normal -0 0 1
    outer loop
      vertex -8.02339 29.9437 4
      vertex -3.12487 26.0607 4
      vertex -6.0478 30.4043 4
    endloop
  endfacet
  facet normal 0 0 1
    outer loop
      vertex -3.12487 26.0607 4
      vertex -8.02339 29.9437 4
      vertex -3.18755 25.8541 4
    endloop
  endfacet
  facet normal 0 0 1
    outer loop
      vertex -3.18755 25.8541 4
      vertex -8.02339 29.9437 4
      vertex -3.23659 25.6438 4
    endloop
  endfacet
  facet normal 0 0 1
    outer loop
      vertex -3.29293 25.2158 4
      vertex -8.02339 29.9437 4
      vertex -9.96462 29.3548 4
    endloop
  endfacet
  facet normal 0 0 1
    outer loop
      vertex -3.3 25 4
      vertex -9.96462 29.3548 4
      vertex -11.8632 28.6403 4
    endloop
  endfacet
  facet normal 0 0 1
    outer loop
      vertex -3.3 25 4
      vertex -14.6289 18.9405 4
      vertex -14.5528 18.7384 4
    endloop
  endfacet
  facet normal 0 0 1
    outer loop
      vertex -3.3 25 4
      vertex -6.12293 14.7821 4
      vertex -5.14303 15.1509 4
    endloop
  endfacet
  facet normal 0 0 1
    outer loop
      vertex -3.3 25 4
      vertex -14.5528 18.7384 4
      vertex -6.12293 14.7821 4
    endloop
  endfacet
  facet normal -0 -0 1
    outer loop
      vertex -14.4411 18.3215 4
      vertex -7.07662 14.35 4
      vertex -14.4901 18.5318 4
    endloop
  endfacet
  facet normal -0 -0 1
    outer loop
      vertex -14.4901 18.5318 4
      vertex -6.12293 14.7821 4
      vertex -14.5528 18.7384 4
    endloop
  endfacet
  facet normal -0 -0 1
    outer loop
      vertex -14.3847 17.8935 4
      vertex -7.07662 14.35 4
      vertex -14.4059 18.1084 4
    endloop
  endfacet
  facet normal -0 -0 1
    outer loop
      vertex -14.3777 17.6777 4
      vertex -8 13.8564 4
      vertex -14.3847 17.8935 4
    endloop
  endfacet
  facet normal 0 0 1
    outer loop
      vertex -3.3 25 4
      vertex -11.8632 28.6403 4
      vertex -14.8198 19.3277 4
    endloop
  endfacet
  facet normal -0 0 1
    outer loop
      vertex -14.4059 17.2469 4
      vertex -8 13.8564 4
      vertex -14.3847 17.4618 4
    endloop
  endfacet
  facet normal -0 0 1
    outer loop
      vertex -14.4411 17.0339 4
      vertex -8.88912 13.3035 4
      vertex -14.4059 17.2469 4
    endloop
  endfacet
  facet normal 0 0 1
    outer loop
      vertex -8.88912 13.3035 4
      vertex -14.4901 16.8236 4
      vertex -9.74018 12.6937 4
    endloop
  endfacet
  facet normal 0 0 1
    outer loop
      vertex -15.0596 19.6866 4
      vertex -11.8632 28.6403 4
      vertex -13.7109 27.8031 4
    endloop
  endfacet
  facet normal -0 0 1
    outer loop
      vertex -14.5528 16.6169 4
      vertex -9.74018 12.6937 4
      vertex -14.4901 16.8236 4
    endloop
  endfacet
  facet normal -0 0 1
    outer loop
      vertex -14.6289 16.4148 4
      vertex -9.74018 12.6937 4
      vertex -14.5528 16.6169 4
    endloop
  endfacet
  facet normal -0 0 1
    outer loop
      vertex -14.718 16.2181 4
      vertex -9.74018 12.6937 4
      vertex -14.6289 16.4148 4
    endloop
  endfacet
  facet normal -0 0 1
    outer loop
      vertex -14.4901 16.8236 4
      vertex -8.88912 13.3035 4
      vertex -14.4411 17.0339 4
    endloop
  endfacet
  facet normal 0 0 1
    outer loop
      vertex -8 13.8564 4
      vertex -14.4059 17.2469 4
      vertex -8.88912 13.3035 4
    endloop
  endfacet
  facet normal -0 0 1
    outer loop
      vertex -14.3847 17.4618 4
      vertex -8 13.8564 4
      vertex -14.3777 17.6777 4
    endloop
  endfacet
  facet normal 0 0 1
    outer loop
      vertex -7.07662 14.35 4
      vertex -14.3847 17.8935 4
      vertex -8 13.8564 4
    endloop
  endfacet
  facet normal -0 -0 1
    outer loop
      vertex -14.4059 18.1084 4
      vertex -7.07662 14.35 4
      vertex -14.4411 18.3215 4
    endloop
  endfacet
  facet normal 0 0 1
    outer loop
      vertex -6.12293 14.7821 4
      vertex -14.4901 18.5318 4
      vertex -7.07662 14.35 4
    endloop
  endfacet
  facet normal 0 0 1
    outer loop
      vertex -3.3 25 4
      vertex -14.718 19.1372 4
      vertex -14.6289 18.9405 4
    endloop
  endfacet
  facet normal 0 0 1
    outer loop
      vertex -3.3 25 4
      vertex -14.8198 19.3277 4
      vertex -14.718 19.1372 4
    endloop
  endfacet
  facet normal 0 0 1
    outer loop
      vertex -11.8632 28.6403 4
      vertex -14.9338 19.5111 4
      vertex -14.8198 19.3277 4
    endloop
  endfacet
  facet normal 0 0 1
    outer loop
      vertex -11.8632 28.6403 4
      vertex -15.0596 19.6866 4
      vertex -14.9338 19.5111 4
    endloop
  endfacet
  facet normal 0 0 1
    outer loop
      vertex -13.7109 27.8031 4
      vertex -15.1966 19.8535 4
      vertex -15.0596 19.6866 4
    endloop
  endfacet
  facet normal 0 0 1
    outer loop
      vertex -13.7109 27.8031 4
      vertex -15.3442 20.0111 4
      vertex -15.1966 19.8535 4
    endloop
  endfacet
  facet normal 0 0 1
    outer loop
      vertex -15.5018 20.1587 4
      vertex -13.7109 27.8031 4
      vertex -15.5 26.8468 4
    endloop
  endfacet
  facet normal 0 0 1
    outer loop
      vertex -13.7109 27.8031 4
      vertex -15.5018 20.1587 4
      vertex -15.3442 20.0111 4
    endloop
  endfacet
  facet normal 0 0 1
    outer loop
      vertex -15.5 26.8468 4
      vertex -15.6688 20.2957 4
      vertex -15.5018 20.1587 4
    endloop
  endfacet
  facet normal 0 0 1
    outer loop
      vertex -15.5 26.8468 4
      vertex -15.8443 20.4215 4
      vertex -15.6688 20.2957 4
    endloop
  endfacet
  facet normal 0 0 1
    outer loop
      vertex -15.5 26.8468 4
      vertex -16.0277 20.5356 4
      vertex -15.8443 20.4215 4
    endloop
  endfacet
  facet normal 0 0 1
    outer loop
      vertex -15.5 26.8468 4
      vertex -16.2181 20.6373 4
      vertex -16.0277 20.5356 4
    endloop
  endfacet
  facet normal -0 0 1
    outer loop
      vertex -17.2227 25.7756 4
      vertex -16.2181 20.6373 4
      vertex -15.5 26.8468 4
    endloop
  endfacet
  facet normal 0 0 1
    outer loop
      vertex -16.2181 20.6373 4
      vertex -17.2227 25.7756 4
      vertex -16.4148 20.7265 4
    endloop
  endfacet
  facet normal 0 0 1
    outer loop
      vertex -16.4148 20.7265 4
      vertex -17.2227 25.7756 4
      vertex -16.6169 20.8025 4
    endloop
  endfacet
  facet normal 0 0 1
    outer loop
      vertex -16.6169 20.8025 4
      vertex -17.2227 25.7756 4
      vertex -16.8236 20.8652 4
    endloop
  endfacet
  facet normal 0 0 1
    outer loop
      vertex -16.8236 20.8652 4
      vertex -17.2227 25.7756 4
      vertex -17.0339 20.9143 4
    endloop
  endfacet
  facet normal 0 0 1
    outer loop
      vertex -17.2227 25.7756 4
      vertex -17.2469 20.9494 4
      vertex -17.0339 20.9143 4
    endloop
  endfacet
  facet normal -0 0 1
    outer loop
      vertex -18.8716 24.594 4
      vertex -17.2469 20.9494 4
      vertex -17.2227 25.7756 4
    endloop
  endfacet
  facet normal 0 0 1
    outer loop
      vertex -17.2469 20.9494 4
      vertex -18.8716 24.594 4
      vertex -17.4618 20.9706 4
    endloop
  endfacet
  facet normal 0 0 1
    outer loop
      vertex -17.4618 20.9706 4
      vertex -18.8716 24.594 4
      vertex -17.6777 20.9777 4
    endloop
  endfacet
  facet normal 0 0 1
    outer loop
      vertex -17.6777 20.9777 4
      vertex -18.8716 24.594 4
      vertex -17.8935 20.9706 4
    endloop
  endfacet
  facet normal 0 0 1
    outer loop
      vertex -17.8935 20.9706 4
      vertex -18.8716 24.594 4
      vertex -18.1084 20.9494 4
    endloop
  endfacet
  facet normal 0 0 1
    outer loop
      vertex -18.1084 20.9494 4
      vertex -18.8716 24.594 4
      vertex -18.3215 20.9143 4
    endloop
  endfacet
  facet normal -0 0 1
    outer loop
      vertex -20.4397 23.307 4
      vertex -18.3215 20.9143 4
      vertex -18.8716 24.594 4
    endloop
  endfacet
  facet normal 0 0 1
    outer loop
      vertex -18.3215 20.9143 4
      vertex -20.4397 23.307 4
      vertex -18.5318 20.8652 4
    endloop
  endfacet
  facet normal 0 0 1
    outer loop
      vertex -18.5318 20.8652 4
      vertex -20.4397 23.307 4
      vertex -18.7384 20.8025 4
    endloop
  endfacet
  facet normal 0 0 1
    outer loop
      vertex -18.7384 20.8025 4
      vertex -20.4397 23.307 4
      vertex -18.9405 20.7265 4
    endloop
  endfacet
  facet normal 0 0 1
    outer loop
      vertex -18.9405 20.7265 4
      vertex -20.4397 23.307 4
      vertex -19.1372 20.6373 4
    endloop
  endfacet
  facet normal 0 0 1
    outer loop
      vertex -19.1372 20.6373 4
      vertex -20.4397 23.307 4
      vertex -19.3277 20.5356 4
    endloop
  endfacet
  facet normal 0 0 1
    outer loop
      vertex -19.3277 20.5356 4
      vertex -20.4397 23.307 4
      vertex -19.5111 20.4215 4
    endloop
  endfacet
  facet normal -0 0 1
    outer loop
      vertex -21.9203 21.9203 4
      vertex -19.5111 20.4215 4
      vertex -20.4397 23.307 4
    endloop
  endfacet
  facet normal 0 0 1
    outer loop
      vertex -19.5111 20.4215 4
      vertex -21.9203 21.9203 4
      vertex -19.6866 20.2957 4
    endloop
  endfacet
  facet normal 0 0 1
    outer loop
      vertex -19.6866 20.2957 4
      vertex -21.9203 21.9203 4
      vertex -19.8535 20.1587 4
    endloop
  endfacet
  facet normal 0 0 1
    outer loop
      vertex -19.8535 20.1587 4
      vertex -21.9203 21.9203 4
      vertex -20.0111 20.0111 4
    endloop
  endfacet
  facet normal 0 0 1
    outer loop
      vertex -20.0111 20.0111 4
      vertex -21.9203 21.9203 4
      vertex -20.1587 19.8535 4
    endloop
  endfacet
  facet normal 0 0 1
    outer loop
      vertex -20.1587 19.8535 4
      vertex -21.9203 21.9203 4
      vertex -20.2957 19.6866 4
    endloop
  endfacet
  facet normal 0 0 1
    outer loop
      vertex -20.2957 19.6866 4
      vertex -21.9203 21.9203 4
      vertex -20.4215 19.5111 4
    endloop
  endfacet
  facet normal -0 0 1
    outer loop
      vertex -23.307 20.4397 4
      vertex -20.4215 19.5111 4
      vertex -21.9203 21.9203 4
    endloop
  endfacet
  facet normal 0 0 1
    outer loop
      vertex -20.4215 19.5111 4
      vertex -23.307 20.4397 4
      vertex -20.5356 19.3277 4
    endloop
  endfacet
  facet normal 0 0 1
    outer loop
      vertex -20.5356 19.3277 4
      vertex -23.307 20.4397 4
      vertex -20.6373 19.1372 4
    endloop
  endfacet
  facet normal 0 0 1
    outer loop
      vertex -20.6373 19.1372 4
      vertex -23.307 20.4397 4
      vertex -20.7265 18.9405 4
    endloop
  endfacet
  facet normal 0 0 1
    outer loop
      vertex -20.7265 18.9405 4
      vertex -23.307 20.4397 4
      vertex -20.8025 18.7384 4
    endloop
  endfacet
  facet normal 0 0 1
    outer loop
      vertex -20.8025 18.7384 4
      vertex -23.307 20.4397 4
      vertex -20.8652 18.5318 4
    endloop
  endfacet
  facet normal 0 0 1
    outer loop
      vertex -20.8652 18.5318 4
      vertex -23.307 20.4397 4
      vertex -20.9143 18.3215 4
    endloop
  endfacet
  facet normal -0 0 1
    outer loop
      vertex -23.7371 -3.0488 4
      vertex -18.9405 -14.6289 4
      vertex -23.5404 -2.95968 4
    endloop
  endfacet
  facet normal 0 0 1
    outer loop
      vertex -24.594 18.8716 4
      vertex -20.9777 17.6777 4
      vertex -20.9706 17.8935 4
    endloop
  endfacet
  facet normal 0 0 1
    outer loop
      vertex -16 0 4
      vertex -21.7071 0.21583 4
      vertex -21.7 0 4
    endloop
  endfacet
  facet normal 0 0 1
    outer loop
      vertex -16 0 4
      vertex -21.7282 0.430736 4
      vertex -21.7071 0.21583 4
    endloop
  endfacet
  facet normal 0 0 1
    outer loop
      vertex -15.9657 1.04645 4
      vertex -21.7282 0.430736 4
      vertex -16 0 4
    endloop
  endfacet
  facet normal 0 -0 1
    outer loop
      vertex -21.7282 0.430736 4
      vertex -15.9657 1.04645 4
      vertex -21.7634 0.643798 4
    endloop
  endfacet
  facet normal 0 -0 1
    outer loop
      vertex -21.7634 0.643798 4
      vertex -15.9657 1.04645 4
      vertex -21.8124 0.854102 4
    endloop
  endfacet
  facet normal -0 0 1
    outer loop
      vertex -24.594 18.8716 4
      vertex -20.9143 18.3215 4
      vertex -23.307 20.4397 4
    endloop
  endfacet
  facet normal 0 0 1
    outer loop
      vertex -20.9143 18.3215 4
      vertex -24.594 18.8716 4
      vertex -20.9494 18.1084 4
    endloop
  endfacet
  facet normal 0 -0 1
    outer loop
      vertex -21.8124 0.854102 4
      vertex -15.9657 1.04645 4
      vertex -21.8751 1.06075 4
    endloop
  endfacet
  facet normal 0 0 1
    outer loop
      vertex -15.8631 2.08842 4
      vertex -21.8751 1.06075 4
      vertex -15.9657 1.04645 4
    endloop
  endfacet
  facet normal 0 -0 1
    outer loop
      vertex -21.8751 1.06075 4
      vertex -15.8631 2.08842 4
      vertex -21.9512 1.26285 4
    endloop
  endfacet
  facet normal 0 -0 1
    outer loop
      vertex -21.9512 1.26285 4
      vertex -15.8631 2.08842 4
      vertex -22.0403 1.45955 4
    endloop
  endfacet
  facet normal 0 -0 1
    outer loop
      vertex -22.0403 1.45955 4
      vertex -15.8631 2.08842 4
      vertex -22.1421 1.65 4
    endloop
  endfacet
  facet normal 0 0 1
    outer loop
      vertex -15.6926 3.12144 4
      vertex -22.1421 1.65 4
      vertex -15.8631 2.08842 4
    endloop
  endfacet
  facet normal 0 -0 1
    outer loop
      vertex -22.2561 1.83338 4
      vertex -15.6926 3.12144 4
      vertex -22.3819 2.00891 4
    endloop
  endfacet
  facet normal 0 0 1
    outer loop
      vertex -20.9494 18.1084 4
      vertex -24.594 18.8716 4
      vertex -20.9706 17.8935 4
    endloop
  endfacet
  facet normal 0 0 1
    outer loop
      vertex -15.4548 4.1411 4
      vertex -22.3819 2.00891 4
      vertex -15.6926 3.12144 4
    endloop
  endfacet
  facet normal 0 0 1
    outer loop
      vertex -20.9494 17.2469 4
      vertex -24.594 18.8716 4
      vertex -25.7756 17.2227 4
    endloop
  endfacet
  facet normal 0 -0 1
    outer loop
      vertex -22.5189 2.17584 4
      vertex -15.4548 4.1411 4
      vertex -22.6665 2.33345 4
    endloop
  endfacet
  facet normal 0 0 1
    outer loop
      vertex -20.6373 16.2181 4
      vertex -25.7756 17.2227 4
      vertex -26.8468 15.5 4
    endloop
  endfacet
  facet normal 0 0 1
    outer loop
      vertex -15.1509 5.14303 4
      vertex -22.8242 2.48107 4
      vertex -15.4548 4.1411 4
    endloop
  endfacet
  facet normal 0 0 1
    outer loop
      vertex -20.1587 15.5018 4
      vertex -26.8468 15.5 4
      vertex -27.8031 13.7109 4
    endloop
  endfacet
  facet normal 0 -0 1
    outer loop
      vertex -22.9911 2.61807 4
      vertex -15.1509 5.14303 4
      vertex -23.1666 2.74385 4
    endloop
  endfacet
  facet normal 0 0 1
    outer loop
      vertex -14.7821 6.12293 4
      vertex -23.5404 2.95968 4
      vertex -23.35 2.85788 4
    endloop
  endfacet
  facet normal 0 0 1
    outer loop
      vertex -19.6866 15.0596 4
      vertex -27.8031 13.7109 4
      vertex -28.6403 11.8632 4
    endloop
  endfacet
  facet normal 0 0 1
    outer loop
      vertex -18.9405 14.6289 4
      vertex -23.7371 3.0488 4
      vertex -23.5404 2.95968 4
    endloop
  endfacet
  facet normal 0 0 1
    outer loop
      vertex -19.1372 14.718 4
      vertex -23.9392 3.12487 4
      vertex -23.7371 3.0488 4
    endloop
  endfacet
  facet normal 0 0 1
    outer loop
      vertex -19.3277 14.8198 4
      vertex -28.6403 11.8632 4
      vertex -24.1459 3.18755 4
    endloop
  endfacet
  facet normal 0 0 1
    outer loop
      vertex -19.3277 14.8198 4
      vertex -24.1459 3.18755 4
      vertex -23.9392 3.12487 4
    endloop
  endfacet
  facet normal 0 0 1
    outer loop
      vertex -24.1459 3.18755 4
      vertex -28.6403 11.8632 4
      vertex -24.3562 3.23659 4
    endloop
  endfacet
  facet normal 0 0 1
    outer loop
      vertex -24.3562 3.23659 4
      vertex -28.6403 11.8632 4
      vertex -24.5693 3.27177 4
    endloop
  endfacet
  facet normal -0 0 1
    outer loop
      vertex -29.3548 9.96462 4
      vertex -24.5693 3.27177 4
      vertex -28.6403 11.8632 4
    endloop
  endfacet
  facet normal 0 0 1
    outer loop
      vertex -24.5693 3.27177 4
      vertex -29.3548 9.96462 4
      vertex -24.7842 3.29293 4
    endloop
  endfacet
  facet normal 0 0 1
    outer loop
      vertex -24.7842 3.29293 4
      vertex -29.3548 9.96462 4
      vertex -25 3.3 4
    endloop
  endfacet
  facet normal 0 0 1
    outer loop
      vertex -25 3.3 4
      vertex -29.3548 9.96462 4
      vertex -25.2158 3.29293 4
    endloop
  endfacet
  facet normal -0 0 1
    outer loop
      vertex -29.9437 8.02339 4
      vertex -25.2158 3.29293 4
      vertex -29.3548 9.96462 4
    endloop
  endfacet
  facet normal 0 0 1
    outer loop
      vertex -25.2158 3.29293 4
      vertex -29.9437 8.02339 4
      vertex -25.4307 3.27177 4
    endloop
  endfacet
  facet normal 0 0 1
    outer loop
      vertex -25.4307 3.27177 4
      vertex -29.9437 8.02339 4
      vertex -25.6438 3.23659 4
    endloop
  endfacet
  facet normal 0 0 1
    outer loop
      vertex -25.6438 3.23659 4
      vertex -29.9437 8.02339 4
      vertex -25.8541 3.18755 4
    endloop
  endfacet
  facet normal 0 0 1
    outer loop
      vertex -25.8541 3.18755 4
      vertex -29.9437 8.02339 4
      vertex -26.0607 3.12487 4
    endloop
  endfacet
  facet normal -0 0 1
    outer loop
      vertex -30.4043 6.0478 4
      vertex -26.0607 3.12487 4
      vertex -29.9437 8.02339 4
    endloop
  endfacet
  facet normal 0 0 1
    outer loop
      vertex -26.0607 3.12487 4
      vertex -30.4043 6.0478 4
      vertex -26.2629 3.0488 4
    endloop
  endfacet
  facet normal 0 0 1
    outer loop
      vertex -26.2629 3.0488 4
      vertex -30.4043 6.0478 4
      vertex -26.4596 2.95968 4
    endloop
  endfacet
  facet normal -0 0 1
    outer loop
      vertex -30.4122 6 4
      vertex -26.4596 2.95968 4
      vertex -30.4043 6.0478 4
    endloop
  endfacet
  facet normal 0 0 1
    outer loop
      vertex -26.4596 2.95968 4
      vertex -30.4122 6 4
      vertex -26.65 2.85788 4
    endloop
  endfacet
  facet normal 0 0 1
    outer loop
      vertex -26.65 2.85788 4
      vertex -30.4122 6 4
      vertex -26.8334 2.74385 4
    endloop
  endfacet
  facet normal 0 0 1
    outer loop
      vertex -26.8334 2.74385 4
      vertex -30.4122 6 4
      vertex -27.0089 2.61807 4
    endloop
  endfacet
  facet normal 0 0 1
    outer loop
      vertex -27.0089 2.61807 4
      vertex -30.4122 6 4
      vertex -27.1758 2.48107 4
    endloop
  endfacet
  facet normal 0 0 1
    outer loop
      vertex -27.1758 2.48107 4
      vertex -30.4122 6 4
      vertex -27.3335 2.33345 4
    endloop
  endfacet
  facet normal 0 0 1
    outer loop
      vertex -27.3335 2.33345 4
      vertex -30.4122 6 4
      vertex -27.4811 2.17584 4
    endloop
  endfacet
  facet normal 0 0 1
    outer loop
      vertex -27.4811 2.17584 4
      vertex -30.4122 6 4
      vertex -27.6181 2.00891 4
    endloop
  endfacet
  facet normal 0 0 1
    outer loop
      vertex -27.6181 2.00891 4
      vertex -30.4122 6 4
      vertex -27.7438 1.83338 4
    endloop
  endfacet
  facet normal 0 0 1
    outer loop
      vertex -27.7438 1.83338 4
      vertex -30.4122 6 4
      vertex -27.8579 1.65 4
    endloop
  endfacet
  facet normal 0 0 1
    outer loop
      vertex -27.8579 1.65 4
      vertex -30.4122 6 4
      vertex -27.9597 1.45955 4
    endloop
  endfacet
  facet normal 0 0 1
    outer loop
      vertex -27.9597 1.45955 4
      vertex -30.4122 6 4
      vertex -28.0488 1.26285 4
    endloop
  endfacet
  facet normal 0 0 1
    outer loop
      vertex -28.1249 1.06075 4
      vertex -30.4122 6 4
      vertex -28.1876 0.854102 4
    endloop
  endfacet
  facet normal 0 0 1
    outer loop
      vertex -28.0488 1.26285 4
      vertex -30.4122 6 4
      vertex -28.1249 1.06075 4
    endloop
  endfacet
  facet normal 0 0 1
    outer loop
      vertex 3.23659 24.3562 4
      vertex 6 30.4122 4
      vertex 3.27177 24.5693 4
    endloop
  endfacet
  facet normal 0 0 1
    outer loop
      vertex 6 30.4122 4
      vertex 3.23659 24.3562 4
      vertex 5.14303 15.1509 4
    endloop
  endfacet
  facet normal -0 0 1
    outer loop
      vertex 3.18755 24.1459 4
      vertex 5.14303 15.1509 4
      vertex 3.23659 24.3562 4
    endloop
  endfacet
  facet normal -0 0 1
    outer loop
      vertex 3.12487 23.9392 4
      vertex 5.14303 15.1509 4
      vertex 3.18755 24.1459 4
    endloop
  endfacet
  facet normal -0 0 1
    outer loop
      vertex 3.0488 23.7371 4
      vertex 5.14303 15.1509 4
      vertex 3.12487 23.9392 4
    endloop
  endfacet
  facet normal -0 0 1
    outer loop
      vertex 2.95968 23.5404 4
      vertex 5.14303 15.1509 4
      vertex 3.0488 23.7371 4
    endloop
  endfacet
  facet normal -0 0 1
    outer loop
      vertex 2.85788 23.35 4
      vertex 5.14303 15.1509 4
      vertex 2.95968 23.5404 4
    endloop
  endfacet
  facet normal -0 0 1
    outer loop
      vertex 2.74385 23.1666 4
      vertex 5.14303 15.1509 4
      vertex 2.85788 23.35 4
    endloop
  endfacet
  facet normal -0 0 1
    outer loop
      vertex 2.61807 22.9911 4
      vertex 5.14303 15.1509 4
      vertex 2.74385 23.1666 4
    endloop
  endfacet
  facet normal -0 0 1
    outer loop
      vertex 2.48107 22.8242 4
      vertex 5.14303 15.1509 4
      vertex 2.61807 22.9911 4
    endloop
  endfacet
  facet normal 0 0 1
    outer loop
      vertex 5.14303 15.1509 4
      vertex 2.48107 22.8242 4
      vertex 4.1411 15.4548 4
    endloop
  endfacet
  facet normal -0 0 1
    outer loop
      vertex 2.33345 22.6665 4
      vertex 4.1411 15.4548 4
      vertex 2.48107 22.8242 4
    endloop
  endfacet
  facet normal -0 0 1
    outer loop
      vertex 2.17584 22.5189 4
      vertex 4.1411 15.4548 4
      vertex 2.33345 22.6665 4
    endloop
  endfacet
  facet normal -0 0 1
    outer loop
      vertex 2.00891 22.3819 4
      vertex 4.1411 15.4548 4
      vertex 2.17584 22.5189 4
    endloop
  endfacet
  facet normal 0 0 1
    outer loop
      vertex 4.1411 15.4548 4
      vertex 2.00891 22.3819 4
      vertex 3.12144 15.6926 4
    endloop
  endfacet
  facet normal -0 0 1
    outer loop
      vertex 1.83338 22.2561 4
      vertex 3.12144 15.6926 4
      vertex 2.00891 22.3819 4
    endloop
  endfacet
  facet normal -0 0 1
    outer loop
      vertex 1.65 22.1421 4
      vertex 3.12144 15.6926 4
      vertex 1.83338 22.2561 4
    endloop
  endfacet
  facet normal 0 0 1
    outer loop
      vertex 3.12144 15.6926 4
      vertex 1.65 22.1421 4
      vertex 2.08842 15.8631 4
    endloop
  endfacet
  facet normal -0 0 1
    outer loop
      vertex 1.45955 22.0403 4
      vertex 2.08842 15.8631 4
      vertex 1.65 22.1421 4
    endloop
  endfacet
  facet normal -0 0 1
    outer loop
      vertex 1.26285 21.9512 4
      vertex 2.08842 15.8631 4
      vertex 1.45955 22.0403 4
    endloop
  endfacet
  facet normal -0 0 1
    outer loop
      vertex 1.06075 21.8751 4
      vertex 2.08842 15.8631 4
      vertex 1.26285 21.9512 4
    endloop
  endfacet
  facet normal 0 0 1
    outer loop
      vertex 1.06075 21.8751 4
      vertex 1.04645 15.9657 4
      vertex 2.08842 15.8631 4
    endloop
  endfacet
  facet normal -0 0 1
    outer loop
      vertex 0.854102 21.8124 4
      vertex 1.04645 15.9657 4
      vertex 1.06075 21.8751 4
    endloop
  endfacet
  facet normal -0 0 1
    outer loop
      vertex 0.643798 21.7634 4
      vertex 1.04645 15.9657 4
      vertex 0.854102 21.8124 4
    endloop
  endfacet
  facet normal -0 0 1
    outer loop
      vertex 0.430736 21.7282 4
      vertex 1.04645 15.9657 4
      vertex 0.643798 21.7634 4
    endloop
  endfacet
  facet normal -0 0 1
    outer loop
      vertex 0.21583 21.7071 4
      vertex 1.04645 15.9657 4
      vertex 0.430736 21.7282 4
    endloop
  endfacet
  facet normal 0 0 1
    outer loop
      vertex 0 16 4
      vertex 0.21583 21.7071 4
      vertex 0 21.7 4
    endloop
  endfacet
  facet normal 0 0 1
    outer loop
      vertex 0.21583 21.7071 4
      vertex 0 16 4
      vertex 1.04645 15.9657 4
    endloop
  endfacet
  facet normal 0 0 1
    outer loop
      vertex -0.21583 21.7071 4
      vertex 0 16 4
      vertex 0 21.7 4
    endloop
  endfacet
  facet normal 0 0 1
    outer loop
      vertex -0.430736 21.7282 4
      vertex 0 16 4
      vertex -0.21583 21.7071 4
    endloop
  endfacet
  facet normal 0 0 1
    outer loop
      vertex -1.04645 15.9657 4
      vertex -0.430736 21.7282 4
      vertex -0.643798 21.7634 4
    endloop
  endfacet
  facet normal 0 0 1
    outer loop
      vertex -1.04645 15.9657 4
      vertex -0.643798 21.7634 4
      vertex -0.854102 21.8124 4
    endloop
  endfacet
  facet normal 0 0 1
    outer loop
      vertex -0.430736 21.7282 4
      vertex -1.04645 15.9657 4
      vertex 0 16 4
    endloop
  endfacet
  facet normal 0 0 1
    outer loop
      vertex -1.06075 21.8751 4
      vertex -1.04645 15.9657 4
      vertex -0.854102 21.8124 4
    endloop
  endfacet
  facet normal 0 0 1
    outer loop
      vertex -2.08842 15.8631 4
      vertex -1.06075 21.8751 4
      vertex -1.26285 21.9512 4
    endloop
  endfacet
  facet normal 0 0 1
    outer loop
      vertex -2.08842 15.8631 4
      vertex -1.26285 21.9512 4
      vertex -1.45955 22.0403 4
    endloop
  endfacet
  facet normal 0 0 1
    outer loop
      vertex -2.08842 15.8631 4
      vertex -1.45955 22.0403 4
      vertex -1.65 22.1421 4
    endloop
  endfacet
  facet normal 0 0 1
    outer loop
      vertex -3.12144 15.6926 4
      vertex -1.65 22.1421 4
      vertex -1.83338 22.2561 4
    endloop
  endfacet
  facet normal 0 0 1
    outer loop
      vertex -3.12144 15.6926 4
      vertex -1.83338 22.2561 4
      vertex -2.00891 22.3819 4
    endloop
  endfacet
  facet normal 0 0 1
    outer loop
      vertex -1.06075 21.8751 4
      vertex -2.08842 15.8631 4
      vertex -1.04645 15.9657 4
    endloop
  endfacet
  facet normal 0 0 1
    outer loop
      vertex -4.1411 15.4548 4
      vertex -2.00891 22.3819 4
      vertex -2.17584 22.5189 4
    endloop
  endfacet
  facet normal 0 0 1
    outer loop
      vertex -4.1411 15.4548 4
      vertex -2.17584 22.5189 4
      vertex -2.33345 22.6665 4
    endloop
  endfacet
  facet normal 0 0 1
    outer loop
      vertex -4.1411 15.4548 4
      vertex -2.33345 22.6665 4
      vertex -2.48107 22.8242 4
    endloop
  endfacet
  facet normal 0 0 1
    outer loop
      vertex -4.1411 15.4548 4
      vertex -2.48107 22.8242 4
      vertex -2.61807 22.9911 4
    endloop
  endfacet
  facet normal 0 0 1
    outer loop
      vertex -4.1411 15.4548 4
      vertex -2.61807 22.9911 4
      vertex -2.74385 23.1666 4
    endloop
  endfacet
  facet normal 0 0 1
    outer loop
      vertex -4.1411 15.4548 4
      vertex -2.74385 23.1666 4
      vertex -2.85788 23.35 4
    endloop
  endfacet
  facet normal 0 0 1
    outer loop
      vertex -4.1411 15.4548 4
      vertex -2.85788 23.35 4
      vertex -2.95968 23.5404 4
    endloop
  endfacet
  facet normal 0 0 1
    outer loop
      vertex -4.1411 15.4548 4
      vertex -2.95968 23.5404 4
      vertex -3.0488 23.7371 4
    endloop
  endfacet
  facet normal 0 0 1
    outer loop
      vertex -1.65 22.1421 4
      vertex -3.12144 15.6926 4
      vertex -2.08842 15.8631 4
    endloop
  endfacet
  facet normal 0 0 1
    outer loop
      vertex -4.1411 15.4548 4
      vertex -3.0488 23.7371 4
      vertex -3.12487 23.9392 4
    endloop
  endfacet
  facet normal 0 0 1
    outer loop
      vertex -4.1411 15.4548 4
      vertex -3.12487 23.9392 4
      vertex -3.18755 24.1459 4
    endloop
  endfacet
  facet normal 0 0 1
    outer loop
      vertex -4.1411 15.4548 4
      vertex -3.18755 24.1459 4
      vertex -3.23659 24.3562 4
    endloop
  endfacet
  facet normal 0 0 1
    outer loop
      vertex -4.1411 15.4548 4
      vertex -3.23659 24.3562 4
      vertex -3.27177 24.5693 4
    endloop
  endfacet
  facet normal 0 0 1
    outer loop
      vertex -4.1411 15.4548 4
      vertex -3.27177 24.5693 4
      vertex -3.29293 24.7842 4
    endloop
  endfacet
  facet normal 0 0 1
    outer loop
      vertex -4.1411 15.4548 4
      vertex -3.29293 24.7842 4
      vertex -3.3 25 4
    endloop
  endfacet
  facet normal 0 0 1
    outer loop
      vertex -2.00891 22.3819 4
      vertex -4.1411 15.4548 4
      vertex -3.12144 15.6926 4
    endloop
  endfacet
  facet normal -0 0 1
    outer loop
      vertex 18.7384 14.5528 4
      vertex 23.5404 2.95968 4
      vertex 18.9405 14.6289 4
    endloop
  endfacet
  facet normal 0 0 1
    outer loop
      vertex 21.7 0 4
      vertex 20.9706 -17.4618 4
      vertex 20.9777 -17.6777 4
    endloop
  endfacet
  facet normal -0 0 1
    outer loop
      vertex 14.7821 6.12293 4
      vertex 23.5404 2.95968 4
      vertex 18.7384 14.5528 4
    endloop
  endfacet
  facet normal 0 0 1
    outer loop
      vertex 21.7 0 4
      vertex 20.9494 -17.2469 4
      vertex 20.9706 -17.4618 4
    endloop
  endfacet
  facet normal 0 0 1
    outer loop
      vertex 23.5404 2.95968 4
      vertex 14.7821 6.12293 4
      vertex 23.35 2.85788 4
    endloop
  endfacet
  facet normal 0 0 1
    outer loop
      vertex 21.7 0 4
      vertex 20.9143 -17.0339 4
      vertex 20.9494 -17.2469 4
    endloop
  endfacet
  facet normal 0 0 1
    outer loop
      vertex 23.35 2.85788 4
      vertex 14.7821 6.12293 4
      vertex 23.1666 2.74385 4
    endloop
  endfacet
  facet normal 0 0 1
    outer loop
      vertex 21.7 0 4
      vertex 20.8652 -16.8236 4
      vertex 20.9143 -17.0339 4
    endloop
  endfacet
  facet normal -0 -0 1
    outer loop
      vertex 15.1509 5.14303 4
      vertex 23.1666 2.74385 4
      vertex 14.7821 6.12293 4
    endloop
  endfacet
  facet normal 0 0 1
    outer loop
      vertex 21.7 0 4
      vertex 20.8025 -16.6169 4
      vertex 20.8652 -16.8236 4
    endloop
  endfacet
  facet normal 0 0 1
    outer loop
      vertex 23.1666 2.74385 4
      vertex 15.1509 5.14303 4
      vertex 22.9911 2.61807 4
    endloop
  endfacet
  facet normal 0 0 1
    outer loop
      vertex 21.7 0 4
      vertex 20.7265 -16.4148 4
      vertex 20.8025 -16.6169 4
    endloop
  endfacet
  facet normal 0 0 1
    outer loop
      vertex 22.9911 2.61807 4
      vertex 15.1509 5.14303 4
      vertex 22.8242 2.48107 4
    endloop
  endfacet
  facet normal 0 0 1
    outer loop
      vertex 21.7 0 4
      vertex 20.6373 -16.2181 4
      vertex 20.7265 -16.4148 4
    endloop
  endfacet
  facet normal -0 -0 1
    outer loop
      vertex 15.4548 4.1411 4
      vertex 22.8242 2.48107 4
      vertex 15.1509 5.14303 4
    endloop
  endfacet
  facet normal 0 0 1
    outer loop
      vertex 21.7 0 4
      vertex 20.5356 -16.0277 4
      vertex 20.6373 -16.2181 4
    endloop
  endfacet
  facet normal 0 0 1
    outer loop
      vertex 22.8242 2.48107 4
      vertex 15.4548 4.1411 4
      vertex 22.6665 2.33345 4
    endloop
  endfacet
  facet normal 0 0 1
    outer loop
      vertex 21.7 0 4
      vertex 20.4215 -15.8443 4
      vertex 20.5356 -16.0277 4
    endloop
  endfacet
  facet normal 0 0 1
    outer loop
      vertex 22.6665 2.33345 4
      vertex 15.4548 4.1411 4
      vertex 22.5189 2.17584 4
    endloop
  endfacet
  facet normal 0 0 1
    outer loop
      vertex 15.9657 -1.04645 4
      vertex 21.7 0 4
      vertex 16 0 4
    endloop
  endfacet
  facet normal -0 -0 1
    outer loop
      vertex 15.6926 3.12144 4
      vertex 22.3819 2.00891 4
      vertex 15.4548 4.1411 4
    endloop
  endfacet
  facet normal 0 0 1
    outer loop
      vertex 15.8631 -2.08842 4
      vertex 21.7 0 4
      vertex 15.9657 -1.04645 4
    endloop
  endfacet
  facet normal 0 0 1
    outer loop
      vertex 22.3819 2.00891 4
      vertex 15.6926 3.12144 4
      vertex 22.2561 1.83338 4
    endloop
  endfacet
  facet normal 0 0 1
    outer loop
      vertex 21.7 0 4
      vertex 20.2957 -15.6688 4
      vertex 20.4215 -15.8443 4
    endloop
  endfacet
  facet normal 0 0 1
    outer loop
      vertex 22.1421 1.65 4
      vertex 15.6926 3.12144 4
      vertex 22.0403 1.45955 4
    endloop
  endfacet
  facet normal 0 0 1
    outer loop
      vertex 21.7 0 4
      vertex 20.1587 -15.5018 4
      vertex 20.2957 -15.6688 4
    endloop
  endfacet
  facet normal -0 -0 1
    outer loop
      vertex 15.8631 2.08842 4
      vertex 22.0403 1.45955 4
      vertex 15.6926 3.12144 4
    endloop
  endfacet
  facet normal 0 0 1
    outer loop
      vertex 15.6926 -3.12144 4
      vertex 21.7 0 4
      vertex 15.8631 -2.08842 4
    endloop
  endfacet
  facet normal 0 0 1
    outer loop
      vertex 21.9512 1.26285 4
      vertex 15.8631 2.08842 4
      vertex 21.8751 1.06075 4
    endloop
  endfacet
  facet normal 0 0 1
    outer loop
      vertex 21.7 0 4
      vertex 20.0111 -15.3442 4
      vertex 20.1587 -15.5018 4
    endloop
  endfacet
  facet normal 0 0 1
    outer loop
      vertex 21.8751 1.06075 4
      vertex 15.8631 2.08842 4
      vertex 21.8124 0.854102 4
    endloop
  endfacet
  facet normal 0 0 1
    outer loop
      vertex 15.4548 -4.1411 4
      vertex 21.7 0 4
      vertex 15.6926 -3.12144 4
    endloop
  endfacet
  facet normal -0 -0 1
    outer loop
      vertex 15.9657 1.04645 4
      vertex 21.8124 0.854102 4
      vertex 15.8631 2.08842 4
    endloop
  endfacet
  facet normal 0 0 1
    outer loop
      vertex 21.7 0 4
      vertex 19.8535 -15.1966 4
      vertex 20.0111 -15.3442 4
    endloop
  endfacet
  facet normal 0 0 1
    outer loop
      vertex 22.0403 1.45955 4
      vertex 15.8631 2.08842 4
      vertex 21.9512 1.26285 4
    endloop
  endfacet
  facet normal 0 0 1
    outer loop
      vertex 21.7 0 4
      vertex 19.6866 -15.0596 4
      vertex 19.8535 -15.1966 4
    endloop
  endfacet
  facet normal 0 0 1
    outer loop
      vertex 22.5189 2.17584 4
      vertex 15.4548 4.1411 4
      vertex 22.3819 2.00891 4
    endloop
  endfacet
  facet normal 0 0 1
    outer loop
      vertex 15.1509 -5.14303 4
      vertex 21.7 0 4
      vertex 15.4548 -4.1411 4
    endloop
  endfacet
  facet normal 0 0 1
    outer loop
      vertex 14.7821 6.12293 4
      vertex 18.7384 14.5528 4
      vertex 18.5318 14.4901 4
    endloop
  endfacet
  facet normal 0 0 1
    outer loop
      vertex 21.7 0 4
      vertex 19.5111 -14.9338 4
      vertex 19.6866 -15.0596 4
    endloop
  endfacet
  facet normal 0 0 1
    outer loop
      vertex 14.7821 6.12293 4
      vertex 18.5318 14.4901 4
      vertex 18.3215 14.4411 4
    endloop
  endfacet
  facet normal 0 0 1
    outer loop
      vertex 21.7 0 4
      vertex 19.3277 -14.8198 4
      vertex 19.5111 -14.9338 4
    endloop
  endfacet
  facet normal 0 0 1
    outer loop
      vertex 14.35 7.07662 4
      vertex 18.3215 14.4411 4
      vertex 18.1084 14.4059 4
    endloop
  endfacet
  facet normal 0 -0 1
    outer loop
      vertex 19.1372 -14.718 4
      vertex 21.7 0 4
      vertex 15.1509 -5.14303 4
    endloop
  endfacet
  facet normal 0 0 1
    outer loop
      vertex 14.35 7.07662 4
      vertex 18.1084 14.4059 4
      vertex 17.8935 14.3847 4
    endloop
  endfacet
  facet normal 0 0 1
    outer loop
      vertex 21.7 0 4
      vertex 19.1372 -14.718 4
      vertex 19.3277 -14.8198 4
    endloop
  endfacet
  facet normal 0 0 1
    outer loop
      vertex 13.8564 8 4
      vertex 17.8935 14.3847 4
      vertex 17.6777 14.3777 4
    endloop
  endfacet
  facet normal 0 0 1
    outer loop
      vertex 19.1372 -14.718 4
      vertex 15.1509 -5.14303 4
      vertex 18.9405 -14.6289 4
    endloop
  endfacet
  facet normal 0 0 1
    outer loop
      vertex 13.8564 8 4
      vertex 17.6777 14.3777 4
      vertex 17.4618 14.3847 4
    endloop
  endfacet
  facet normal -0 0 1
    outer loop
      vertex 14.7821 -6.12293 4
      vertex 18.9405 -14.6289 4
      vertex 15.1509 -5.14303 4
    endloop
  endfacet
  facet normal 0 0 1
    outer loop
      vertex 13.8564 8 4
      vertex 17.4618 14.3847 4
      vertex 17.2469 14.4059 4
    endloop
  endfacet
  facet normal 0 0 1
    outer loop
      vertex 18.9405 -14.6289 4
      vertex 14.7821 -6.12293 4
      vertex 18.7384 -14.5528 4
    endloop
  endfacet
  facet normal 0 0 1
    outer loop
      vertex 13.3035 8.88912 4
      vertex 17.2469 14.4059 4
      vertex 17.0339 14.4411 4
    endloop
  endfacet
  facet normal 0 0 1
    outer loop
      vertex 18.7384 -14.5528 4
      vertex 14.7821 -6.12293 4
      vertex 18.5318 -14.4901 4
    endloop
  endfacet
  facet normal 0 0 1
    outer loop
      vertex 13.3035 8.88912 4
      vertex 17.0339 14.4411 4
      vertex 16.8236 14.4901 4
    endloop
  endfacet
  facet normal 0 0 1
    outer loop
      vertex 18.5318 -14.4901 4
      vertex 14.7821 -6.12293 4
      vertex 18.3215 -14.4411 4
    endloop
  endfacet
  facet normal 0 0 1
    outer loop
      vertex 13.3035 8.88912 4
      vertex 16.8236 14.4901 4
      vertex 16.6169 14.5528 4
    endloop
  endfacet
  facet normal -0 0 1
    outer loop
      vertex 14.35 -7.07662 4
      vertex 18.3215 -14.4411 4
      vertex 14.7821 -6.12293 4
    endloop
  endfacet
  facet normal 0 0 1
    outer loop
      vertex 12.6937 9.74018 4
      vertex 16.6169 14.5528 4
      vertex 16.4148 14.6289 4
    endloop
  endfacet
  facet normal 0 0 1
    outer loop
      vertex 18.3215 -14.4411 4
      vertex 14.35 -7.07662 4
      vertex 18.1084 -14.4059 4
    endloop
  endfacet
  facet normal 0 0 1
    outer loop
      vertex 12.6937 9.74018 4
      vertex 16.4148 14.6289 4
      vertex 16.2181 14.718 4
    endloop
  endfacet
  facet normal 0 0 1
    outer loop
      vertex 18.1084 -14.4059 4
      vertex 14.35 -7.07662 4
      vertex 17.8935 -14.3847 4
    endloop
  endfacet
  facet normal 0 0 1
    outer loop
      vertex 12.6937 9.74018 4
      vertex 16.2181 14.718 4
      vertex 16.0277 14.8198 4
    endloop
  endfacet
  facet normal -0 0 1
    outer loop
      vertex 13.8564 -8 4
      vertex 17.8935 -14.3847 4
      vertex 14.35 -7.07662 4
    endloop
  endfacet
  facet normal 0 0 1
    outer loop
      vertex 17.8935 -14.3847 4
      vertex 13.8564 -8 4
      vertex 17.6777 -14.3777 4
    endloop
  endfacet
  facet normal 0 0 1
    outer loop
      vertex 21.7071 0.21583 4
      vertex 16 0 4
      vertex 21.7 0 4
    endloop
  endfacet
  facet normal 0 -0 1
    outer loop
      vertex 16 0 4
      vertex 21.7071 0.21583 4
      vertex 15.9657 1.04645 4
    endloop
  endfacet
  facet normal 0 0 1
    outer loop
      vertex 12.0294 10.5495 4
      vertex 16.0277 14.8198 4
      vertex 15.8443 14.9338 4
    endloop
  endfacet
  facet normal 0 0 1
    outer loop
      vertex 21.7282 0.430736 4
      vertex 15.9657 1.04645 4
      vertex 21.7071 0.21583 4
    endloop
  endfacet
  facet normal 0 0 1
    outer loop
      vertex 12.0294 10.5495 4
      vertex 15.8443 14.9338 4
      vertex 15.6688 15.0596 4
    endloop
  endfacet
  facet normal 0 0 1
    outer loop
      vertex 12.0294 10.5495 4
      vertex 15.6688 15.0596 4
      vertex 15.5018 15.1966 4
    endloop
  endfacet
  facet normal 0 0 1
    outer loop
      vertex 21.7634 0.643798 4
      vertex 15.9657 1.04645 4
      vertex 21.7282 0.430736 4
    endloop
  endfacet
  facet normal 0 0 1
    outer loop
      vertex 11.3137 11.3137 4
      vertex 15.5018 15.1966 4
      vertex 15.3442 15.3442 4
    endloop
  endfacet
  facet normal 0 0 1
    outer loop
      vertex 11.3137 11.3137 4
      vertex 15.3442 15.3442 4
      vertex 15.1966 15.5018 4
    endloop
  endfacet
  facet normal 0 0 1
    outer loop
      vertex 21.8124 0.854102 4
      vertex 15.9657 1.04645 4
      vertex 21.7634 0.643798 4
    endloop
  endfacet
  facet normal 0 0 1
    outer loop
      vertex 11.3137 11.3137 4
      vertex 15.1966 15.5018 4
      vertex 15.0596 15.6688 4
    endloop
  endfacet
  facet normal 0 0 1
    outer loop
      vertex 10.5495 12.0294 4
      vertex 15.0596 15.6688 4
      vertex 14.9338 15.8443 4
    endloop
  endfacet
  facet normal 0 0 1
    outer loop
      vertex 10.5495 12.0294 4
      vertex 14.9338 15.8443 4
      vertex 14.8198 16.0277 4
    endloop
  endfacet
  facet normal 0 0 1
    outer loop
      vertex 22.2561 1.83338 4
      vertex 15.6926 3.12144 4
      vertex 22.1421 1.65 4
    endloop
  endfacet
  facet normal 0 0 1
    outer loop
      vertex 10.5495 12.0294 4
      vertex 14.8198 16.0277 4
      vertex 14.718 16.2181 4
    endloop
  endfacet
  facet normal 0 0 1
    outer loop
      vertex 9.74018 12.6937 4
      vertex 14.718 16.2181 4
      vertex 14.6289 16.4148 4
    endloop
  endfacet
  facet normal 0 0 1
    outer loop
      vertex 9.74018 12.6937 4
      vertex 14.6289 16.4148 4
      vertex 14.5528 16.6169 4
    endloop
  endfacet
  facet normal 0 0 1
    outer loop
      vertex 9.74018 12.6937 4
      vertex 14.5528 16.6169 4
      vertex 14.4901 16.8236 4
    endloop
  endfacet
  facet normal 0 0 1
    outer loop
      vertex 8.88912 13.3035 4
      vertex 14.4901 16.8236 4
      vertex 14.4411 17.0339 4
    endloop
  endfacet
  facet normal 0 0 1
    outer loop
      vertex 8.88912 13.3035 4
      vertex 14.4411 17.0339 4
      vertex 14.4059 17.2469 4
    endloop
  endfacet
  facet normal 0 0 1
    outer loop
      vertex 8 13.8564 4
      vertex 14.4059 17.2469 4
      vertex 14.3847 17.4618 4
    endloop
  endfacet
  facet normal 0 0 1
    outer loop
      vertex 18.3215 14.4411 4
      vertex 14.35 7.07662 4
      vertex 14.7821 6.12293 4
    endloop
  endfacet
  facet normal 0 0 1
    outer loop
      vertex 8 13.8564 4
      vertex 14.3847 17.4618 4
      vertex 14.3777 17.6777 4
    endloop
  endfacet
  facet normal 0 0 1
    outer loop
      vertex 28.2366 0.643798 4
      vertex 55 10 4
      vertex 29.3415 10 4
    endloop
  endfacet
  facet normal 0 -0 1
    outer loop
      vertex 28.2929 0.21583 4
      vertex 55 10 4
      vertex 28.2718 0.430736 4
    endloop
  endfacet
  facet normal 0 0 1
    outer loop
      vertex 24.5693 3.27177 4
      vertex 29.3415 10 4
      vertex 28.6403 11.8632 4
    endloop
  endfacet
  facet normal -0 0 1
    outer loop
      vertex 28.2929 -0.21583 4
      vertex 55 -10 4
      vertex 28.3 0 4
    endloop
  endfacet
  facet normal -0 0 1
    outer loop
      vertex 28.2718 -0.430736 4
      vertex 55 -10 4
      vertex 28.2929 -0.21583 4
    endloop
  endfacet
  facet normal 0 0 1
    outer loop
      vertex 55 10 4
      vertex 28.3 0 4
      vertex 55 -10 4
    endloop
  endfacet
  facet normal 0 -0 1
    outer loop
      vertex 28.3 0 4
      vertex 55 10 4
      vertex 28.2929 0.21583 4
    endloop
  endfacet
  facet normal 0 0 1
    outer loop
      vertex 55 10 4
      vertex 28.2366 0.643798 4
      vertex 28.2718 0.430736 4
    endloop
  endfacet
  facet normal 0 0 1
    outer loop
      vertex 29.3415 10 4
      vertex 28.1876 0.854102 4
      vertex 28.2366 0.643798 4
    endloop
  endfacet
  facet normal 0 0 1
    outer loop
      vertex 29.3415 10 4
      vertex 28.1249 1.06075 4
      vertex 28.1876 0.854102 4
    endloop
  endfacet
  facet normal 0 0 1
    outer loop
      vertex 29.3415 10 4
      vertex 28.0488 1.26285 4
      vertex 28.1249 1.06075 4
    endloop
  endfacet
  facet normal 0 0 1
    outer loop
      vertex 29.3415 10 4
      vertex 27.9597 1.45955 4
      vertex 28.0488 1.26285 4
    endloop
  endfacet
  facet normal 0 0 1
    outer loop
      vertex 29.3415 10 4
      vertex 27.8579 1.65 4
      vertex 27.9597 1.45955 4
    endloop
  endfacet
  facet normal 0 0 1
    outer loop
      vertex 25.7756 17.2227 4
      vertex 20.6373 16.2181 4
      vertex 26.8468 15.5 4
    endloop
  endfacet
  facet normal 0 0 1
    outer loop
      vertex 29.3415 10 4
      vertex 27.7438 1.83338 4
      vertex 27.8579 1.65 4
    endloop
  endfacet
  facet normal 0 0 1
    outer loop
      vertex 29.3415 10 4
      vertex 27.6181 2.00891 4
      vertex 27.7438 1.83338 4
    endloop
  endfacet
  facet normal 0 0 1
    outer loop
      vertex 29.3415 10 4
      vertex 27.4811 2.17584 4
      vertex 27.6181 2.00891 4
    endloop
  endfacet
  facet normal 0 0 1
    outer loop
      vertex 29.3415 10 4
      vertex 27.3335 2.33345 4
      vertex 27.4811 2.17584 4
    endloop
  endfacet
  facet normal 0 0 1
    outer loop
      vertex 29.3415 10 4
      vertex 27.1758 2.48107 4
      vertex 27.3335 2.33345 4
    endloop
  endfacet
  facet normal 0 0 1
    outer loop
      vertex 29.3415 10 4
      vertex 27.0089 2.61807 4
      vertex 27.1758 2.48107 4
    endloop
  endfacet
  facet normal 0 0 1
    outer loop
      vertex 24.594 18.8716 4
      vertex 20.9494 17.2469 4
      vertex 25.7756 17.2227 4
    endloop
  endfacet
  facet normal 0 0 1
    outer loop
      vertex 29.3415 10 4
      vertex 26.8334 2.74385 4
      vertex 27.0089 2.61807 4
    endloop
  endfacet
  facet normal 0 0 1
    outer loop
      vertex 29.3415 10 4
      vertex 26.65 2.85788 4
      vertex 26.8334 2.74385 4
    endloop
  endfacet
  facet normal 0 0 1
    outer loop
      vertex 29.3415 10 4
      vertex 26.4596 2.95968 4
      vertex 26.65 2.85788 4
    endloop
  endfacet
  facet normal 0 0 1
    outer loop
      vertex 29.3415 10 4
      vertex 26.2629 3.0488 4
      vertex 26.4596 2.95968 4
    endloop
  endfacet
  facet normal 0 0 1
    outer loop
      vertex 29.3415 10 4
      vertex 26.0607 3.12487 4
      vertex 26.2629 3.0488 4
    endloop
  endfacet
  facet normal 0 0 1
    outer loop
      vertex 29.3415 10 4
      vertex 25.8541 3.18755 4
      vertex 26.0607 3.12487 4
    endloop
  endfacet
  facet normal 0 0 1
    outer loop
      vertex 20.9494 17.2469 4
      vertex 24.594 18.8716 4
      vertex 20.9706 17.4618 4
    endloop
  endfacet
  facet normal 0 0 1
    outer loop
      vertex 29.3415 10 4
      vertex 25.6438 3.23659 4
      vertex 25.8541 3.18755 4
    endloop
  endfacet
  facet normal 0 0 1
    outer loop
      vertex 29.3415 10 4
      vertex 25.4307 3.27177 4
      vertex 25.6438 3.23659 4
    endloop
  endfacet
  facet normal 0 0 1
    outer loop
      vertex 29.3415 10 4
      vertex 25.2158 3.29293 4
      vertex 25.4307 3.27177 4
    endloop
  endfacet
  facet normal 0 0 1
    outer loop
      vertex 29.3415 10 4
      vertex 25 3.3 4
      vertex 25.2158 3.29293 4
    endloop
  endfacet
  facet normal 0 0 1
    outer loop
      vertex 29.3415 10 4
      vertex 24.7842 3.29293 4
      vertex 25 3.3 4
    endloop
  endfacet
  facet normal 0 0 1
    outer loop
      vertex 20.9706 17.4618 4
      vertex 24.594 18.8716 4
      vertex 20.9777 17.6777 4
    endloop
  endfacet
  facet normal 0 0 1
    outer loop
      vertex 20.9143 17.0339 4
      vertex 25.7756 17.2227 4
      vertex 20.9494 17.2469 4
    endloop
  endfacet
  facet normal 0 0 1
    outer loop
      vertex 29.3415 10 4
      vertex 24.5693 3.27177 4
      vertex 24.7842 3.29293 4
    endloop
  endfacet
  facet normal 0 0 1
    outer loop
      vertex 28.6403 11.8632 4
      vertex 24.3562 3.23659 4
      vertex 24.5693 3.27177 4
    endloop
  endfacet
  facet normal 0 0 1
    outer loop
      vertex 28.6403 11.8632 4
      vertex 24.1459 3.18755 4
      vertex 24.3562 3.23659 4
    endloop
  endfacet
  facet normal -0 0 1
    outer loop
      vertex 20.4215 15.8443 4
      vertex 26.8468 15.5 4
      vertex 20.5356 16.0277 4
    endloop
  endfacet
  facet normal 0 0 1
    outer loop
      vertex 20.8652 16.8236 4
      vertex 25.7756 17.2227 4
      vertex 20.9143 17.0339 4
    endloop
  endfacet
  facet normal 0 0 1
    outer loop
      vertex 20.8025 16.6169 4
      vertex 25.7756 17.2227 4
      vertex 20.8652 16.8236 4
    endloop
  endfacet
  facet normal 0 0 1
    outer loop
      vertex 20.9143 18.3215 4
      vertex 24.594 18.8716 4
      vertex 23.307 20.4397 4
    endloop
  endfacet
  facet normal 0 0 1
    outer loop
      vertex 20.7265 16.4148 4
      vertex 25.7756 17.2227 4
      vertex 20.8025 16.6169 4
    endloop
  endfacet
  facet normal 0 0 1
    outer loop
      vertex 20.6373 16.2181 4
      vertex 25.7756 17.2227 4
      vertex 20.7265 16.4148 4
    endloop
  endfacet
  facet normal -0 0 1
    outer loop
      vertex 20.5356 16.0277 4
      vertex 26.8468 15.5 4
      vertex 20.6373 16.2181 4
    endloop
  endfacet
  facet normal -0 0 1
    outer loop
      vertex 20.2957 15.6688 4
      vertex 26.8468 15.5 4
      vertex 20.4215 15.8443 4
    endloop
  endfacet
  facet normal -0 0 1
    outer loop
      vertex 20.1587 15.5018 4
      vertex 26.8468 15.5 4
      vertex 20.2957 15.6688 4
    endloop
  endfacet
  facet normal 0 0 1
    outer loop
      vertex 26.8468 15.5 4
      vertex 20.1587 15.5018 4
      vertex 27.8031 13.7109 4
    endloop
  endfacet
  facet normal -0 0 1
    outer loop
      vertex 20.0111 15.3442 4
      vertex 27.8031 13.7109 4
      vertex 20.1587 15.5018 4
    endloop
  endfacet
  facet normal -0 0 1
    outer loop
      vertex 19.8535 15.1966 4
      vertex 27.8031 13.7109 4
      vertex 20.0111 15.3442 4
    endloop
  endfacet
  facet normal -0 0 1
    outer loop
      vertex 19.6866 15.0596 4
      vertex 27.8031 13.7109 4
      vertex 19.8535 15.1966 4
    endloop
  endfacet
  facet normal 0 0 1
    outer loop
      vertex 27.8031 13.7109 4
      vertex 19.6866 15.0596 4
      vertex 28.6403 11.8632 4
    endloop
  endfacet
  facet normal 0 0 1
    outer loop
      vertex 20.4215 19.5111 4
      vertex 23.307 20.4397 4
      vertex 21.9203 21.9203 4
    endloop
  endfacet
  facet normal -0 0 1
    outer loop
      vertex 19.5111 14.9338 4
      vertex 28.6403 11.8632 4
      vertex 19.6866 15.0596 4
    endloop
  endfacet
  facet normal -0 0 1
    outer loop
      vertex 19.3277 14.8198 4
      vertex 28.6403 11.8632 4
      vertex 19.5111 14.9338 4
    endloop
  endfacet
  facet normal 0 0 1
    outer loop
      vertex 28.6403 11.8632 4
      vertex 19.3277 14.8198 4
      vertex 24.1459 3.18755 4
    endloop
  endfacet
  facet normal 0 0 1
    outer loop
      vertex 24.1459 3.18755 4
      vertex 19.3277 14.8198 4
      vertex 23.9392 3.12487 4
    endloop
  endfacet
  facet normal -0 0 1
    outer loop
      vertex 19.1372 14.718 4
      vertex 23.9392 3.12487 4
      vertex 19.3277 14.8198 4
    endloop
  endfacet
  facet normal 0 0 1
    outer loop
      vertex 23.9392 3.12487 4
      vertex 19.1372 14.718 4
      vertex 23.7371 3.0488 4
    endloop
  endfacet
  facet normal -0 0 1
    outer loop
      vertex 18.9405 14.6289 4
      vertex 23.7371 3.0488 4
      vertex 19.1372 14.718 4
    endloop
  endfacet
  facet normal 0 0 1
    outer loop
      vertex 24.594 18.8716 4
      vertex 20.9706 17.8935 4
      vertex 20.9777 17.6777 4
    endloop
  endfacet
  facet normal 0 0 1
    outer loop
      vertex 24.594 18.8716 4
      vertex 20.9494 18.1084 4
      vertex 20.9706 17.8935 4
    endloop
  endfacet
  facet normal 0 0 1
    outer loop
      vertex 24.594 18.8716 4
      vertex 20.9143 18.3215 4
      vertex 20.9494 18.1084 4
    endloop
  endfacet
  facet normal 0 0 1
    outer loop
      vertex 23.307 20.4397 4
      vertex 20.8652 18.5318 4
      vertex 20.9143 18.3215 4
    endloop
  endfacet
  facet normal 0 0 1
    outer loop
      vertex 23.307 20.4397 4
      vertex 20.8025 18.7384 4
      vertex 20.8652 18.5318 4
    endloop
  endfacet
  facet normal 0 0 1
    outer loop
      vertex 23.307 20.4397 4
      vertex 20.7265 18.9405 4
      vertex 20.8025 18.7384 4
    endloop
  endfacet
  facet normal 0 0 1
    outer loop
      vertex 23.307 20.4397 4
      vertex 20.6373 19.1372 4
      vertex 20.7265 18.9405 4
    endloop
  endfacet
  facet normal 0 0 1
    outer loop
      vertex 23.307 20.4397 4
      vertex 20.5356 19.3277 4
      vertex 20.6373 19.1372 4
    endloop
  endfacet
  facet normal 0 0 1
    outer loop
      vertex 19.5111 20.4215 4
      vertex 21.9203 21.9203 4
      vertex 20.4397 23.307 4
    endloop
  endfacet
  facet normal 0 0 1
    outer loop
      vertex 23.307 20.4397 4
      vertex 20.4215 19.5111 4
      vertex 20.5356 19.3277 4
    endloop
  endfacet
  facet normal 0 0 1
    outer loop
      vertex 21.9203 21.9203 4
      vertex 20.2957 19.6866 4
      vertex 20.4215 19.5111 4
    endloop
  endfacet
  facet normal 0 0 1
    outer loop
      vertex 21.9203 21.9203 4
      vertex 20.1587 19.8535 4
      vertex 20.2957 19.6866 4
    endloop
  endfacet
  facet normal 0 0 1
    outer loop
      vertex 21.9203 21.9203 4
      vertex 20.0111 20.0111 4
      vertex 20.1587 19.8535 4
    endloop
  endfacet
  facet normal 0 0 1
    outer loop
      vertex 21.9203 21.9203 4
      vertex 19.8535 20.1587 4
      vertex 20.0111 20.0111 4
    endloop
  endfacet
  facet normal 0 0 1
    outer loop
      vertex 21.9203 21.9203 4
      vertex 19.6866 20.2957 4
      vertex 19.8535 20.1587 4
    endloop
  endfacet
  facet normal 0 0 1
    outer loop
      vertex 21.9203 21.9203 4
      vertex 19.5111 20.4215 4
      vertex 19.6866 20.2957 4
    endloop
  endfacet
  facet normal 0 0 1
    outer loop
      vertex 20.4397 23.307 4
      vertex 19.3277 20.5356 4
      vertex 19.5111 20.4215 4
    endloop
  endfacet
  facet normal 0 0 1
    outer loop
      vertex 20.4397 23.307 4
      vertex 19.1372 20.6373 4
      vertex 19.3277 20.5356 4
    endloop
  endfacet
  facet normal 0 0 1
    outer loop
      vertex 20.4397 23.307 4
      vertex 18.9405 20.7265 4
      vertex 19.1372 20.6373 4
    endloop
  endfacet
  facet normal 0 0 1
    outer loop
      vertex 18.3215 20.9143 4
      vertex 20.4397 23.307 4
      vertex 18.8716 24.594 4
    endloop
  endfacet
  facet normal 0 0 1
    outer loop
      vertex 20.4397 23.307 4
      vertex 18.7384 20.8025 4
      vertex 18.9405 20.7265 4
    endloop
  endfacet
  facet normal 0 0 1
    outer loop
      vertex 20.4397 23.307 4
      vertex 18.5318 20.8652 4
      vertex 18.7384 20.8025 4
    endloop
  endfacet
  facet normal 0 0 1
    outer loop
      vertex 20.4397 23.307 4
      vertex 18.3215 20.9143 4
      vertex 18.5318 20.8652 4
    endloop
  endfacet
  facet normal 0 0 1
    outer loop
      vertex 18.8716 24.594 4
      vertex 18.1084 20.9494 4
      vertex 18.3215 20.9143 4
    endloop
  endfacet
  facet normal 0 0 1
    outer loop
      vertex 18.8716 24.594 4
      vertex 17.8935 20.9706 4
      vertex 18.1084 20.9494 4
    endloop
  endfacet
  facet normal 0 0 1
    outer loop
      vertex 18.8716 24.594 4
      vertex 17.6777 20.9777 4
      vertex 17.8935 20.9706 4
    endloop
  endfacet
  facet normal 0 0 1
    outer loop
      vertex 18.8716 24.594 4
      vertex 17.4618 20.9706 4
      vertex 17.6777 20.9777 4
    endloop
  endfacet
  facet normal 0 0 1
    outer loop
      vertex 18.8716 24.594 4
      vertex 17.2469 20.9494 4
      vertex 17.4618 20.9706 4
    endloop
  endfacet
  facet normal 0 0 1
    outer loop
      vertex 17.2227 25.7756 4
      vertex 17.2469 20.9494 4
      vertex 18.8716 24.594 4
    endloop
  endfacet
  facet normal 0 0 1
    outer loop
      vertex 17.2227 25.7756 4
      vertex 17.0339 20.9143 4
      vertex 17.2469 20.9494 4
    endloop
  endfacet
  facet normal 0 0 1
    outer loop
      vertex 17.2227 25.7756 4
      vertex 16.8236 20.8652 4
      vertex 17.0339 20.9143 4
    endloop
  endfacet
  facet normal 0 0 1
    outer loop
      vertex 17.2227 25.7756 4
      vertex 16.6169 20.8025 4
      vertex 16.8236 20.8652 4
    endloop
  endfacet
  facet normal 0 0 1
    outer loop
      vertex 17.2227 25.7756 4
      vertex 16.4148 20.7265 4
      vertex 16.6169 20.8025 4
    endloop
  endfacet
  facet normal 0 0 1
    outer loop
      vertex 17.2227 25.7756 4
      vertex 16.2181 20.6373 4
      vertex 16.4148 20.7265 4
    endloop
  endfacet
  facet normal 0 0 1
    outer loop
      vertex 15.5 26.8468 4
      vertex 16.2181 20.6373 4
      vertex 17.2227 25.7756 4
    endloop
  endfacet
  facet normal 0 0 1
    outer loop
      vertex 16.2181 20.6373 4
      vertex 15.5 26.8468 4
      vertex 16.0277 20.5356 4
    endloop
  endfacet
  facet normal 0 0 1
    outer loop
      vertex 16.0277 20.5356 4
      vertex 15.5 26.8468 4
      vertex 15.8443 20.4215 4
    endloop
  endfacet
  facet normal 0 0 1
    outer loop
      vertex 15.8443 20.4215 4
      vertex 15.5 26.8468 4
      vertex 15.6688 20.2957 4
    endloop
  endfacet
  facet normal 0 0 1
    outer loop
      vertex 15.6688 20.2957 4
      vertex 15.5 26.8468 4
      vertex 15.5018 20.1587 4
    endloop
  endfacet
  facet normal 0 0 1
    outer loop
      vertex 13.7109 27.8031 4
      vertex 15.5018 20.1587 4
      vertex 15.5 26.8468 4
    endloop
  endfacet
  facet normal 0 0 1
    outer loop
      vertex 15.5018 20.1587 4
      vertex 13.7109 27.8031 4
      vertex 15.3442 20.0111 4
    endloop
  endfacet
  facet normal 0 0 1
    outer loop
      vertex 15.3442 20.0111 4
      vertex 13.7109 27.8031 4
      vertex 15.1966 19.8535 4
    endloop
  endfacet
  facet normal 0 0 1
    outer loop
      vertex 15.1966 19.8535 4
      vertex 13.7109 27.8031 4
      vertex 15.0596 19.6866 4
    endloop
  endfacet
  facet normal 0 0 1
    outer loop
      vertex 11.8632 28.6403 4
      vertex 15.0596 19.6866 4
      vertex 13.7109 27.8031 4
    endloop
  endfacet
  facet normal 0 0 1
    outer loop
      vertex 15.0596 19.6866 4
      vertex 11.8632 28.6403 4
      vertex 14.9338 19.5111 4
    endloop
  endfacet
  facet normal 0 0 1
    outer loop
      vertex 14.9338 19.5111 4
      vertex 11.8632 28.6403 4
      vertex 14.8198 19.3277 4
    endloop
  endfacet
  facet normal 0 0 1
    outer loop
      vertex 14.8198 19.3277 4
      vertex 11.8632 28.6403 4
      vertex 14.718 19.1372 4
    endloop
  endfacet
  facet normal 0 0 1
    outer loop
      vertex 9.96462 29.3548 4
      vertex 14.718 19.1372 4
      vertex 11.8632 28.6403 4
    endloop
  endfacet
  facet normal 0 0 1
    outer loop
      vertex 14.718 19.1372 4
      vertex 9.96462 29.3548 4
      vertex 14.6289 18.9405 4
    endloop
  endfacet
  facet normal 0 0 1
    outer loop
      vertex 5.14303 15.1509 4
      vertex 14.6289 18.9405 4
      vertex 9.96462 29.3548 4
    endloop
  endfacet
  facet normal 0 0 1
    outer loop
      vertex 17.8935 14.3847 4
      vertex 13.8564 8 4
      vertex 14.35 7.07662 4
    endloop
  endfacet
  facet normal 0 0 1
    outer loop
      vertex 8 13.8564 4
      vertex 14.3777 17.6777 4
      vertex 14.3847 17.8935 4
    endloop
  endfacet
  facet normal 0 -0 1
    outer loop
      vertex 6.12293 14.7821 4
      vertex 14.6289 18.9405 4
      vertex 5.14303 15.1509 4
    endloop
  endfacet
  facet normal 0 0 1
    outer loop
      vertex 14.6289 18.9405 4
      vertex 6.12293 14.7821 4
      vertex 14.5528 18.7384 4
    endloop
  endfacet
  facet normal 0 0 1
    outer loop
      vertex 14.5528 18.7384 4
      vertex 6.12293 14.7821 4
      vertex 14.4901 18.5318 4
    endloop
  endfacet
  facet normal 0 0 1
    outer loop
      vertex 17.2469 14.4059 4
      vertex 13.3035 8.88912 4
      vertex 13.8564 8 4
    endloop
  endfacet
  facet normal 0 0 1
    outer loop
      vertex 16.6169 14.5528 4
      vertex 12.6937 9.74018 4
      vertex 13.3035 8.88912 4
    endloop
  endfacet
  facet normal 0 0 1
    outer loop
      vertex 16.0277 14.8198 4
      vertex 12.0294 10.5495 4
      vertex 12.6937 9.74018 4
    endloop
  endfacet
  facet normal 0 0 1
    outer loop
      vertex 14.4901 18.5318 4
      vertex 6.12293 14.7821 4
      vertex 14.4411 18.3215 4
    endloop
  endfacet
  facet normal 0 0 1
    outer loop
      vertex 15.5018 15.1966 4
      vertex 11.3137 11.3137 4
      vertex 12.0294 10.5495 4
    endloop
  endfacet
  facet normal 0 0 1
    outer loop
      vertex 15.0596 15.6688 4
      vertex 10.5495 12.0294 4
      vertex 11.3137 11.3137 4
    endloop
  endfacet
  facet normal 0 -0 1
    outer loop
      vertex 7.07662 14.35 4
      vertex 14.4411 18.3215 4
      vertex 6.12293 14.7821 4
    endloop
  endfacet
  facet normal 0 0 1
    outer loop
      vertex 14.718 16.2181 4
      vertex 9.74018 12.6937 4
      vertex 10.5495 12.0294 4
    endloop
  endfacet
  facet normal 0 0 1
    outer loop
      vertex 14.4901 16.8236 4
      vertex 8.88912 13.3035 4
      vertex 9.74018 12.6937 4
    endloop
  endfacet
  facet normal 0 0 1
    outer loop
      vertex 5.14303 15.1509 4
      vertex 9.96462 29.3548 4
      vertex 8.02339 29.9437 4
    endloop
  endfacet
  facet normal 0 0 1
    outer loop
      vertex 14.4059 17.2469 4
      vertex 8 13.8564 4
      vertex 8.88912 13.3035 4
    endloop
  endfacet
  facet normal 0 0 1
    outer loop
      vertex 14.3847 17.8935 4
      vertex 7.07662 14.35 4
      vertex 8 13.8564 4
    endloop
  endfacet
  facet normal 0 0 1
    outer loop
      vertex 14.4059 18.1084 4
      vertex 7.07662 14.35 4
      vertex 14.3847 17.8935 4
    endloop
  endfacet
  facet normal 0 0 1
    outer loop
      vertex 5.14303 15.1509 4
      vertex 8.02339 29.9437 4
      vertex 6.0478 30.4043 4
    endloop
  endfacet
  facet normal 0 0 1
    outer loop
      vertex 5.14303 15.1509 4
      vertex 6.0478 30.4043 4
      vertex 6 30.4122 4
    endloop
  endfacet
  facet normal 0 0 1
    outer loop
      vertex 14.4411 18.3215 4
      vertex 7.07662 14.35 4
      vertex 14.4059 18.1084 4
    endloop
  endfacet
  facet normal -0 0 1
    outer loop
      vertex 28.2366 -0.643798 4
      vertex 55 -10 4
      vertex 28.2718 -0.430736 4
    endloop
  endfacet
  facet normal 0 0 1
    outer loop
      vertex 55 -10 4
      vertex 28.2366 -0.643798 4
      vertex 29.3415 -10 4
    endloop
  endfacet
  facet normal -0 0 1
    outer loop
      vertex 28.1876 -0.854102 4
      vertex 29.3415 -10 4
      vertex 28.2366 -0.643798 4
    endloop
  endfacet
  facet normal -0 0 1
    outer loop
      vertex 28.1249 -1.06075 4
      vertex 29.3415 -10 4
      vertex 28.1876 -0.854102 4
    endloop
  endfacet
  facet normal -0 0 1
    outer loop
      vertex 28.0488 -1.26285 4
      vertex 29.3415 -10 4
      vertex 28.1249 -1.06075 4
    endloop
  endfacet
  facet normal -0 0 1
    outer loop
      vertex 27.9597 -1.45955 4
      vertex 29.3415 -10 4
      vertex 28.0488 -1.26285 4
    endloop
  endfacet
  facet normal -0 0 1
    outer loop
      vertex 27.8579 -1.65 4
      vertex 29.3415 -10 4
      vertex 27.9597 -1.45955 4
    endloop
  endfacet
  facet normal -0 0 1
    outer loop
      vertex 27.7438 -1.83338 4
      vertex 29.3415 -10 4
      vertex 27.8579 -1.65 4
    endloop
  endfacet
  facet normal -0 0 1
    outer loop
      vertex 27.6181 -2.00891 4
      vertex 29.3415 -10 4
      vertex 27.7438 -1.83338 4
    endloop
  endfacet
  facet normal -0 0 1
    outer loop
      vertex 27.4811 -2.17584 4
      vertex 29.3415 -10 4
      vertex 27.6181 -2.00891 4
    endloop
  endfacet
  facet normal -0 0 1
    outer loop
      vertex 27.3335 -2.33345 4
      vertex 29.3415 -10 4
      vertex 27.4811 -2.17584 4
    endloop
  endfacet
  facet normal -0 0 1
    outer loop
      vertex 27.1758 -2.48107 4
      vertex 29.3415 -10 4
      vertex 27.3335 -2.33345 4
    endloop
  endfacet
  facet normal -0 0 1
    outer loop
      vertex 27.0089 -2.61807 4
      vertex 29.3415 -10 4
      vertex 27.1758 -2.48107 4
    endloop
  endfacet
  facet normal -0 0 1
    outer loop
      vertex 26.8334 -2.74385 4
      vertex 29.3415 -10 4
      vertex 27.0089 -2.61807 4
    endloop
  endfacet
  facet normal -0 0 1
    outer loop
      vertex 26.65 -2.85788 4
      vertex 29.3415 -10 4
      vertex 26.8334 -2.74385 4
    endloop
  endfacet
  facet normal -0 0 1
    outer loop
      vertex 26.4596 -2.95968 4
      vertex 29.3415 -10 4
      vertex 26.65 -2.85788 4
    endloop
  endfacet
  facet normal -0 0 1
    outer loop
      vertex 26.2629 -3.0488 4
      vertex 29.3415 -10 4
      vertex 26.4596 -2.95968 4
    endloop
  endfacet
  facet normal -0 0 1
    outer loop
      vertex 26.0607 -3.12487 4
      vertex 29.3415 -10 4
      vertex 26.2629 -3.0488 4
    endloop
  endfacet
  facet normal -0 0 1
    outer loop
      vertex 25.8541 -3.18755 4
      vertex 29.3415 -10 4
      vertex 26.0607 -3.12487 4
    endloop
  endfacet
  facet normal -0 0 1
    outer loop
      vertex 25.6438 -3.23659 4
      vertex 29.3415 -10 4
      vertex 25.8541 -3.18755 4
    endloop
  endfacet
  facet normal -0 0 1
    outer loop
      vertex 25.4307 -3.27177 4
      vertex 29.3415 -10 4
      vertex 25.6438 -3.23659 4
    endloop
  endfacet
  facet normal -0 0 1
    outer loop
      vertex 25.2158 -3.29293 4
      vertex 29.3415 -10 4
      vertex 25.4307 -3.27177 4
    endloop
  endfacet
  facet normal -0 0 1
    outer loop
      vertex 25 -3.3 4
      vertex 29.3415 -10 4
      vertex 25.2158 -3.29293 4
    endloop
  endfacet
  facet normal 0 0 1
    outer loop
      vertex 24.7842 -3.29293 4
      vertex 29.3415 -10 4
      vertex 25 -3.3 4
    endloop
  endfacet
  facet normal 0 0 1
    outer loop
      vertex 24.5693 -3.27177 4
      vertex 29.3415 -10 4
      vertex 24.7842 -3.29293 4
    endloop
  endfacet
  facet normal 0 0 1
    outer loop
      vertex 29.3415 -10 4
      vertex 24.5693 -3.27177 4
      vertex 28.6403 -11.8632 4
    endloop
  endfacet
  facet normal 0 0 1
    outer loop
      vertex 24.3562 -3.23659 4
      vertex 28.6403 -11.8632 4
      vertex 24.5693 -3.27177 4
    endloop
  endfacet
  facet normal 0 0 1
    outer loop
      vertex 24.1459 -3.18755 4
      vertex 28.6403 -11.8632 4
      vertex 24.3562 -3.23659 4
    endloop
  endfacet
  facet normal 0 0 1
    outer loop
      vertex 23.9392 -3.12487 4
      vertex 28.6403 -11.8632 4
      vertex 24.1459 -3.18755 4
    endloop
  endfacet
  facet normal 0 0 1
    outer loop
      vertex 28.6403 -11.8632 4
      vertex 23.9392 -3.12487 4
      vertex 27.8031 -13.7109 4
    endloop
  endfacet
  facet normal 0 0 1
    outer loop
      vertex 26.8468 -15.5 4
      vertex 20.9777 -17.6777 4
      vertex 25.7756 -17.2227 4
    endloop
  endfacet
  facet normal 0 0 1
    outer loop
      vertex 20.9777 -17.6777 4
      vertex 27.8031 -13.7109 4
      vertex 23.9392 -3.12487 4
    endloop
  endfacet
  facet normal 0 0 1
    outer loop
      vertex 27.8031 -13.7109 4
      vertex 20.9777 -17.6777 4
      vertex 26.8468 -15.5 4
    endloop
  endfacet
  facet normal 0 0 1
    outer loop
      vertex 20.9777 -17.6777 4
      vertex 23.9392 -3.12487 4
      vertex 23.7371 -3.0488 4
    endloop
  endfacet
  facet normal 0 0 1
    outer loop
      vertex 20.9777 -17.6777 4
      vertex 23.7371 -3.0488 4
      vertex 23.5404 -2.95968 4
    endloop
  endfacet
  facet normal 0 0 1
    outer loop
      vertex 20.9777 -17.6777 4
      vertex 23.5404 -2.95968 4
      vertex 23.35 -2.85788 4
    endloop
  endfacet
  facet normal 0 0 1
    outer loop
      vertex 25.7756 -17.2227 4
      vertex 20.9777 -17.6777 4
      vertex 24.594 -18.8716 4
    endloop
  endfacet
  facet normal 0 0 1
    outer loop
      vertex 20.9777 -17.6777 4
      vertex 23.35 -2.85788 4
      vertex 23.1666 -2.74385 4
    endloop
  endfacet
  facet normal 0 0 1
    outer loop
      vertex 20.9777 -17.6777 4
      vertex 23.1666 -2.74385 4
      vertex 22.9911 -2.61807 4
    endloop
  endfacet
  facet normal 0 0 1
    outer loop
      vertex 20.9777 -17.6777 4
      vertex 22.9911 -2.61807 4
      vertex 22.8242 -2.48107 4
    endloop
  endfacet
  facet normal 0 0 1
    outer loop
      vertex 20.9777 -17.6777 4
      vertex 22.8242 -2.48107 4
      vertex 22.6665 -2.33345 4
    endloop
  endfacet
  facet normal 0 0 1
    outer loop
      vertex 20.9777 -17.6777 4
      vertex 22.6665 -2.33345 4
      vertex 22.5189 -2.17584 4
    endloop
  endfacet
  facet normal 0 0 1
    outer loop
      vertex 20.9777 -17.6777 4
      vertex 22.5189 -2.17584 4
      vertex 22.3819 -2.00891 4
    endloop
  endfacet
  facet normal 0 0 1
    outer loop
      vertex 20.9777 -17.6777 4
      vertex 22.3819 -2.00891 4
      vertex 22.2561 -1.83338 4
    endloop
  endfacet
  facet normal 0 0 1
    outer loop
      vertex 20.9777 -17.6777 4
      vertex 22.2561 -1.83338 4
      vertex 22.1421 -1.65 4
    endloop
  endfacet
  facet normal 0 0 1
    outer loop
      vertex 20.9777 -17.6777 4
      vertex 22.1421 -1.65 4
      vertex 22.0403 -1.45955 4
    endloop
  endfacet
  facet normal 0 0 1
    outer loop
      vertex 20.9777 -17.6777 4
      vertex 22.0403 -1.45955 4
      vertex 21.9512 -1.26285 4
    endloop
  endfacet
  facet normal -0 0 1
    outer loop
      vertex 20.9706 -17.8935 4
      vertex 24.594 -18.8716 4
      vertex 20.9777 -17.6777 4
    endloop
  endfacet
  facet normal 0 0 1
    outer loop
      vertex 20.9777 -17.6777 4
      vertex 21.9512 -1.26285 4
      vertex 21.8751 -1.06075 4
    endloop
  endfacet
  facet normal 0 0 1
    outer loop
      vertex 20.9777 -17.6777 4
      vertex 21.8751 -1.06075 4
      vertex 21.8124 -0.854102 4
    endloop
  endfacet
  facet normal 0 0 1
    outer loop
      vertex 20.9777 -17.6777 4
      vertex 21.8124 -0.854102 4
      vertex 21.7634 -0.643798 4
    endloop
  endfacet
  facet normal 0 0 1
    outer loop
      vertex 20.9777 -17.6777 4
      vertex 21.7634 -0.643798 4
      vertex 21.7282 -0.430736 4
    endloop
  endfacet
  facet normal 0 0 1
    outer loop
      vertex 20.9777 -17.6777 4
      vertex 21.7282 -0.430736 4
      vertex 21.7071 -0.21583 4
    endloop
  endfacet
  facet normal 0 0 1
    outer loop
      vertex 20.9777 -17.6777 4
      vertex 21.7071 -0.21583 4
      vertex 21.7 0 4
    endloop
  endfacet
  facet normal 0 0 1
    outer loop
      vertex 23.7371 3.0488 4
      vertex 18.9405 14.6289 4
      vertex 23.5404 2.95968 4
    endloop
  endfacet
  facet normal -0 0 1
    outer loop
      vertex 20.9494 -18.1084 4
      vertex 24.594 -18.8716 4
      vertex 20.9706 -17.8935 4
    endloop
  endfacet
  facet normal -0 0 1
    outer loop
      vertex 20.9143 -18.3215 4
      vertex 24.594 -18.8716 4
      vertex 20.9494 -18.1084 4
    endloop
  endfacet
  facet normal 0 0 1
    outer loop
      vertex 24.594 -18.8716 4
      vertex 20.9143 -18.3215 4
      vertex 23.307 -20.4397 4
    endloop
  endfacet
  facet normal -0 0 1
    outer loop
      vertex 20.8652 -18.5318 4
      vertex 23.307 -20.4397 4
      vertex 20.9143 -18.3215 4
    endloop
  endfacet
  facet normal -0 0 1
    outer loop
      vertex 20.8025 -18.7384 4
      vertex 23.307 -20.4397 4
      vertex 20.8652 -18.5318 4
    endloop
  endfacet
  facet normal -0 0 1
    outer loop
      vertex 20.7265 -18.9405 4
      vertex 23.307 -20.4397 4
      vertex 20.8025 -18.7384 4
    endloop
  endfacet
  facet normal -0 0 1
    outer loop
      vertex 20.6373 -19.1372 4
      vertex 23.307 -20.4397 4
      vertex 20.7265 -18.9405 4
    endloop
  endfacet
  facet normal -0 0 1
    outer loop
      vertex 20.5356 -19.3277 4
      vertex 23.307 -20.4397 4
      vertex 20.6373 -19.1372 4
    endloop
  endfacet
  facet normal -0 0 1
    outer loop
      vertex 20.4215 -19.5111 4
      vertex 23.307 -20.4397 4
      vertex 20.5356 -19.3277 4
    endloop
  endfacet
  facet normal 0 0 1
    outer loop
      vertex 23.307 -20.4397 4
      vertex 20.4215 -19.5111 4
      vertex 21.9203 -21.9203 4
    endloop
  endfacet
  facet normal -0 0 1
    outer loop
      vertex 20.2957 -19.6866 4
      vertex 21.9203 -21.9203 4
      vertex 20.4215 -19.5111 4
    endloop
  endfacet
  facet normal -0 0 1
    outer loop
      vertex 20.1587 -19.8535 4
      vertex 21.9203 -21.9203 4
      vertex 20.2957 -19.6866 4
    endloop
  endfacet
  facet normal -0 0 1
    outer loop
      vertex 20.0111 -20.0111 4
      vertex 21.9203 -21.9203 4
      vertex 20.1587 -19.8535 4
    endloop
  endfacet
  facet normal -0 0 1
    outer loop
      vertex 19.8535 -20.1587 4
      vertex 21.9203 -21.9203 4
      vertex 20.0111 -20.0111 4
    endloop
  endfacet
  facet normal -0 0 1
    outer loop
      vertex 19.6866 -20.2957 4
      vertex 21.9203 -21.9203 4
      vertex 19.8535 -20.1587 4
    endloop
  endfacet
  facet normal -0 0 1
    outer loop
      vertex 19.5111 -20.4215 4
      vertex 21.9203 -21.9203 4
      vertex 19.6866 -20.2957 4
    endloop
  endfacet
  facet normal 0 0 1
    outer loop
      vertex 21.9203 -21.9203 4
      vertex 19.5111 -20.4215 4
      vertex 20.4397 -23.307 4
    endloop
  endfacet
  facet normal -0 0 1
    outer loop
      vertex 19.3277 -20.5356 4
      vertex 20.4397 -23.307 4
      vertex 19.5111 -20.4215 4
    endloop
  endfacet
  facet normal -0 0 1
    outer loop
      vertex 19.1372 -20.6373 4
      vertex 20.4397 -23.307 4
      vertex 19.3277 -20.5356 4
    endloop
  endfacet
  facet normal -0 0 1
    outer loop
      vertex 18.9405 -20.7265 4
      vertex 20.4397 -23.307 4
      vertex 19.1372 -20.6373 4
    endloop
  endfacet
  facet normal -0 0 1
    outer loop
      vertex 18.7384 -20.8025 4
      vertex 20.4397 -23.307 4
      vertex 18.9405 -20.7265 4
    endloop
  endfacet
  facet normal -0 0 1
    outer loop
      vertex 18.5318 -20.8652 4
      vertex 20.4397 -23.307 4
      vertex 18.7384 -20.8025 4
    endloop
  endfacet
  facet normal -0 0 1
    outer loop
      vertex 18.3215 -20.9143 4
      vertex 20.4397 -23.307 4
      vertex 18.5318 -20.8652 4
    endloop
  endfacet
  facet normal 0 0 1
    outer loop
      vertex 20.4397 -23.307 4
      vertex 18.3215 -20.9143 4
      vertex 18.8716 -24.594 4
    endloop
  endfacet
  facet normal -0 0 1
    outer loop
      vertex 18.1084 -20.9494 4
      vertex 18.8716 -24.594 4
      vertex 18.3215 -20.9143 4
    endloop
  endfacet
  facet normal -0 0 1
    outer loop
      vertex 17.8935 -20.9706 4
      vertex 18.8716 -24.594 4
      vertex 18.1084 -20.9494 4
    endloop
  endfacet
  facet normal -0 0 1
    outer loop
      vertex 17.6777 -20.9777 4
      vertex 18.8716 -24.594 4
      vertex 17.8935 -20.9706 4
    endloop
  endfacet
  facet normal 0 0 1
    outer loop
      vertex 17.4618 -20.9706 4
      vertex 18.8716 -24.594 4
      vertex 17.6777 -20.9777 4
    endloop
  endfacet
  facet normal 0 0 1
    outer loop
      vertex 17.2469 -20.9494 4
      vertex 18.8716 -24.594 4
      vertex 17.4618 -20.9706 4
    endloop
  endfacet
  facet normal 0 0 1
    outer loop
      vertex 17.2469 -20.9494 4
      vertex 17.2227 -25.7756 4
      vertex 18.8716 -24.594 4
    endloop
  endfacet
  facet normal 0 0 1
    outer loop
      vertex 17.0339 -20.9143 4
      vertex 17.2227 -25.7756 4
      vertex 17.2469 -20.9494 4
    endloop
  endfacet
  facet normal 0 0 1
    outer loop
      vertex 16.8236 -20.8652 4
      vertex 17.2227 -25.7756 4
      vertex 17.0339 -20.9143 4
    endloop
  endfacet
  facet normal 0 0 1
    outer loop
      vertex 16.6169 -20.8025 4
      vertex 17.2227 -25.7756 4
      vertex 16.8236 -20.8652 4
    endloop
  endfacet
  facet normal 0 0 1
    outer loop
      vertex 16.4148 -20.7265 4
      vertex 17.2227 -25.7756 4
      vertex 16.6169 -20.8025 4
    endloop
  endfacet
  facet normal 0 0 1
    outer loop
      vertex 16.2181 -20.6373 4
      vertex 17.2227 -25.7756 4
      vertex 16.4148 -20.7265 4
    endloop
  endfacet
  facet normal 0 0 1
    outer loop
      vertex 15.5 -26.8468 4
      vertex 16.2181 -20.6373 4
      vertex 16.0277 -20.5356 4
    endloop
  endfacet
  facet normal 0 0 1
    outer loop
      vertex 15.5 -26.8468 4
      vertex 16.0277 -20.5356 4
      vertex 15.8443 -20.4215 4
    endloop
  endfacet
  facet normal 0 0 1
    outer loop
      vertex 15.5 -26.8468 4
      vertex 15.8443 -20.4215 4
      vertex 15.6688 -20.2957 4
    endloop
  endfacet
  facet normal 0 0 1
    outer loop
      vertex 15.5 -26.8468 4
      vertex 15.6688 -20.2957 4
      vertex 15.5018 -20.1587 4
    endloop
  endfacet
  facet normal 0 0 1
    outer loop
      vertex 16.2181 -20.6373 4
      vertex 15.5 -26.8468 4
      vertex 17.2227 -25.7756 4
    endloop
  endfacet
  facet normal 0 0 1
    outer loop
      vertex 13.7109 -27.8031 4
      vertex 15.5018 -20.1587 4
      vertex 15.3442 -20.0111 4
    endloop
  endfacet
  facet normal 0 0 1
    outer loop
      vertex 13.7109 -27.8031 4
      vertex 15.3442 -20.0111 4
      vertex 15.1966 -19.8535 4
    endloop
  endfacet
  facet normal 0 0 1
    outer loop
      vertex 13.7109 -27.8031 4
      vertex 15.1966 -19.8535 4
      vertex 15.0596 -19.6866 4
    endloop
  endfacet
  facet normal 0 0 1
    outer loop
      vertex 11.8632 -28.6403 4
      vertex 15.0596 -19.6866 4
      vertex 14.9338 -19.5111 4
    endloop
  endfacet
  facet normal 0 0 1
    outer loop
      vertex 11.8632 -28.6403 4
      vertex 14.9338 -19.5111 4
      vertex 14.8198 -19.3277 4
    endloop
  endfacet
  facet normal 0 0 1
    outer loop
      vertex 3.29293 -24.7842 4
      vertex 14.8198 -19.3277 4
      vertex 14.718 -19.1372 4
    endloop
  endfacet
  facet normal 0 0 1
    outer loop
      vertex 3.29293 -24.7842 4
      vertex 14.718 -19.1372 4
      vertex 14.6289 -18.9405 4
    endloop
  endfacet
  facet normal 0 0 1
    outer loop
      vertex 3.29293 -24.7842 4
      vertex 14.6289 -18.9405 4
      vertex 14.5528 -18.7384 4
    endloop
  endfacet
  facet normal 0 0 1
    outer loop
      vertex 6.12293 -14.7821 4
      vertex 14.5528 -18.7384 4
      vertex 14.4901 -18.5318 4
    endloop
  endfacet
  facet normal 0 0 1
    outer loop
      vertex 6.12293 -14.7821 4
      vertex 14.4901 -18.5318 4
      vertex 14.4411 -18.3215 4
    endloop
  endfacet
  facet normal 0 0 1
    outer loop
      vertex 7.07662 -14.35 4
      vertex 14.4411 -18.3215 4
      vertex 14.4059 -18.1084 4
    endloop
  endfacet
  facet normal 0 0 1
    outer loop
      vertex 14.718 -16.2181 4
      vertex 9.74018 -12.6937 4
      vertex 14.6289 -16.4148 4
    endloop
  endfacet
  facet normal 0 0 1
    outer loop
      vertex 14.6289 -16.4148 4
      vertex 9.74018 -12.6937 4
      vertex 14.5528 -16.6169 4
    endloop
  endfacet
  facet normal 0 0 1
    outer loop
      vertex 15.5018 -20.1587 4
      vertex 13.7109 -27.8031 4
      vertex 15.5 -26.8468 4
    endloop
  endfacet
  facet normal 0 0 1
    outer loop
      vertex 7.07662 -14.35 4
      vertex 14.4059 -18.1084 4
      vertex 14.3847 -17.8935 4
    endloop
  endfacet
  facet normal 0 0 1
    outer loop
      vertex 14.5528 -16.6169 4
      vertex 9.74018 -12.6937 4
      vertex 14.4901 -16.8236 4
    endloop
  endfacet
  facet normal -0 0 1
    outer loop
      vertex 8.88912 -13.3035 4
      vertex 14.4901 -16.8236 4
      vertex 9.74018 -12.6937 4
    endloop
  endfacet
  facet normal 0 0 1
    outer loop
      vertex 14.4901 -16.8236 4
      vertex 8.88912 -13.3035 4
      vertex 14.4411 -17.0339 4
    endloop
  endfacet
  facet normal 0 0 1
    outer loop
      vertex 14.4411 -17.0339 4
      vertex 8.88912 -13.3035 4
      vertex 14.4059 -17.2469 4
    endloop
  endfacet
  facet normal -0 0 1
    outer loop
      vertex 8 -13.8564 4
      vertex 14.4059 -17.2469 4
      vertex 8.88912 -13.3035 4
    endloop
  endfacet
  facet normal 0 0 1
    outer loop
      vertex 14.4059 -17.2469 4
      vertex 8 -13.8564 4
      vertex 14.3847 -17.4618 4
    endloop
  endfacet
  facet normal 0 0 1
    outer loop
      vertex 14.3847 -17.4618 4
      vertex 8 -13.8564 4
      vertex 14.3777 -17.6777 4
    endloop
  endfacet
  facet normal 0 0 1
    outer loop
      vertex 14.3777 -17.6777 4
      vertex 8 -13.8564 4
      vertex 14.3847 -17.8935 4
    endloop
  endfacet
  facet normal -0 0 1
    outer loop
      vertex 7.07662 -14.35 4
      vertex 14.3847 -17.8935 4
      vertex 8 -13.8564 4
    endloop
  endfacet
  facet normal 0 0 1
    outer loop
      vertex 14.4411 -18.3215 4
      vertex 7.07662 -14.35 4
      vertex 6.12293 -14.7821 4
    endloop
  endfacet
  facet normal -0 0 1
    outer loop
      vertex 3.29293 -24.7842 4
      vertex 11.8632 -28.6403 4
      vertex 14.8198 -19.3277 4
    endloop
  endfacet
  facet normal 0 0 1
    outer loop
      vertex 15.0596 -19.6866 4
      vertex 11.8632 -28.6403 4
      vertex 13.7109 -27.8031 4
    endloop
  endfacet
  facet normal 0 0 1
    outer loop
      vertex 3.29293 -24.7842 4
      vertex 9.96462 -29.3548 4
      vertex 11.8632 -28.6403 4
    endloop
  endfacet
  facet normal 0 0 1
    outer loop
      vertex 3.29293 -24.7842 4
      vertex 14.5528 -18.7384 4
      vertex 6.12293 -14.7821 4
    endloop
  endfacet
  facet normal -0 0 1
    outer loop
      vertex 3.29293 -25.2158 4
      vertex 9.96462 -29.3548 4
      vertex 3.3 -25 4
    endloop
  endfacet
  facet normal 0 0 1
    outer loop
      vertex 9.96462 -29.3548 4
      vertex 3.29293 -25.2158 4
      vertex 8.02339 -29.9437 4
    endloop
  endfacet
  facet normal 0 0 1
    outer loop
      vertex 3.29293 -24.7842 4
      vertex 6.12293 -14.7821 4
      vertex 5.14303 -15.1509 4
    endloop
  endfacet
  facet normal -0 0 1
    outer loop
      vertex 3.27177 -25.4307 4
      vertex 8.02339 -29.9437 4
      vertex 3.29293 -25.2158 4
    endloop
  endfacet
  facet normal 0 0 1
    outer loop
      vertex 2.48107 -22.8242 4
      vertex 5.14303 -15.1509 4
      vertex 4.1411 -15.4548 4
    endloop
  endfacet
  facet normal -0 0 1
    outer loop
      vertex 3.23659 -25.6438 4
      vertex 8.02339 -29.9437 4
      vertex 3.27177 -25.4307 4
    endloop
  endfacet
  facet normal -0 0 1
    outer loop
      vertex 3.18755 -25.8541 4
      vertex 8.02339 -29.9437 4
      vertex 3.23659 -25.6438 4
    endloop
  endfacet
  facet normal -0 0 1
    outer loop
      vertex 3.12487 -26.0607 4
      vertex 8.02339 -29.9437 4
      vertex 3.18755 -25.8541 4
    endloop
  endfacet
  facet normal 0 0 1
    outer loop
      vertex 8.02339 -29.9437 4
      vertex 3.12487 -26.0607 4
      vertex 6.0478 -30.4043 4
    endloop
  endfacet
  facet normal -0 0 1
    outer loop
      vertex 3.0488 -26.2629 4
      vertex 6.0478 -30.4043 4
      vertex 3.12487 -26.0607 4
    endloop
  endfacet
  facet normal -0 0 1
    outer loop
      vertex 2.95968 -26.4596 4
      vertex 6.0478 -30.4043 4
      vertex 3.0488 -26.2629 4
    endloop
  endfacet
  facet normal 0 0 1
    outer loop
      vertex 6.0478 -30.4043 4
      vertex 2.95968 -26.4596 4
      vertex 6 -30.4122 4
    endloop
  endfacet
  facet normal -0 0 1
    outer loop
      vertex 2.85788 -26.65 4
      vertex 6 -30.4122 4
      vertex 2.95968 -26.4596 4
    endloop
  endfacet
  facet normal -0 0 1
    outer loop
      vertex 2.74385 -26.8334 4
      vertex 6 -30.4122 4
      vertex 2.85788 -26.65 4
    endloop
  endfacet
  facet normal -0 0 1
    outer loop
      vertex 2.61807 -27.0089 4
      vertex 6 -30.4122 4
      vertex 2.74385 -26.8334 4
    endloop
  endfacet
  facet normal -0 0 1
    outer loop
      vertex 2.48107 -27.1758 4
      vertex 6 -30.4122 4
      vertex 2.61807 -27.0089 4
    endloop
  endfacet
  facet normal -0 0 1
    outer loop
      vertex 2.33345 -27.3335 4
      vertex 6 -30.4122 4
      vertex 2.48107 -27.1758 4
    endloop
  endfacet
  facet normal -0 0 1
    outer loop
      vertex 2.17584 -27.4811 4
      vertex 6 -30.4122 4
      vertex 2.33345 -27.3335 4
    endloop
  endfacet
  facet normal -0 0 1
    outer loop
      vertex 2.00891 -27.6181 4
      vertex 6 -30.4122 4
      vertex 2.17584 -27.4811 4
    endloop
  endfacet
  facet normal -0 0 1
    outer loop
      vertex 1.83338 -27.7438 4
      vertex 6 -30.4122 4
      vertex 2.00891 -27.6181 4
    endloop
  endfacet
  facet normal -0 0 1
    outer loop
      vertex 1.65 -27.8579 4
      vertex 6 -30.4122 4
      vertex 1.83338 -27.7438 4
    endloop
  endfacet
  facet normal -0 0 1
    outer loop
      vertex 1.45955 -27.9597 4
      vertex 6 -30.4122 4
      vertex 1.65 -27.8579 4
    endloop
  endfacet
  facet normal -0 0 1
    outer loop
      vertex 1.26285 -28.0488 4
      vertex 6 -30.4122 4
      vertex 1.45955 -27.9597 4
    endloop
  endfacet
  facet normal -0 0 1
    outer loop
      vertex 1.06075 -28.1249 4
      vertex 6 -30.4122 4
      vertex 1.26285 -28.0488 4
    endloop
  endfacet
  facet normal -0 0 1
    outer loop
      vertex 0.854102 -28.1876 4
      vertex 6 -30.4122 4
      vertex 1.06075 -28.1249 4
    endloop
  endfacet
  facet normal -0 0 1
    outer loop
      vertex 0.643798 -28.2366 4
      vertex 6 -30.4122 4
      vertex 0.854102 -28.1876 4
    endloop
  endfacet
  facet normal -0 0 1
    outer loop
      vertex 0.430736 -28.2718 4
      vertex 6 -30.4122 4
      vertex 0.643798 -28.2366 4
    endloop
  endfacet
  facet normal -0 0 1
    outer loop
      vertex 0.21583 -28.2929 4
      vertex 6 -30.4122 4
      vertex 0.430736 -28.2718 4
    endloop
  endfacet
  facet normal -0 0 1
    outer loop
      vertex 0 -28.3 4
      vertex 6 -30.4122 4
      vertex 0.21583 -28.2929 4
    endloop
  endfacet
  facet normal 0 0 1
    outer loop
      vertex 6 -30.4122 4
      vertex 0 -28.3 4
      vertex -6 -30.4122 4
    endloop
  endfacet
  facet normal 0 0 1
    outer loop
      vertex -6 -30.4122 4
      vertex 0 -28.3 4
      vertex -0.21583 -28.2929 4
    endloop
  endfacet
  facet normal 0 0 1
    outer loop
      vertex -6 -30.4122 4
      vertex -0.21583 -28.2929 4
      vertex -0.430736 -28.2718 4
    endloop
  endfacet
  facet normal 0 0 1
    outer loop
      vertex -6 -30.4122 4
      vertex -0.430736 -28.2718 4
      vertex -0.643798 -28.2366 4
    endloop
  endfacet
  facet normal 0 0 1
    outer loop
      vertex -6 -30.4122 4
      vertex -0.643798 -28.2366 4
      vertex -0.854102 -28.1876 4
    endloop
  endfacet
  facet normal 0 0 1
    outer loop
      vertex -6 -30.4122 4
      vertex -0.854102 -28.1876 4
      vertex -1.06075 -28.1249 4
    endloop
  endfacet
  facet normal 0 0 1
    outer loop
      vertex -6 -30.4122 4
      vertex -1.06075 -28.1249 4
      vertex -1.26285 -28.0488 4
    endloop
  endfacet
  facet normal 0 0 1
    outer loop
      vertex -6 -30.4122 4
      vertex -1.26285 -28.0488 4
      vertex -1.45955 -27.9597 4
    endloop
  endfacet
  facet normal 0 0 1
    outer loop
      vertex -6 -30.4122 4
      vertex -1.45955 -27.9597 4
      vertex -1.65 -27.8579 4
    endloop
  endfacet
  facet normal 0 0 1
    outer loop
      vertex -6 -30.4122 4
      vertex -1.65 -27.8579 4
      vertex -1.83338 -27.7438 4
    endloop
  endfacet
  facet normal 0 0 1
    outer loop
      vertex -6 -30.4122 4
      vertex -1.83338 -27.7438 4
      vertex -2.00891 -27.6181 4
    endloop
  endfacet
  facet normal 0 0 1
    outer loop
      vertex -6 -30.4122 4
      vertex -2.00891 -27.6181 4
      vertex -2.17584 -27.4811 4
    endloop
  endfacet
  facet normal 0 0 1
    outer loop
      vertex -6 -30.4122 4
      vertex -2.17584 -27.4811 4
      vertex -2.33345 -27.3335 4
    endloop
  endfacet
  facet normal 0 0 1
    outer loop
      vertex -6 -30.4122 4
      vertex -2.33345 -27.3335 4
      vertex -2.48107 -27.1758 4
    endloop
  endfacet
  facet normal 0 0 1
    outer loop
      vertex -6 -30.4122 4
      vertex -2.48107 -27.1758 4
      vertex -2.61807 -27.0089 4
    endloop
  endfacet
  facet normal 0 0 1
    outer loop
      vertex -6 -30.4122 4
      vertex -2.61807 -27.0089 4
      vertex -2.74385 -26.8334 4
    endloop
  endfacet
  facet normal 0 0 1
    outer loop
      vertex -6 -30.4122 4
      vertex -2.74385 -26.8334 4
      vertex -2.85788 -26.65 4
    endloop
  endfacet
  facet normal 0 0 1
    outer loop
      vertex -6 -30.4122 4
      vertex -2.85788 -26.65 4
      vertex -2.95968 -26.4596 4
    endloop
  endfacet
  facet normal 0 0 1
    outer loop
      vertex -6.0478 -30.4043 4
      vertex -2.95968 -26.4596 4
      vertex -3.0488 -26.2629 4
    endloop
  endfacet
  facet normal 0 0 1
    outer loop
      vertex -6.0478 -30.4043 4
      vertex -3.0488 -26.2629 4
      vertex -3.12487 -26.0607 4
    endloop
  endfacet
  facet normal 0 0 1
    outer loop
      vertex -6.0478 -30.4043 4
      vertex -3.29293 -24.7842 4
      vertex -3.27177 -24.5693 4
    endloop
  endfacet
  facet normal 0 0 1
    outer loop
      vertex -6.0478 -30.4043 4
      vertex -3.3 -25 4
      vertex -3.29293 -24.7842 4
    endloop
  endfacet
  facet normal 0 0 1
    outer loop
      vertex -6.0478 -30.4043 4
      vertex -3.29293 -25.2158 4
      vertex -3.3 -25 4
    endloop
  endfacet
  facet normal 0 0 1
    outer loop
      vertex -6.0478 -30.4043 4
      vertex -3.27177 -25.4307 4
      vertex -3.29293 -25.2158 4
    endloop
  endfacet
  facet normal 0 0 1
    outer loop
      vertex -6.0478 -30.4043 4
      vertex -3.23659 -25.6438 4
      vertex -3.27177 -25.4307 4
    endloop
  endfacet
  facet normal 0 0 1
    outer loop
      vertex -6.0478 -30.4043 4
      vertex -3.18755 -25.8541 4
      vertex -3.23659 -25.6438 4
    endloop
  endfacet
  facet normal 0 0 1
    outer loop
      vertex -6.0478 -30.4043 4
      vertex -3.12487 -26.0607 4
      vertex -3.18755 -25.8541 4
    endloop
  endfacet
  facet normal 0 0 1
    outer loop
      vertex 6 -30.4122 4
      vertex -6 -30.4122 4
      vertex 6 -55 4
    endloop
  endfacet
  facet normal 0 0 1
    outer loop
      vertex 6 -55 4
      vertex -6 -30.4122 4
      vertex -6 -55 4
    endloop
  endfacet
  facet normal 0 0 1
    outer loop
      vertex 17.6777 -14.3777 4
      vertex 13.8564 -8 4
      vertex 17.4618 -14.3847 4
    endloop
  endfacet
  facet normal 0 0 1
    outer loop
      vertex 17.4618 -14.3847 4
      vertex 13.8564 -8 4
      vertex 17.2469 -14.4059 4
    endloop
  endfacet
  facet normal -0 0 1
    outer loop
      vertex 13.3035 -8.88912 4
      vertex 17.2469 -14.4059 4
      vertex 13.8564 -8 4
    endloop
  endfacet
  facet normal 0 0 1
    outer loop
      vertex 17.2469 -14.4059 4
      vertex 13.3035 -8.88912 4
      vertex 17.0339 -14.4411 4
    endloop
  endfacet
  facet normal 0 0 1
    outer loop
      vertex 17.0339 -14.4411 4
      vertex 13.3035 -8.88912 4
      vertex 16.8236 -14.4901 4
    endloop
  endfacet
  facet normal 0 0 1
    outer loop
      vertex 16.8236 -14.4901 4
      vertex 13.3035 -8.88912 4
      vertex 16.6169 -14.5528 4
    endloop
  endfacet
  facet normal -0 0 1
    outer loop
      vertex 12.6937 -9.74018 4
      vertex 16.6169 -14.5528 4
      vertex 13.3035 -8.88912 4
    endloop
  endfacet
  facet normal 0 0 1
    outer loop
      vertex 16.6169 -14.5528 4
      vertex 12.6937 -9.74018 4
      vertex 16.4148 -14.6289 4
    endloop
  endfacet
  facet normal 0 0 1
    outer loop
      vertex 16.4148 -14.6289 4
      vertex 12.6937 -9.74018 4
      vertex 16.2181 -14.718 4
    endloop
  endfacet
  facet normal 0 0 1
    outer loop
      vertex 16.2181 -14.718 4
      vertex 12.6937 -9.74018 4
      vertex 16.0277 -14.8198 4
    endloop
  endfacet
  facet normal -0 0 1
    outer loop
      vertex 12.0294 -10.5495 4
      vertex 16.0277 -14.8198 4
      vertex 12.6937 -9.74018 4
    endloop
  endfacet
  facet normal 0 0 1
    outer loop
      vertex 16.0277 -14.8198 4
      vertex 12.0294 -10.5495 4
      vertex 15.8443 -14.9338 4
    endloop
  endfacet
  facet normal 0 0 1
    outer loop
      vertex 15.8443 -14.9338 4
      vertex 12.0294 -10.5495 4
      vertex 15.6688 -15.0596 4
    endloop
  endfacet
  facet normal 0 0 1
    outer loop
      vertex 15.6688 -15.0596 4
      vertex 12.0294 -10.5495 4
      vertex 15.5018 -15.1966 4
    endloop
  endfacet
  facet normal -0 0 1
    outer loop
      vertex 11.3137 -11.3137 4
      vertex 15.5018 -15.1966 4
      vertex 12.0294 -10.5495 4
    endloop
  endfacet
  facet normal 0 0 1
    outer loop
      vertex 15.5018 -15.1966 4
      vertex 11.3137 -11.3137 4
      vertex 15.3442 -15.3442 4
    endloop
  endfacet
  facet normal 0 0 1
    outer loop
      vertex 15.3442 -15.3442 4
      vertex 11.3137 -11.3137 4
      vertex 15.1966 -15.5018 4
    endloop
  endfacet
  facet normal 0 0 1
    outer loop
      vertex 15.1966 -15.5018 4
      vertex 11.3137 -11.3137 4
      vertex 15.0596 -15.6688 4
    endloop
  endfacet
  facet normal -0 0 1
    outer loop
      vertex 10.5495 -12.0294 4
      vertex 15.0596 -15.6688 4
      vertex 11.3137 -11.3137 4
    endloop
  endfacet
  facet normal 0 0 1
    outer loop
      vertex 15.0596 -15.6688 4
      vertex 10.5495 -12.0294 4
      vertex 14.9338 -15.8443 4
    endloop
  endfacet
  facet normal 0 0 1
    outer loop
      vertex 14.9338 -15.8443 4
      vertex 10.5495 -12.0294 4
      vertex 14.8198 -16.0277 4
    endloop
  endfacet
  facet normal -0 0 1
    outer loop
      vertex 9.74018 -12.6937 4
      vertex 14.718 -16.2181 4
      vertex 10.5495 -12.0294 4
    endloop
  endfacet
  facet normal 0 0 1
    outer loop
      vertex 14.8198 -16.0277 4
      vertex 10.5495 -12.0294 4
      vertex 14.718 -16.2181 4
    endloop
  endfacet
  facet normal 1 -0 0
    outer loop
      vertex 55 -10 4
      vertex 55 10 0
      vertex 55 10 4
    endloop
  endfacet
  facet normal 1 0 0
    outer loop
      vertex 55 10 0
      vertex 55 -10 4
      vertex 55 -10 0
    endloop
  endfacet
  facet normal 0 1 -0
    outer loop
      vertex 55 10 0
      vertex 29.3415 10 4
      vertex 55 10 4
    endloop
  endfacet
  facet normal 0 1 0
    outer loop
      vertex 29.3415 10 4
      vertex 55 10 0
      vertex 29.3415 10 0
    endloop
  endfacet
  facet normal 0 0 -1
    outer loop
      vertex -8 13.8564 0
      vertex -14.3847 17.4618 0
      vertex -14.3777 17.6777 0
    endloop
  endfacet
  facet normal 0 0 -1
    outer loop
      vertex -13.8564 8 0
      vertex -14.4059 17.2469 0
      vertex -14.3847 17.4618 0
    endloop
  endfacet
  facet normal 0 0 -1
    outer loop
      vertex -13.8564 8 0
      vertex -14.4411 17.0339 0
      vertex -14.4059 17.2469 0
    endloop
  endfacet
  facet normal 0 0 -1
    outer loop
      vertex -13.8564 8 0
      vertex -14.4901 16.8236 0
      vertex -14.4411 17.0339 0
    endloop
  endfacet
  facet normal 0 0 -1
    outer loop
      vertex -13.8564 8 0
      vertex -14.5528 16.6169 0
      vertex -14.4901 16.8236 0
    endloop
  endfacet
  facet normal 0 0 -1
    outer loop
      vertex -13.8564 8 0
      vertex -14.6289 16.4148 0
      vertex -14.5528 16.6169 0
    endloop
  endfacet
  facet normal 0 0 -1
    outer loop
      vertex -13.8564 8 0
      vertex -14.718 16.2181 0
      vertex -14.6289 16.4148 0
    endloop
  endfacet
  facet normal 0 0 -1
    outer loop
      vertex -18.3215 14.4411 0
      vertex -14.35 7.07662 0
      vertex -14.7821 6.12293 0
    endloop
  endfacet
  facet normal 0 0 -1
    outer loop
      vertex -13.8564 8 0
      vertex -14.8198 16.0277 0
      vertex -14.718 16.2181 0
    endloop
  endfacet
  facet normal 0 0 -1
    outer loop
      vertex -13.8564 8 0
      vertex -14.9338 15.8443 0
      vertex -14.8198 16.0277 0
    endloop
  endfacet
  facet normal 0 0 -1
    outer loop
      vertex -13.8564 8 0
      vertex -15.0596 15.6688 0
      vertex -14.9338 15.8443 0
    endloop
  endfacet
  facet normal 0 0 -1
    outer loop
      vertex -23.35 2.85788 0
      vertex -14.7821 6.12293 0
      vertex -15.1509 5.14303 0
    endloop
  endfacet
  facet normal 0 0 -1
    outer loop
      vertex -13.8564 8 0
      vertex -15.1966 15.5018 0
      vertex -15.0596 15.6688 0
    endloop
  endfacet
  facet normal 0 0 -1
    outer loop
      vertex -13.8564 8 0
      vertex -15.3442 15.3442 0
      vertex -15.1966 15.5018 0
    endloop
  endfacet
  facet normal 0 0 -1
    outer loop
      vertex -22.8242 2.48107 0
      vertex -15.1509 5.14303 0
      vertex -15.4548 4.1411 0
    endloop
  endfacet
  facet normal 0 0 -1
    outer loop
      vertex -13.8564 8 0
      vertex -15.5018 15.1966 0
      vertex -15.3442 15.3442 0
    endloop
  endfacet
  facet normal 0 0 -1
    outer loop
      vertex -13.8564 8 0
      vertex -15.6688 15.0596 0
      vertex -15.5018 15.1966 0
    endloop
  endfacet
  facet normal 0 0 -1
    outer loop
      vertex -22.3819 2.00891 0
      vertex -15.4548 4.1411 0
      vertex -15.6926 3.12144 0
    endloop
  endfacet
  facet normal 0 0 -1
    outer loop
      vertex -13.8564 8 0
      vertex -15.8443 14.9338 0
      vertex -15.6688 15.0596 0
    endloop
  endfacet
  facet normal 0 0 -1
    outer loop
      vertex -22.1421 1.65 0
      vertex -15.6926 3.12144 0
      vertex -15.8631 2.08842 0
    endloop
  endfacet
  facet normal 0 0 -1
    outer loop
      vertex -21.8751 1.06075 0
      vertex -15.8631 2.08842 0
      vertex -15.9657 1.04645 0
    endloop
  endfacet
  facet normal 0 0 -1
    outer loop
      vertex -21.7282 0.430736 0
      vertex -15.9657 1.04645 0
      vertex -16 0 0
    endloop
  endfacet
  facet normal 0 0 -1
    outer loop
      vertex -13.8564 8 0
      vertex -16.0277 14.8198 0
      vertex -15.8443 14.9338 0
    endloop
  endfacet
  facet normal 0 0 -1
    outer loop
      vertex -17.8935 -14.3847 0
      vertex -13.8564 -8 0
      vertex -17.6777 -14.3777 0
    endloop
  endfacet
  facet normal -0 0 -1
    outer loop
      vertex -13.8564 -8 0
      vertex -17.8935 -14.3847 0
      vertex -14.35 -7.07662 0
    endloop
  endfacet
  facet normal 0 0 -1
    outer loop
      vertex -21.7071 0.21583 0
      vertex -16 0 0
      vertex -21.7 0 0
    endloop
  endfacet
  facet normal 0 0 -1
    outer loop
      vertex -18.1084 -14.4059 0
      vertex -14.35 -7.07662 0
      vertex -17.8935 -14.3847 0
    endloop
  endfacet
  facet normal 0 0 -1
    outer loop
      vertex -21.7282 0.430736 0
      vertex -16 0 0
      vertex -21.7071 0.21583 0
    endloop
  endfacet
  facet normal 0 0 -1
    outer loop
      vertex -18.3215 -14.4411 0
      vertex -14.35 -7.07662 0
      vertex -18.1084 -14.4059 0
    endloop
  endfacet
  facet normal 0 0 -1
    outer loop
      vertex -15.9657 1.04645 0
      vertex -21.7282 0.430736 0
      vertex -21.7634 0.643798 0
    endloop
  endfacet
  facet normal -0 0 -1
    outer loop
      vertex -14.35 -7.07662 0
      vertex -18.3215 -14.4411 0
      vertex -14.7821 -6.12293 0
    endloop
  endfacet
  facet normal 0 0 -1
    outer loop
      vertex -15.9657 1.04645 0
      vertex -21.7634 0.643798 0
      vertex -21.8124 0.854102 0
    endloop
  endfacet
  facet normal 0 0 -1
    outer loop
      vertex -18.5318 -14.4901 0
      vertex -14.7821 -6.12293 0
      vertex -18.3215 -14.4411 0
    endloop
  endfacet
  facet normal -0 0 -1
    outer loop
      vertex -15.9657 1.04645 0
      vertex -21.8124 0.854102 0
      vertex -21.8751 1.06075 0
    endloop
  endfacet
  facet normal 0 0 -1
    outer loop
      vertex -18.7384 -14.5528 0
      vertex -14.7821 -6.12293 0
      vertex -18.5318 -14.4901 0
    endloop
  endfacet
  facet normal 0 0 -1
    outer loop
      vertex -13.8564 8 0
      vertex -16.2181 14.718 0
      vertex -16.0277 14.8198 0
    endloop
  endfacet
  facet normal 0 -0 -1
    outer loop
      vertex -22.1421 -1.65 0
      vertex -15.6926 -3.12144 0
      vertex -22.2561 -1.83338 0
    endloop
  endfacet
  facet normal 0 0 -1
    outer loop
      vertex -15.8631 2.08842 0
      vertex -21.8751 1.06075 0
      vertex -21.9512 1.26285 0
    endloop
  endfacet
  facet normal 0 0 -1
    outer loop
      vertex -14.7821 -6.12293 0
      vertex -23.35 -2.85788 0
      vertex -15.1509 -5.14303 0
    endloop
  endfacet
  facet normal 0 0 -1
    outer loop
      vertex -13.8564 8 0
      vertex -16.4148 14.6289 0
      vertex -16.2181 14.718 0
    endloop
  endfacet
  facet normal 0 -0 -1
    outer loop
      vertex -22.3819 -2.00891 0
      vertex -15.4548 -4.1411 0
      vertex -22.5189 -2.17584 0
    endloop
  endfacet
  facet normal 0 0 -1
    outer loop
      vertex -15.8631 2.08842 0
      vertex -21.9512 1.26285 0
      vertex -22.0403 1.45955 0
    endloop
  endfacet
  facet normal 0 -0 -1
    outer loop
      vertex -22.6665 -2.33345 0
      vertex -15.4548 -4.1411 0
      vertex -22.8242 -2.48107 0
    endloop
  endfacet
  facet normal 0 0 -1
    outer loop
      vertex -13.8564 8 0
      vertex -16.6169 14.5528 0
      vertex -16.4148 14.6289 0
    endloop
  endfacet
  facet normal 0 -0 -1
    outer loop
      vertex -22.8242 -2.48107 0
      vertex -15.1509 -5.14303 0
      vertex -22.9911 -2.61807 0
    endloop
  endfacet
  facet normal 0 0 -1
    outer loop
      vertex -15.8631 2.08842 0
      vertex -22.0403 1.45955 0
      vertex -22.1421 1.65 0
    endloop
  endfacet
  facet normal 0 -0 -1
    outer loop
      vertex -23.1666 -2.74385 0
      vertex -15.1509 -5.14303 0
      vertex -23.35 -2.85788 0
    endloop
  endfacet
  facet normal 0 0 -1
    outer loop
      vertex -13.8564 8 0
      vertex -16.8236 14.4901 0
      vertex -16.6169 14.5528 0
    endloop
  endfacet
  facet normal 0 0 -1
    outer loop
      vertex -23.5404 -2.95968 0
      vertex -14.7821 -6.12293 0
      vertex -18.7384 -14.5528 0
    endloop
  endfacet
  facet normal 0 0 -1
    outer loop
      vertex -15.6926 3.12144 0
      vertex -22.1421 1.65 0
      vertex -22.2561 1.83338 0
    endloop
  endfacet
  facet normal 0 0 -1
    outer loop
      vertex -23.5404 -2.95968 0
      vertex -18.7384 -14.5528 0
      vertex -18.9405 -14.6289 0
    endloop
  endfacet
  facet normal 0 0 -1
    outer loop
      vertex -13.8564 8 0
      vertex -17.0339 14.4411 0
      vertex -16.8236 14.4901 0
    endloop
  endfacet
  facet normal 0 0 -1
    outer loop
      vertex -23.7371 -3.0488 0
      vertex -18.9405 -14.6289 0
      vertex -19.1372 -14.718 0
    endloop
  endfacet
  facet normal 0 0 -1
    outer loop
      vertex -15.6926 3.12144 0
      vertex -22.2561 1.83338 0
      vertex -22.3819 2.00891 0
    endloop
  endfacet
  facet normal 0 0 -1
    outer loop
      vertex -23.9392 -3.12487 0
      vertex -19.1372 -14.718 0
      vertex -19.3277 -14.8198 0
    endloop
  endfacet
  facet normal 0 0 -1
    outer loop
      vertex -13.8564 8 0
      vertex -17.2469 14.4059 0
      vertex -17.0339 14.4411 0
    endloop
  endfacet
  facet normal 0 0 -1
    outer loop
      vertex -28.6403 -11.8632 0
      vertex -19.3277 -14.8198 0
      vertex -19.5111 -14.9338 0
    endloop
  endfacet
  facet normal 0 0 -1
    outer loop
      vertex -15.4548 4.1411 0
      vertex -22.3819 2.00891 0
      vertex -22.5189 2.17584 0
    endloop
  endfacet
  facet normal 0 0 -1
    outer loop
      vertex -28.6403 -11.8632 0
      vertex -19.5111 -14.9338 0
      vertex -19.6866 -15.0596 0
    endloop
  endfacet
  facet normal 0 0 -1
    outer loop
      vertex -13.8564 8 0
      vertex -17.4618 14.3847 0
      vertex -17.2469 14.4059 0
    endloop
  endfacet
  facet normal 0 0 -1
    outer loop
      vertex -27.8031 -13.7109 0
      vertex -19.6866 -15.0596 0
      vertex -19.8535 -15.1966 0
    endloop
  endfacet
  facet normal 0 0 -1
    outer loop
      vertex -15.4548 4.1411 0
      vertex -22.5189 2.17584 0
      vertex -22.6665 2.33345 0
    endloop
  endfacet
  facet normal 0 0 -1
    outer loop
      vertex -27.8031 -13.7109 0
      vertex -19.8535 -15.1966 0
      vertex -20.0111 -15.3442 0
    endloop
  endfacet
  facet normal 0 0 -1
    outer loop
      vertex -13.8564 8 0
      vertex -17.6777 14.3777 0
      vertex -17.4618 14.3847 0
    endloop
  endfacet
  facet normal 0 0 -1
    outer loop
      vertex -27.8031 -13.7109 0
      vertex -20.0111 -15.3442 0
      vertex -20.1587 -15.5018 0
    endloop
  endfacet
  facet normal 0 0 -1
    outer loop
      vertex -15.4548 4.1411 0
      vertex -22.6665 2.33345 0
      vertex -22.8242 2.48107 0
    endloop
  endfacet
  facet normal 0 0 -1
    outer loop
      vertex -26.8468 -15.5 0
      vertex -20.1587 -15.5018 0
      vertex -20.2957 -15.6688 0
    endloop
  endfacet
  facet normal 0 0 -1
    outer loop
      vertex -13.8564 8 0
      vertex -17.8935 14.3847 0
      vertex -17.6777 14.3777 0
    endloop
  endfacet
  facet normal 0 0 -1
    outer loop
      vertex -26.8468 -15.5 0
      vertex -20.2957 -15.6688 0
      vertex -20.4215 -15.8443 0
    endloop
  endfacet
  facet normal 0 0 -1
    outer loop
      vertex -15.1509 5.14303 0
      vertex -22.8242 2.48107 0
      vertex -22.9911 2.61807 0
    endloop
  endfacet
  facet normal 0 0 -1
    outer loop
      vertex -26.8468 -15.5 0
      vertex -20.4215 -15.8443 0
      vertex -20.5356 -16.0277 0
    endloop
  endfacet
  facet normal 0 0 -1
    outer loop
      vertex -14.35 7.07662 0
      vertex -18.1084 14.4059 0
      vertex -17.8935 14.3847 0
    endloop
  endfacet
  facet normal 0 0 -1
    outer loop
      vertex -26.8468 -15.5 0
      vertex -20.5356 -16.0277 0
      vertex -20.6373 -16.2181 0
    endloop
  endfacet
  facet normal 0 0 -1
    outer loop
      vertex -15.1509 5.14303 0
      vertex -22.9911 2.61807 0
      vertex -23.1666 2.74385 0
    endloop
  endfacet
  facet normal 0 0 -1
    outer loop
      vertex -25.7756 -17.2227 0
      vertex -20.6373 -16.2181 0
      vertex -20.7265 -16.4148 0
    endloop
  endfacet
  facet normal 0 0 -1
    outer loop
      vertex -14.35 7.07662 0
      vertex -18.3215 14.4411 0
      vertex -18.1084 14.4059 0
    endloop
  endfacet
  facet normal 0 0 -1
    outer loop
      vertex -25.7756 -17.2227 0
      vertex -20.7265 -16.4148 0
      vertex -20.8025 -16.6169 0
    endloop
  endfacet
  facet normal 0 0 -1
    outer loop
      vertex -15.1509 5.14303 0
      vertex -23.1666 2.74385 0
      vertex -23.35 2.85788 0
    endloop
  endfacet
  facet normal 0 0 -1
    outer loop
      vertex -25.7756 -17.2227 0
      vertex -20.8025 -16.6169 0
      vertex -20.8652 -16.8236 0
    endloop
  endfacet
  facet normal 0 0 -1
    outer loop
      vertex -14.7821 6.12293 0
      vertex -18.5318 14.4901 0
      vertex -18.3215 14.4411 0
    endloop
  endfacet
  facet normal 0 0 -1
    outer loop
      vertex -25.7756 -17.2227 0
      vertex -20.8652 -16.8236 0
      vertex -20.9143 -17.0339 0
    endloop
  endfacet
  facet normal 0 0 -1
    outer loop
      vertex -23.5404 2.95968 0
      vertex -14.7821 6.12293 0
      vertex -23.35 2.85788 0
    endloop
  endfacet
  facet normal 0 0 -1
    outer loop
      vertex -25.7756 -17.2227 0
      vertex -20.9143 -17.0339 0
      vertex -20.9494 -17.2469 0
    endloop
  endfacet
  facet normal 0 0 -1
    outer loop
      vertex -14.7821 6.12293 0
      vertex -18.7384 14.5528 0
      vertex -18.5318 14.4901 0
    endloop
  endfacet
  facet normal 0 0 -1
    outer loop
      vertex -24.594 -18.8716 0
      vertex -20.9494 -17.2469 0
      vertex -20.9706 -17.4618 0
    endloop
  endfacet
  facet normal -0 0 -1
    outer loop
      vertex -14.7821 6.12293 0
      vertex -23.5404 2.95968 0
      vertex -18.7384 14.5528 0
    endloop
  endfacet
  facet normal 0 0 -1
    outer loop
      vertex -24.594 -18.8716 0
      vertex -20.9706 -17.4618 0
      vertex -20.9777 -17.6777 0
    endloop
  endfacet
  facet normal -0 0 -1
    outer loop
      vertex -18.7384 14.5528 0
      vertex -23.5404 2.95968 0
      vertex -18.9405 14.6289 0
    endloop
  endfacet
  facet normal 0 0 -1
    outer loop
      vertex -2.95968 26.4596 0
      vertex -6.0478 30.4043 0
      vertex -6 30.4122 0
    endloop
  endfacet
  facet normal 0 0 -1
    outer loop
      vertex -14.718 19.1372 0
      vertex -3.12487 23.9392 0
      vertex -14.6289 18.9405 0
    endloop
  endfacet
  facet normal 0 0 -1
    outer loop
      vertex -14.4901 18.5318 0
      vertex -6.12293 14.7821 0
      vertex -7.07662 14.35 0
    endloop
  endfacet
  facet normal 0 0 -1
    outer loop
      vertex -14.3847 17.8935 0
      vertex -7.07662 14.35 0
      vertex -8 13.8564 0
    endloop
  endfacet
  facet normal 0 0 -1
    outer loop
      vertex -3.23659 24.3562 0
      vertex -8.02339 29.9437 0
      vertex -6.0478 30.4043 0
    endloop
  endfacet
  facet normal 0 0 -1
    outer loop
      vertex -14.3847 17.4618 0
      vertex -8 13.8564 0
      vertex -8.88912 13.3035 0
    endloop
  endfacet
  facet normal 0 0 -1
    outer loop
      vertex -14.3847 17.4618 0
      vertex -8.88912 13.3035 0
      vertex -9.74018 12.6937 0
    endloop
  endfacet
  facet normal 0 0 -1
    outer loop
      vertex -6.12293 14.7821 0
      vertex -14.4901 18.5318 0
      vertex -14.5528 18.7384 0
    endloop
  endfacet
  facet normal 0 0 -1
    outer loop
      vertex -14.3847 17.4618 0
      vertex -9.74018 12.6937 0
      vertex -10.5495 12.0294 0
    endloop
  endfacet
  facet normal 0 0 -1
    outer loop
      vertex -14.3847 17.4618 0
      vertex -10.5495 12.0294 0
      vertex -11.3137 11.3137 0
    endloop
  endfacet
  facet normal 0 0 -1
    outer loop
      vertex -7.07662 14.35 0
      vertex -14.4059 18.1084 0
      vertex -14.4411 18.3215 0
    endloop
  endfacet
  facet normal 0 0 -1
    outer loop
      vertex -14.3847 17.4618 0
      vertex -11.3137 11.3137 0
      vertex -12.0294 10.5495 0
    endloop
  endfacet
  facet normal 0 0 -1
    outer loop
      vertex -14.3847 17.4618 0
      vertex -12.0294 10.5495 0
      vertex -12.6937 9.74018 0
    endloop
  endfacet
  facet normal 0 0 -1
    outer loop
      vertex -14.3847 17.4618 0
      vertex -12.6937 9.74018 0
      vertex -13.3035 8.88912 0
    endloop
  endfacet
  facet normal 0 0 -1
    outer loop
      vertex -8 13.8564 0
      vertex -14.3777 17.6777 0
      vertex -14.3847 17.8935 0
    endloop
  endfacet
  facet normal 0 0 -1
    outer loop
      vertex -14.3847 17.4618 0
      vertex -13.3035 8.88912 0
      vertex -13.8564 8 0
    endloop
  endfacet
  facet normal 0 0 -1
    outer loop
      vertex -17.8935 14.3847 0
      vertex -13.8564 8 0
      vertex -14.35 7.07662 0
    endloop
  endfacet
  facet normal 0 0 -1
    outer loop
      vertex -7.07662 14.35 0
      vertex -14.3847 17.8935 0
      vertex -14.4059 18.1084 0
    endloop
  endfacet
  facet normal 0 0 -1
    outer loop
      vertex -7.07662 14.35 0
      vertex -14.4411 18.3215 0
      vertex -14.4901 18.5318 0
    endloop
  endfacet
  facet normal -0 0 -1
    outer loop
      vertex -3.12487 23.9392 0
      vertex -14.718 19.1372 0
      vertex -3.18755 24.1459 0
    endloop
  endfacet
  facet normal 0 0 -1
    outer loop
      vertex -3.23659 24.3562 0
      vertex -9.96462 29.3548 0
      vertex -8.02339 29.9437 0
    endloop
  endfacet
  facet normal 0 0 -1
    outer loop
      vertex -14.8198 19.3277 0
      vertex -3.18755 24.1459 0
      vertex -14.718 19.1372 0
    endloop
  endfacet
  facet normal 0 -0 -1
    outer loop
      vertex -11.8632 28.6403 0
      vertex -3.18755 24.1459 0
      vertex -14.8198 19.3277 0
    endloop
  endfacet
  facet normal 0 0 -1
    outer loop
      vertex -3.23659 24.3562 0
      vertex -11.8632 28.6403 0
      vertex -9.96462 29.3548 0
    endloop
  endfacet
  facet normal 0 0 -1
    outer loop
      vertex -3.18755 24.1459 0
      vertex -11.8632 28.6403 0
      vertex -3.23659 24.3562 0
    endloop
  endfacet
  facet normal 0 0 -1
    outer loop
      vertex -14.9338 19.5111 0
      vertex -11.8632 28.6403 0
      vertex -14.8198 19.3277 0
    endloop
  endfacet
  facet normal 0 0 -1
    outer loop
      vertex -15.0596 19.6866 0
      vertex -11.8632 28.6403 0
      vertex -14.9338 19.5111 0
    endloop
  endfacet
  facet normal 0 0 -1
    outer loop
      vertex -11.8632 28.6403 0
      vertex -15.0596 19.6866 0
      vertex -13.7109 27.8031 0
    endloop
  endfacet
  facet normal 0 0 -1
    outer loop
      vertex -15.1966 19.8535 0
      vertex -13.7109 27.8031 0
      vertex -15.0596 19.6866 0
    endloop
  endfacet
  facet normal 0 0 -1
    outer loop
      vertex -15.3442 20.0111 0
      vertex -13.7109 27.8031 0
      vertex -15.1966 19.8535 0
    endloop
  endfacet
  facet normal 0 0 -1
    outer loop
      vertex -15.5018 20.1587 0
      vertex -13.7109 27.8031 0
      vertex -15.3442 20.0111 0
    endloop
  endfacet
  facet normal 0 0 -1
    outer loop
      vertex -13.7109 27.8031 0
      vertex -15.5018 20.1587 0
      vertex -15.5 26.8468 0
    endloop
  endfacet
  facet normal 0 0 -1
    outer loop
      vertex -15.6688 20.2957 0
      vertex -15.5 26.8468 0
      vertex -15.5018 20.1587 0
    endloop
  endfacet
  facet normal 0 0 -1
    outer loop
      vertex -15.8443 20.4215 0
      vertex -15.5 26.8468 0
      vertex -15.6688 20.2957 0
    endloop
  endfacet
  facet normal 0 0 -1
    outer loop
      vertex -16.0277 20.5356 0
      vertex -15.5 26.8468 0
      vertex -15.8443 20.4215 0
    endloop
  endfacet
  facet normal 0 0 -1
    outer loop
      vertex -16.2181 20.6373 0
      vertex -15.5 26.8468 0
      vertex -16.0277 20.5356 0
    endloop
  endfacet
  facet normal 0 0 -1
    outer loop
      vertex -17.2227 25.7756 0
      vertex -16.2181 20.6373 0
      vertex -16.4148 20.7265 0
    endloop
  endfacet
  facet normal 0 0 -1
    outer loop
      vertex -17.2227 25.7756 0
      vertex -16.4148 20.7265 0
      vertex -16.6169 20.8025 0
    endloop
  endfacet
  facet normal 0 0 -1
    outer loop
      vertex -17.2227 25.7756 0
      vertex -16.6169 20.8025 0
      vertex -16.8236 20.8652 0
    endloop
  endfacet
  facet normal 0 0 -1
    outer loop
      vertex -17.2227 25.7756 0
      vertex -16.8236 20.8652 0
      vertex -17.0339 20.9143 0
    endloop
  endfacet
  facet normal 0 0 -1
    outer loop
      vertex -16.2181 20.6373 0
      vertex -17.2227 25.7756 0
      vertex -15.5 26.8468 0
    endloop
  endfacet
  facet normal 0 0 -1
    outer loop
      vertex -17.2469 20.9494 0
      vertex -17.2227 25.7756 0
      vertex -17.0339 20.9143 0
    endloop
  endfacet
  facet normal 0 0 -1
    outer loop
      vertex -18.8716 24.594 0
      vertex -17.2469 20.9494 0
      vertex -17.4618 20.9706 0
    endloop
  endfacet
  facet normal 0 0 -1
    outer loop
      vertex -18.8716 24.594 0
      vertex -17.4618 20.9706 0
      vertex -17.6777 20.9777 0
    endloop
  endfacet
  facet normal 0 0 -1
    outer loop
      vertex -18.8716 24.594 0
      vertex -17.6777 20.9777 0
      vertex -17.8935 20.9706 0
    endloop
  endfacet
  facet normal 0 0 -1
    outer loop
      vertex -18.8716 24.594 0
      vertex -17.8935 20.9706 0
      vertex -18.1084 20.9494 0
    endloop
  endfacet
  facet normal 0 0 -1
    outer loop
      vertex -18.8716 24.594 0
      vertex -18.1084 20.9494 0
      vertex -18.3215 20.9143 0
    endloop
  endfacet
  facet normal 0 0 -1
    outer loop
      vertex -20.4397 23.307 0
      vertex -18.3215 20.9143 0
      vertex -18.5318 20.8652 0
    endloop
  endfacet
  facet normal 0 0 -1
    outer loop
      vertex -20.4397 23.307 0
      vertex -18.5318 20.8652 0
      vertex -18.7384 20.8025 0
    endloop
  endfacet
  facet normal 0 0 -1
    outer loop
      vertex -17.2469 20.9494 0
      vertex -18.8716 24.594 0
      vertex -17.2227 25.7756 0
    endloop
  endfacet
  facet normal 0 0 -1
    outer loop
      vertex -20.4397 23.307 0
      vertex -18.7384 20.8025 0
      vertex -18.9405 20.7265 0
    endloop
  endfacet
  facet normal 0 0 -1
    outer loop
      vertex -20.4397 23.307 0
      vertex -18.9405 20.7265 0
      vertex -19.1372 20.6373 0
    endloop
  endfacet
  facet normal 0 0 -1
    outer loop
      vertex -20.4397 23.307 0
      vertex -19.1372 20.6373 0
      vertex -19.3277 20.5356 0
    endloop
  endfacet
  facet normal 0 0 -1
    outer loop
      vertex -20.4397 23.307 0
      vertex -19.3277 20.5356 0
      vertex -19.5111 20.4215 0
    endloop
  endfacet
  facet normal 0 0 -1
    outer loop
      vertex -21.9203 21.9203 0
      vertex -19.5111 20.4215 0
      vertex -19.6866 20.2957 0
    endloop
  endfacet
  facet normal 0 0 -1
    outer loop
      vertex -21.9203 21.9203 0
      vertex -19.6866 20.2957 0
      vertex -19.8535 20.1587 0
    endloop
  endfacet
  facet normal 0 0 -1
    outer loop
      vertex -21.9203 21.9203 0
      vertex -19.8535 20.1587 0
      vertex -20.0111 20.0111 0
    endloop
  endfacet
  facet normal 0 0 -1
    outer loop
      vertex -21.9203 21.9203 0
      vertex -20.0111 20.0111 0
      vertex -20.1587 19.8535 0
    endloop
  endfacet
  facet normal 0 0 -1
    outer loop
      vertex -21.9203 21.9203 0
      vertex -20.1587 19.8535 0
      vertex -20.2957 19.6866 0
    endloop
  endfacet
  facet normal 0 0 -1
    outer loop
      vertex -21.9203 21.9203 0
      vertex -20.2957 19.6866 0
      vertex -20.4215 19.5111 0
    endloop
  endfacet
  facet normal 0 0 -1
    outer loop
      vertex -18.3215 20.9143 0
      vertex -20.4397 23.307 0
      vertex -18.8716 24.594 0
    endloop
  endfacet
  facet normal 0 0 -1
    outer loop
      vertex -23.307 20.4397 0
      vertex -20.4215 19.5111 0
      vertex -20.5356 19.3277 0
    endloop
  endfacet
  facet normal 0 0 -1
    outer loop
      vertex -23.307 20.4397 0
      vertex -20.5356 19.3277 0
      vertex -20.6373 19.1372 0
    endloop
  endfacet
  facet normal 0 0 -1
    outer loop
      vertex -23.307 20.4397 0
      vertex -20.6373 19.1372 0
      vertex -20.7265 18.9405 0
    endloop
  endfacet
  facet normal 0 0 -1
    outer loop
      vertex -23.307 20.4397 0
      vertex -20.7265 18.9405 0
      vertex -20.8025 18.7384 0
    endloop
  endfacet
  facet normal 0 0 -1
    outer loop
      vertex -23.307 20.4397 0
      vertex -20.8025 18.7384 0
      vertex -20.8652 18.5318 0
    endloop
  endfacet
  facet normal 0 0 -1
    outer loop
      vertex -23.307 20.4397 0
      vertex -20.8652 18.5318 0
      vertex -20.9143 18.3215 0
    endloop
  endfacet
  facet normal 0 0 -1
    outer loop
      vertex -24.594 18.8716 0
      vertex -20.9143 18.3215 0
      vertex -20.9494 18.1084 0
    endloop
  endfacet
  facet normal 0 0 -1
    outer loop
      vertex -24.594 18.8716 0
      vertex -20.9494 18.1084 0
      vertex -20.9706 17.8935 0
    endloop
  endfacet
  facet normal -0 0 -1
    outer loop
      vertex -18.9405 14.6289 0
      vertex -23.7371 3.0488 0
      vertex -19.1372 14.718 0
    endloop
  endfacet
  facet normal 0 0 -1
    outer loop
      vertex -23.9392 3.12487 0
      vertex -19.1372 14.718 0
      vertex -23.7371 3.0488 0
    endloop
  endfacet
  facet normal -0 0 -1
    outer loop
      vertex -19.1372 14.718 0
      vertex -23.9392 3.12487 0
      vertex -19.3277 14.8198 0
    endloop
  endfacet
  facet normal 0 0 -1
    outer loop
      vertex -24.1459 3.18755 0
      vertex -19.3277 14.8198 0
      vertex -23.9392 3.12487 0
    endloop
  endfacet
  facet normal 0 0 -1
    outer loop
      vertex -28.6403 11.8632 0
      vertex -19.3277 14.8198 0
      vertex -24.1459 3.18755 0
    endloop
  endfacet
  facet normal -0 0 -1
    outer loop
      vertex -19.3277 14.8198 0
      vertex -28.6403 11.8632 0
      vertex -19.5111 14.9338 0
    endloop
  endfacet
  facet normal 0 0 -1
    outer loop
      vertex -19.5111 20.4215 0
      vertex -21.9203 21.9203 0
      vertex -20.4397 23.307 0
    endloop
  endfacet
  facet normal -0 0 -1
    outer loop
      vertex -19.5111 14.9338 0
      vertex -28.6403 11.8632 0
      vertex -19.6866 15.0596 0
    endloop
  endfacet
  facet normal 0 -0 -1
    outer loop
      vertex -27.8031 13.7109 0
      vertex -19.6866 15.0596 0
      vertex -28.6403 11.8632 0
    endloop
  endfacet
  facet normal -0 0 -1
    outer loop
      vertex -19.6866 15.0596 0
      vertex -27.8031 13.7109 0
      vertex -19.8535 15.1966 0
    endloop
  endfacet
  facet normal -0 0 -1
    outer loop
      vertex -19.8535 15.1966 0
      vertex -27.8031 13.7109 0
      vertex -20.0111 15.3442 0
    endloop
  endfacet
  facet normal -0 0 -1
    outer loop
      vertex -20.0111 15.3442 0
      vertex -27.8031 13.7109 0
      vertex -20.1587 15.5018 0
    endloop
  endfacet
  facet normal 0 -0 -1
    outer loop
      vertex -26.8468 15.5 0
      vertex -20.1587 15.5018 0
      vertex -27.8031 13.7109 0
    endloop
  endfacet
  facet normal -0 0 -1
    outer loop
      vertex -20.1587 15.5018 0
      vertex -26.8468 15.5 0
      vertex -20.2957 15.6688 0
    endloop
  endfacet
  facet normal -0 0 -1
    outer loop
      vertex -20.2957 15.6688 0
      vertex -26.8468 15.5 0
      vertex -20.4215 15.8443 0
    endloop
  endfacet
  facet normal -0 0 -1
    outer loop
      vertex -20.5356 16.0277 0
      vertex -26.8468 15.5 0
      vertex -20.6373 16.2181 0
    endloop
  endfacet
  facet normal 0 0 -1
    outer loop
      vertex -20.6373 16.2181 0
      vertex -25.7756 17.2227 0
      vertex -20.7265 16.4148 0
    endloop
  endfacet
  facet normal 0 0 -1
    outer loop
      vertex -20.7265 16.4148 0
      vertex -25.7756 17.2227 0
      vertex -20.8025 16.6169 0
    endloop
  endfacet
  facet normal 0 0 -1
    outer loop
      vertex -20.4215 19.5111 0
      vertex -23.307 20.4397 0
      vertex -21.9203 21.9203 0
    endloop
  endfacet
  facet normal 0 0 -1
    outer loop
      vertex -20.8025 16.6169 0
      vertex -25.7756 17.2227 0
      vertex -20.8652 16.8236 0
    endloop
  endfacet
  facet normal 0 0 -1
    outer loop
      vertex -20.9143 17.0339 0
      vertex -25.7756 17.2227 0
      vertex -20.9494 17.2469 0
    endloop
  endfacet
  facet normal 0 -0 -1
    outer loop
      vertex -24.594 18.8716 0
      vertex -20.9494 17.2469 0
      vertex -25.7756 17.2227 0
    endloop
  endfacet
  facet normal 0 0 -1
    outer loop
      vertex -20.8652 16.8236 0
      vertex -25.7756 17.2227 0
      vertex -20.9143 17.0339 0
    endloop
  endfacet
  facet normal -0 0 -1
    outer loop
      vertex -20.4215 15.8443 0
      vertex -26.8468 15.5 0
      vertex -20.5356 16.0277 0
    endloop
  endfacet
  facet normal 0 0 -1
    outer loop
      vertex -28.6403 11.8632 0
      vertex -24.1459 3.18755 0
      vertex -24.3562 3.23659 0
    endloop
  endfacet
  facet normal 0 0 -1
    outer loop
      vertex -28.6403 11.8632 0
      vertex -24.3562 3.23659 0
      vertex -24.5693 3.27177 0
    endloop
  endfacet
  facet normal 0 0 -1
    outer loop
      vertex -20.9143 18.3215 0
      vertex -24.594 18.8716 0
      vertex -23.307 20.4397 0
    endloop
  endfacet
  facet normal 0 0 -1
    outer loop
      vertex -29.3548 9.96462 0
      vertex -24.5693 3.27177 0
      vertex -24.7842 3.29293 0
    endloop
  endfacet
  facet normal 0 0 -1
    outer loop
      vertex -29.3548 9.96462 0
      vertex -24.7842 3.29293 0
      vertex -25 3.3 0
    endloop
  endfacet
  facet normal 0 0 -1
    outer loop
      vertex -29.3548 9.96462 0
      vertex -25 3.3 0
      vertex -25.2158 3.29293 0
    endloop
  endfacet
  facet normal 0 0 -1
    outer loop
      vertex -29.9437 8.02339 0
      vertex -25.2158 3.29293 0
      vertex -25.4307 3.27177 0
    endloop
  endfacet
  facet normal 0 0 -1
    outer loop
      vertex -29.9437 8.02339 0
      vertex -25.4307 3.27177 0
      vertex -25.6438 3.23659 0
    endloop
  endfacet
  facet normal 0 0 -1
    outer loop
      vertex -20.9777 17.6777 0
      vertex -24.594 18.8716 0
      vertex -20.9706 17.8935 0
    endloop
  endfacet
  facet normal 0 0 -1
    outer loop
      vertex -29.9437 8.02339 0
      vertex -25.6438 3.23659 0
      vertex -25.8541 3.18755 0
    endloop
  endfacet
  facet normal 0 0 -1
    outer loop
      vertex -29.9437 8.02339 0
      vertex -25.8541 3.18755 0
      vertex -26.0607 3.12487 0
    endloop
  endfacet
  facet normal 0 0 -1
    outer loop
      vertex -30.4043 6.0478 0
      vertex -26.0607 3.12487 0
      vertex -26.2629 3.0488 0
    endloop
  endfacet
  facet normal 0 0 -1
    outer loop
      vertex -30.4043 6.0478 0
      vertex -26.2629 3.0488 0
      vertex -26.4596 2.95968 0
    endloop
  endfacet
  facet normal 0 0 -1
    outer loop
      vertex -30.4122 6 0
      vertex -26.4596 2.95968 0
      vertex -26.65 2.85788 0
    endloop
  endfacet
  facet normal 0 0 -1
    outer loop
      vertex -30.4122 6 0
      vertex -26.65 2.85788 0
      vertex -26.8334 2.74385 0
    endloop
  endfacet
  facet normal 0 0 -1
    outer loop
      vertex -20.9706 17.4618 0
      vertex -24.594 18.8716 0
      vertex -20.9777 17.6777 0
    endloop
  endfacet
  facet normal 0 0 -1
    outer loop
      vertex -30.4122 6 0
      vertex -26.8334 2.74385 0
      vertex -27.0089 2.61807 0
    endloop
  endfacet
  facet normal 0 0 -1
    outer loop
      vertex -30.4122 6 0
      vertex -27.0089 2.61807 0
      vertex -27.1758 2.48107 0
    endloop
  endfacet
  facet normal 0 0 -1
    outer loop
      vertex -30.4122 6 0
      vertex -27.1758 2.48107 0
      vertex -27.3335 2.33345 0
    endloop
  endfacet
  facet normal 0 0 -1
    outer loop
      vertex -30.4122 6 0
      vertex -27.3335 2.33345 0
      vertex -27.4811 2.17584 0
    endloop
  endfacet
  facet normal 0 0 -1
    outer loop
      vertex -30.4122 6 0
      vertex -27.4811 2.17584 0
      vertex -27.6181 2.00891 0
    endloop
  endfacet
  facet normal 0 0 -1
    outer loop
      vertex -30.4122 6 0
      vertex -27.6181 2.00891 0
      vertex -27.7438 1.83338 0
    endloop
  endfacet
  facet normal 0 0 -1
    outer loop
      vertex -20.9494 17.2469 0
      vertex -24.594 18.8716 0
      vertex -20.9706 17.4618 0
    endloop
  endfacet
  facet normal 0 0 -1
    outer loop
      vertex -30.4122 6 0
      vertex -27.7438 1.83338 0
      vertex -27.8579 1.65 0
    endloop
  endfacet
  facet normal 0 0 -1
    outer loop
      vertex -30.4122 6 0
      vertex -27.8579 1.65 0
      vertex -27.9597 1.45955 0
    endloop
  endfacet
  facet normal 0 0 -1
    outer loop
      vertex -30.4122 6 0
      vertex -27.9597 1.45955 0
      vertex -28.0488 1.26285 0
    endloop
  endfacet
  facet normal 0 0 -1
    outer loop
      vertex -30.4122 6 0
      vertex -28.0488 1.26285 0
      vertex -28.1249 1.06075 0
    endloop
  endfacet
  facet normal 0 0 -1
    outer loop
      vertex -30.4122 6 0
      vertex -28.1249 1.06075 0
      vertex -28.1876 0.854102 0
    endloop
  endfacet
  facet normal 0 0 -1
    outer loop
      vertex -30.4122 6 0
      vertex -28.1876 0.854102 0
      vertex -28.2366 0.643798 0
    endloop
  endfacet
  facet normal 0 0 -1
    outer loop
      vertex -30.4122 6 0
      vertex -28.2366 0.643798 0
      vertex -28.2718 0.430736 0
    endloop
  endfacet
  facet normal 0 0 -1
    outer loop
      vertex -30.4122 6 0
      vertex -28.2718 0.430736 0
      vertex -28.2929 0.21583 0
    endloop
  endfacet
  facet normal 0 -0 -1
    outer loop
      vertex -25.7756 17.2227 0
      vertex -20.6373 16.2181 0
      vertex -26.8468 15.5 0
    endloop
  endfacet
  facet normal 0 0 -1
    outer loop
      vertex -30.4122 6 0
      vertex -28.2929 0.21583 0
      vertex -28.3 0 0
    endloop
  endfacet
  facet normal -0 0 -1
    outer loop
      vertex -28.1876 -0.854102 0
      vertex -30.4122 -6 0
      vertex -28.2366 -0.643798 0
    endloop
  endfacet
  facet normal -0 0 -1
    outer loop
      vertex -28.2366 -0.643798 0
      vertex -30.4122 -6 0
      vertex -28.2718 -0.430736 0
    endloop
  endfacet
  facet normal 0 0 -1
    outer loop
      vertex -24.5693 3.27177 0
      vertex -29.3548 9.96462 0
      vertex -28.6403 11.8632 0
    endloop
  endfacet
  facet normal -0 0 -1
    outer loop
      vertex -28.2718 -0.430736 0
      vertex -30.4122 -6 0
      vertex -28.2929 -0.21583 0
    endloop
  endfacet
  facet normal 0 0 -1
    outer loop
      vertex -25.2158 3.29293 0
      vertex -29.9437 8.02339 0
      vertex -29.3548 9.96462 0
    endloop
  endfacet
  facet normal -0 0 -1
    outer loop
      vertex -28.2929 -0.21583 0
      vertex -30.4122 -6 0
      vertex -28.3 0 0
    endloop
  endfacet
  facet normal 0 0 -1
    outer loop
      vertex -30.4122 6 0
      vertex -28.3 0 0
      vertex -30.4122 -6 0
    endloop
  endfacet
  facet normal 0 0 -1
    outer loop
      vertex -26.4596 2.95968 0
      vertex -30.4122 6 0
      vertex -30.4043 6.0478 0
    endloop
  endfacet
  facet normal 0 0 -1
    outer loop
      vertex -26.0607 3.12487 0
      vertex -30.4043 6.0478 0
      vertex -29.9437 8.02339 0
    endloop
  endfacet
  facet normal 0 0 -1
    outer loop
      vertex -55 -6 0
      vertex -30.4122 6 0
      vertex -30.4122 -6 0
    endloop
  endfacet
  facet normal -0 0 -1
    outer loop
      vertex -30.4122 6 0
      vertex -55 -6 0
      vertex -55 6 0
    endloop
  endfacet
  facet normal -0 0 -1
    outer loop
      vertex -9.74018 -12.6937 0
      vertex -14.718 -16.2181 0
      vertex -10.5495 -12.0294 0
    endloop
  endfacet
  facet normal 0 0 -1
    outer loop
      vertex -14.8198 -16.0277 0
      vertex -10.5495 -12.0294 0
      vertex -14.718 -16.2181 0
    endloop
  endfacet
  facet normal 0 0 -1
    outer loop
      vertex -14.9338 -15.8443 0
      vertex -10.5495 -12.0294 0
      vertex -14.8198 -16.0277 0
    endloop
  endfacet
  facet normal 0 0 -1
    outer loop
      vertex -15.0596 -15.6688 0
      vertex -10.5495 -12.0294 0
      vertex -14.9338 -15.8443 0
    endloop
  endfacet
  facet normal -0 0 -1
    outer loop
      vertex -10.5495 -12.0294 0
      vertex -15.0596 -15.6688 0
      vertex -11.3137 -11.3137 0
    endloop
  endfacet
  facet normal 0 0 -1
    outer loop
      vertex -15.1966 -15.5018 0
      vertex -11.3137 -11.3137 0
      vertex -15.0596 -15.6688 0
    endloop
  endfacet
  facet normal 0 0 -1
    outer loop
      vertex -15.3442 -15.3442 0
      vertex -11.3137 -11.3137 0
      vertex -15.1966 -15.5018 0
    endloop
  endfacet
  facet normal 0 0 -1
    outer loop
      vertex -15.5018 -15.1966 0
      vertex -11.3137 -11.3137 0
      vertex -15.3442 -15.3442 0
    endloop
  endfacet
  facet normal -0 0 -1
    outer loop
      vertex -11.3137 -11.3137 0
      vertex -15.5018 -15.1966 0
      vertex -12.0294 -10.5495 0
    endloop
  endfacet
  facet normal 0 0 -1
    outer loop
      vertex -15.6688 -15.0596 0
      vertex -12.0294 -10.5495 0
      vertex -15.5018 -15.1966 0
    endloop
  endfacet
  facet normal 0 0 -1
    outer loop
      vertex -15.8443 -14.9338 0
      vertex -12.0294 -10.5495 0
      vertex -15.6688 -15.0596 0
    endloop
  endfacet
  facet normal 0 0 -1
    outer loop
      vertex -16.0277 -14.8198 0
      vertex -12.0294 -10.5495 0
      vertex -15.8443 -14.9338 0
    endloop
  endfacet
  facet normal -0 0 -1
    outer loop
      vertex -12.0294 -10.5495 0
      vertex -16.0277 -14.8198 0
      vertex -12.6937 -9.74018 0
    endloop
  endfacet
  facet normal 0 0 -1
    outer loop
      vertex -16.2181 -14.718 0
      vertex -12.6937 -9.74018 0
      vertex -16.0277 -14.8198 0
    endloop
  endfacet
  facet normal 0 0 -1
    outer loop
      vertex -16.4148 -14.6289 0
      vertex -12.6937 -9.74018 0
      vertex -16.2181 -14.718 0
    endloop
  endfacet
  facet normal 0 0 -1
    outer loop
      vertex -16.6169 -14.5528 0
      vertex -12.6937 -9.74018 0
      vertex -16.4148 -14.6289 0
    endloop
  endfacet
  facet normal -0 0 -1
    outer loop
      vertex -12.6937 -9.74018 0
      vertex -16.6169 -14.5528 0
      vertex -13.3035 -8.88912 0
    endloop
  endfacet
  facet normal 0 0 -1
    outer loop
      vertex -16.8236 -14.4901 0
      vertex -13.3035 -8.88912 0
      vertex -16.6169 -14.5528 0
    endloop
  endfacet
  facet normal 0 0 -1
    outer loop
      vertex -17.0339 -14.4411 0
      vertex -13.3035 -8.88912 0
      vertex -16.8236 -14.4901 0
    endloop
  endfacet
  facet normal 0 0 -1
    outer loop
      vertex -17.2469 -14.4059 0
      vertex -13.3035 -8.88912 0
      vertex -17.0339 -14.4411 0
    endloop
  endfacet
  facet normal -0 0 -1
    outer loop
      vertex -13.3035 -8.88912 0
      vertex -17.2469 -14.4059 0
      vertex -13.8564 -8 0
    endloop
  endfacet
  facet normal 0 0 -1
    outer loop
      vertex -17.4618 -14.3847 0
      vertex -13.8564 -8 0
      vertex -17.2469 -14.4059 0
    endloop
  endfacet
  facet normal 0 0 -1
    outer loop
      vertex -17.6777 -14.3777 0
      vertex -13.8564 -8 0
      vertex -17.4618 -14.3847 0
    endloop
  endfacet
  facet normal 0 0 -1
    outer loop
      vertex 9.96462 29.3548 0
      vertex 3.29293 24.7842 0
      vertex 3.3 25 0
    endloop
  endfacet
  facet normal 0 0 -1
    outer loop
      vertex 5.14303 15.1509 0
      vertex 3.27177 24.5693 0
      vertex 3.29293 24.7842 0
    endloop
  endfacet
  facet normal 0 0 -1
    outer loop
      vertex 5.14303 15.1509 0
      vertex 3.23659 24.3562 0
      vertex 3.27177 24.5693 0
    endloop
  endfacet
  facet normal 0 0 -1
    outer loop
      vertex 5.14303 15.1509 0
      vertex 3.18755 24.1459 0
      vertex 3.23659 24.3562 0
    endloop
  endfacet
  facet normal 0 0 -1
    outer loop
      vertex 5.14303 15.1509 0
      vertex 3.12487 23.9392 0
      vertex 3.18755 24.1459 0
    endloop
  endfacet
  facet normal 0 0 -1
    outer loop
      vertex 2.00891 22.3819 0
      vertex 4.1411 15.4548 0
      vertex 3.12144 15.6926 0
    endloop
  endfacet
  facet normal 0 0 -1
    outer loop
      vertex 5.14303 15.1509 0
      vertex 3.0488 23.7371 0
      vertex 3.12487 23.9392 0
    endloop
  endfacet
  facet normal 0 0 -1
    outer loop
      vertex 5.14303 15.1509 0
      vertex 2.95968 23.5404 0
      vertex 3.0488 23.7371 0
    endloop
  endfacet
  facet normal 0 0 -1
    outer loop
      vertex 5.14303 15.1509 0
      vertex 2.85788 23.35 0
      vertex 2.95968 23.5404 0
    endloop
  endfacet
  facet normal 0 0 -1
    outer loop
      vertex 5.14303 15.1509 0
      vertex 2.74385 23.1666 0
      vertex 2.85788 23.35 0
    endloop
  endfacet
  facet normal 0 0 -1
    outer loop
      vertex 5.14303 15.1509 0
      vertex 2.61807 22.9911 0
      vertex 2.74385 23.1666 0
    endloop
  endfacet
  facet normal 0 0 -1
    outer loop
      vertex 5.14303 15.1509 0
      vertex 2.48107 22.8242 0
      vertex 2.61807 22.9911 0
    endloop
  endfacet
  facet normal 0 0 -1
    outer loop
      vertex 4.1411 15.4548 0
      vertex 2.33345 22.6665 0
      vertex 2.48107 22.8242 0
    endloop
  endfacet
  facet normal 0 0 -1
    outer loop
      vertex 4.1411 15.4548 0
      vertex 2.17584 22.5189 0
      vertex 2.33345 22.6665 0
    endloop
  endfacet
  facet normal 0 0 -1
    outer loop
      vertex 1.65 22.1421 0
      vertex 3.12144 15.6926 0
      vertex 2.08842 15.8631 0
    endloop
  endfacet
  facet normal 0 0 -1
    outer loop
      vertex 4.1411 15.4548 0
      vertex 2.00891 22.3819 0
      vertex 2.17584 22.5189 0
    endloop
  endfacet
  facet normal 0 0 -1
    outer loop
      vertex 3.12144 15.6926 0
      vertex 1.83338 22.2561 0
      vertex 2.00891 22.3819 0
    endloop
  endfacet
  facet normal 0 0 -1
    outer loop
      vertex 3.12144 15.6926 0
      vertex 1.65 22.1421 0
      vertex 1.83338 22.2561 0
    endloop
  endfacet
  facet normal 0 0 -1
    outer loop
      vertex 2.08842 15.8631 0
      vertex 1.45955 22.0403 0
      vertex 1.65 22.1421 0
    endloop
  endfacet
  facet normal 0 0 -1
    outer loop
      vertex 2.08842 15.8631 0
      vertex 1.26285 21.9512 0
      vertex 1.45955 22.0403 0
    endloop
  endfacet
  facet normal 0 0 -1
    outer loop
      vertex 2.08842 15.8631 0
      vertex 1.06075 21.8751 0
      vertex 1.26285 21.9512 0
    endloop
  endfacet
  facet normal 0 0 -1
    outer loop
      vertex 1.04645 15.9657 0
      vertex 1.06075 21.8751 0
      vertex 2.08842 15.8631 0
    endloop
  endfacet
  facet normal 0 0 -1
    outer loop
      vertex 1.04645 15.9657 0
      vertex 0.854102 21.8124 0
      vertex 1.06075 21.8751 0
    endloop
  endfacet
  facet normal 0 0 -1
    outer loop
      vertex 1.04645 15.9657 0
      vertex 0.643798 21.7634 0
      vertex 0.854102 21.8124 0
    endloop
  endfacet
  facet normal 0 0 -1
    outer loop
      vertex 1.04645 15.9657 0
      vertex 0.430736 21.7282 0
      vertex 0.643798 21.7634 0
    endloop
  endfacet
  facet normal 0 0 -1
    outer loop
      vertex 1.04645 15.9657 0
      vertex 0.21583 21.7071 0
      vertex 0.430736 21.7282 0
    endloop
  endfacet
  facet normal 0 0 -1
    outer loop
      vertex 0 16 0
      vertex 0.21583 21.7071 0
      vertex 1.04645 15.9657 0
    endloop
  endfacet
  facet normal 0 0 -1
    outer loop
      vertex 0 16 0
      vertex 0 21.7 0
      vertex 0.21583 21.7071 0
    endloop
  endfacet
  facet normal 0 0 -1
    outer loop
      vertex 0 16 0
      vertex -0.21583 21.7071 0
      vertex 0 21.7 0
    endloop
  endfacet
  facet normal 0 0 -1
    outer loop
      vertex 0 16 0
      vertex -0.430736 21.7282 0
      vertex -0.21583 21.7071 0
    endloop
  endfacet
  facet normal 0 0 -1
    outer loop
      vertex -1.04645 15.9657 0
      vertex -0.430736 21.7282 0
      vertex 0 16 0
    endloop
  endfacet
  facet normal -0 0 -1
    outer loop
      vertex -0.430736 21.7282 0
      vertex -1.04645 15.9657 0
      vertex -0.643798 21.7634 0
    endloop
  endfacet
  facet normal -0 0 -1
    outer loop
      vertex -0.643798 21.7634 0
      vertex -1.04645 15.9657 0
      vertex -0.854102 21.8124 0
    endloop
  endfacet
  facet normal 0 0 -1
    outer loop
      vertex -1.04645 15.9657 0
      vertex -1.06075 21.8751 0
      vertex -0.854102 21.8124 0
    endloop
  endfacet
  facet normal 0 0 -1
    outer loop
      vertex -2.08842 15.8631 0
      vertex -1.06075 21.8751 0
      vertex -1.04645 15.9657 0
    endloop
  endfacet
  facet normal -0 0 -1
    outer loop
      vertex -1.06075 21.8751 0
      vertex -2.08842 15.8631 0
      vertex -1.26285 21.9512 0
    endloop
  endfacet
  facet normal -0 0 -1
    outer loop
      vertex -1.26285 21.9512 0
      vertex -2.08842 15.8631 0
      vertex -1.45955 22.0403 0
    endloop
  endfacet
  facet normal -0 0 -1
    outer loop
      vertex -1.45955 22.0403 0
      vertex -2.08842 15.8631 0
      vertex -1.65 22.1421 0
    endloop
  endfacet
  facet normal 0 0 -1
    outer loop
      vertex -3.12144 15.6926 0
      vertex -1.65 22.1421 0
      vertex -2.08842 15.8631 0
    endloop
  endfacet
  facet normal -0 0 -1
    outer loop
      vertex -1.65 22.1421 0
      vertex -3.12144 15.6926 0
      vertex -1.83338 22.2561 0
    endloop
  endfacet
  facet normal -0 0 -1
    outer loop
      vertex -1.83338 22.2561 0
      vertex -3.12144 15.6926 0
      vertex -2.00891 22.3819 0
    endloop
  endfacet
  facet normal 0 0 -1
    outer loop
      vertex -4.1411 15.4548 0
      vertex -2.00891 22.3819 0
      vertex -3.12144 15.6926 0
    endloop
  endfacet
  facet normal -0 0 -1
    outer loop
      vertex -2.00891 22.3819 0
      vertex -4.1411 15.4548 0
      vertex -2.17584 22.5189 0
    endloop
  endfacet
  facet normal -0 0 -1
    outer loop
      vertex -2.17584 22.5189 0
      vertex -4.1411 15.4548 0
      vertex -2.33345 22.6665 0
    endloop
  endfacet
  facet normal -0 0 -1
    outer loop
      vertex -2.33345 22.6665 0
      vertex -4.1411 15.4548 0
      vertex -2.48107 22.8242 0
    endloop
  endfacet
  facet normal 0 0 -1
    outer loop
      vertex -5.14303 15.1509 0
      vertex -2.48107 22.8242 0
      vertex -4.1411 15.4548 0
    endloop
  endfacet
  facet normal -0 0 -1
    outer loop
      vertex -2.48107 22.8242 0
      vertex -5.14303 15.1509 0
      vertex -2.61807 22.9911 0
    endloop
  endfacet
  facet normal -0 0 -1
    outer loop
      vertex -2.61807 22.9911 0
      vertex -5.14303 15.1509 0
      vertex -2.74385 23.1666 0
    endloop
  endfacet
  facet normal -0 0 -1
    outer loop
      vertex -2.74385 23.1666 0
      vertex -5.14303 15.1509 0
      vertex -2.85788 23.35 0
    endloop
  endfacet
  facet normal 0 0 -1
    outer loop
      vertex -6.12293 14.7821 0
      vertex -2.85788 23.35 0
      vertex -5.14303 15.1509 0
    endloop
  endfacet
  facet normal -0 0 -1
    outer loop
      vertex -2.85788 23.35 0
      vertex -6.12293 14.7821 0
      vertex -2.95968 23.5404 0
    endloop
  endfacet
  facet normal 0 0 -1
    outer loop
      vertex -14.5528 18.7384 0
      vertex -2.95968 23.5404 0
      vertex -6.12293 14.7821 0
    endloop
  endfacet
  facet normal -0 0 -1
    outer loop
      vertex -2.95968 23.5404 0
      vertex -14.5528 18.7384 0
      vertex -3.0488 23.7371 0
    endloop
  endfacet
  facet normal 0 0 -1
    outer loop
      vertex -14.6289 18.9405 0
      vertex -3.0488 23.7371 0
      vertex -14.5528 18.7384 0
    endloop
  endfacet
  facet normal -0 0 -1
    outer loop
      vertex -3.0488 23.7371 0
      vertex -14.6289 18.9405 0
      vertex -3.12487 23.9392 0
    endloop
  endfacet
  facet normal 0 0 -1
    outer loop
      vertex -6.0478 30.4043 0
      vertex -3.27177 24.5693 0
      vertex -3.23659 24.3562 0
    endloop
  endfacet
  facet normal 0 0 -1
    outer loop
      vertex -6 -30.4122 0
      vertex 6 -30.4122 0
      vertex 6 -55 0
    endloop
  endfacet
  facet normal 0 -0 -1
    outer loop
      vertex 3.29293 -25.2158 0
      vertex 6 -30.4122 0
      vertex 3.27177 -25.4307 0
    endloop
  endfacet
  facet normal 0 0 -1
    outer loop
      vertex 3.29293 -24.7842 0
      vertex 6 -30.4122 0
      vertex 3.3 -25 0
    endloop
  endfacet
  facet normal 0 0 -1
    outer loop
      vertex 3.27177 -24.5693 0
      vertex 6 -30.4122 0
      vertex 3.29293 -24.7842 0
    endloop
  endfacet
  facet normal 0 -0 -1
    outer loop
      vertex 3.3 -25 0
      vertex 6 -30.4122 0
      vertex 3.29293 -25.2158 0
    endloop
  endfacet
  facet normal 0 0 -1
    outer loop
      vertex 6 -30.4122 0
      vertex 3.23659 -25.6438 0
      vertex 3.27177 -25.4307 0
    endloop
  endfacet
  facet normal 0 0 -1
    outer loop
      vertex 6 -30.4122 0
      vertex 3.18755 -25.8541 0
      vertex 3.23659 -25.6438 0
    endloop
  endfacet
  facet normal 0 0 -1
    outer loop
      vertex 6 -30.4122 0
      vertex 3.12487 -26.0607 0
      vertex 3.18755 -25.8541 0
    endloop
  endfacet
  facet normal 0 0 -1
    outer loop
      vertex 6 -30.4122 0
      vertex 3.0488 -26.2629 0
      vertex 3.12487 -26.0607 0
    endloop
  endfacet
  facet normal 0 0 -1
    outer loop
      vertex 6 -30.4122 0
      vertex 2.95968 -26.4596 0
      vertex 3.0488 -26.2629 0
    endloop
  endfacet
  facet normal 0 0 -1
    outer loop
      vertex 6 -30.4122 0
      vertex 2.85788 -26.65 0
      vertex 2.95968 -26.4596 0
    endloop
  endfacet
  facet normal 0 0 -1
    outer loop
      vertex 6 -30.4122 0
      vertex 2.74385 -26.8334 0
      vertex 2.85788 -26.65 0
    endloop
  endfacet
  facet normal 0 0 -1
    outer loop
      vertex 6 -30.4122 0
      vertex 2.61807 -27.0089 0
      vertex 2.74385 -26.8334 0
    endloop
  endfacet
  facet normal 0 0 -1
    outer loop
      vertex 6 -30.4122 0
      vertex 2.48107 -27.1758 0
      vertex 2.61807 -27.0089 0
    endloop
  endfacet
  facet normal 0 0 -1
    outer loop
      vertex 6 -30.4122 0
      vertex 2.33345 -27.3335 0
      vertex 2.48107 -27.1758 0
    endloop
  endfacet
  facet normal 0 0 -1
    outer loop
      vertex 6 -30.4122 0
      vertex 2.17584 -27.4811 0
      vertex 2.33345 -27.3335 0
    endloop
  endfacet
  facet normal 0 0 -1
    outer loop
      vertex 6 -30.4122 0
      vertex 2.00891 -27.6181 0
      vertex 2.17584 -27.4811 0
    endloop
  endfacet
  facet normal 0 0 -1
    outer loop
      vertex 6 -30.4122 0
      vertex 1.83338 -27.7438 0
      vertex 2.00891 -27.6181 0
    endloop
  endfacet
  facet normal 0 0 -1
    outer loop
      vertex 6 -30.4122 0
      vertex 1.65 -27.8579 0
      vertex 1.83338 -27.7438 0
    endloop
  endfacet
  facet normal 0 0 -1
    outer loop
      vertex 6 -30.4122 0
      vertex 1.45955 -27.9597 0
      vertex 1.65 -27.8579 0
    endloop
  endfacet
  facet normal 0 0 -1
    outer loop
      vertex 6 -30.4122 0
      vertex 1.26285 -28.0488 0
      vertex 1.45955 -27.9597 0
    endloop
  endfacet
  facet normal 0 0 -1
    outer loop
      vertex 6 -30.4122 0
      vertex 1.06075 -28.1249 0
      vertex 1.26285 -28.0488 0
    endloop
  endfacet
  facet normal 0 0 -1
    outer loop
      vertex 6 -30.4122 0
      vertex 0.854102 -28.1876 0
      vertex 1.06075 -28.1249 0
    endloop
  endfacet
  facet normal 0 0 -1
    outer loop
      vertex 6 -30.4122 0
      vertex 0.643798 -28.2366 0
      vertex 0.854102 -28.1876 0
    endloop
  endfacet
  facet normal 0 0 -1
    outer loop
      vertex 6 -30.4122 0
      vertex 0.430736 -28.2718 0
      vertex 0.643798 -28.2366 0
    endloop
  endfacet
  facet normal 0 0 -1
    outer loop
      vertex 6 -30.4122 0
      vertex 0.21583 -28.2929 0
      vertex 0.430736 -28.2718 0
    endloop
  endfacet
  facet normal 0 -0 -1
    outer loop
      vertex 0 -28.3 0
      vertex 6 -30.4122 0
      vertex -6 -30.4122 0
    endloop
  endfacet
  facet normal 0 0 -1
    outer loop
      vertex 6 -30.4122 0
      vertex 0 -28.3 0
      vertex 0.21583 -28.2929 0
    endloop
  endfacet
  facet normal -0 0 -1
    outer loop
      vertex 0 -28.3 0
      vertex -6 -30.4122 0
      vertex -0.21583 -28.2929 0
    endloop
  endfacet
  facet normal -0 0 -1
    outer loop
      vertex -0.21583 -28.2929 0
      vertex -6 -30.4122 0
      vertex -0.430736 -28.2718 0
    endloop
  endfacet
  facet normal -0 0 -1
    outer loop
      vertex -0.430736 -28.2718 0
      vertex -6 -30.4122 0
      vertex -0.643798 -28.2366 0
    endloop
  endfacet
  facet normal -0 0 -1
    outer loop
      vertex -0.643798 -28.2366 0
      vertex -6 -30.4122 0
      vertex -0.854102 -28.1876 0
    endloop
  endfacet
  facet normal -0 0 -1
    outer loop
      vertex -0.854102 -28.1876 0
      vertex -6 -30.4122 0
      vertex -1.06075 -28.1249 0
    endloop
  endfacet
  facet normal -0 0 -1
    outer loop
      vertex -1.06075 -28.1249 0
      vertex -6 -30.4122 0
      vertex -1.26285 -28.0488 0
    endloop
  endfacet
  facet normal -0 0 -1
    outer loop
      vertex -1.26285 -28.0488 0
      vertex -6 -30.4122 0
      vertex -1.45955 -27.9597 0
    endloop
  endfacet
  facet normal -0 0 -1
    outer loop
      vertex -1.45955 -27.9597 0
      vertex -6 -30.4122 0
      vertex -1.65 -27.8579 0
    endloop
  endfacet
  facet normal -0 0 -1
    outer loop
      vertex -1.65 -27.8579 0
      vertex -6 -30.4122 0
      vertex -1.83338 -27.7438 0
    endloop
  endfacet
  facet normal -0 0 -1
    outer loop
      vertex -1.83338 -27.7438 0
      vertex -6 -30.4122 0
      vertex -2.00891 -27.6181 0
    endloop
  endfacet
  facet normal -0 0 -1
    outer loop
      vertex -2.00891 -27.6181 0
      vertex -6 -30.4122 0
      vertex -2.17584 -27.4811 0
    endloop
  endfacet
  facet normal -0 0 -1
    outer loop
      vertex -2.17584 -27.4811 0
      vertex -6 -30.4122 0
      vertex -2.33345 -27.3335 0
    endloop
  endfacet
  facet normal -0 0 -1
    outer loop
      vertex -2.33345 -27.3335 0
      vertex -6 -30.4122 0
      vertex -2.48107 -27.1758 0
    endloop
  endfacet
  facet normal -0 0 -1
    outer loop
      vertex -2.48107 -27.1758 0
      vertex -6 -30.4122 0
      vertex -2.61807 -27.0089 0
    endloop
  endfacet
  facet normal -0 0 -1
    outer loop
      vertex -2.61807 -27.0089 0
      vertex -6 -30.4122 0
      vertex -2.74385 -26.8334 0
    endloop
  endfacet
  facet normal -0 0 -1
    outer loop
      vertex -2.74385 -26.8334 0
      vertex -6 -30.4122 0
      vertex -2.85788 -26.65 0
    endloop
  endfacet
  facet normal -0 0 -1
    outer loop
      vertex -2.85788 -26.65 0
      vertex -6 -30.4122 0
      vertex -2.95968 -26.4596 0
    endloop
  endfacet
  facet normal 0 0 -1
    outer loop
      vertex -6.0478 -30.4043 0
      vertex -2.95968 -26.4596 0
      vertex -6 -30.4122 0
    endloop
  endfacet
  facet normal 0 0 -1
    outer loop
      vertex -9.96462 -29.3548 0
      vertex -3.3 -25 0
      vertex -3.29293 -25.2158 0
    endloop
  endfacet
  facet normal 0 0 -1
    outer loop
      vertex -3.3 -25 0
      vertex -5.14303 -15.1509 0
      vertex -4.1411 -15.4548 0
    endloop
  endfacet
  facet normal 0 0 -1
    outer loop
      vertex -8.02339 -29.9437 0
      vertex -3.29293 -25.2158 0
      vertex -3.27177 -25.4307 0
    endloop
  endfacet
  facet normal 0 0 -1
    outer loop
      vertex -8.02339 -29.9437 0
      vertex -3.27177 -25.4307 0
      vertex -3.23659 -25.6438 0
    endloop
  endfacet
  facet normal 0 0 -1
    outer loop
      vertex -6 -30.4122 0
      vertex 6 -55 0
      vertex -6 -55 0
    endloop
  endfacet
  facet normal -0 0 -1
    outer loop
      vertex -2.95968 -26.4596 0
      vertex -6.0478 -30.4043 0
      vertex -3.0488 -26.2629 0
    endloop
  endfacet
  facet normal -0 0 -1
    outer loop
      vertex -3.0488 -26.2629 0
      vertex -6.0478 -30.4043 0
      vertex -3.12487 -26.0607 0
    endloop
  endfacet
  facet normal 0 0 -1
    outer loop
      vertex -8.02339 -29.9437 0
      vertex -3.12487 -26.0607 0
      vertex -6.0478 -30.4043 0
    endloop
  endfacet
  facet normal -0 0 -1
    outer loop
      vertex -3.12487 -26.0607 0
      vertex -8.02339 -29.9437 0
      vertex -3.18755 -25.8541 0
    endloop
  endfacet
  facet normal -0 0 -1
    outer loop
      vertex -3.18755 -25.8541 0
      vertex -8.02339 -29.9437 0
      vertex -3.23659 -25.6438 0
    endloop
  endfacet
  facet normal 0 0 -1
    outer loop
      vertex -3.29293 -25.2158 0
      vertex -8.02339 -29.9437 0
      vertex -9.96462 -29.3548 0
    endloop
  endfacet
  facet normal 0 0 -1
    outer loop
      vertex -3.3 -25 0
      vertex -9.96462 -29.3548 0
      vertex -11.8632 -28.6403 0
    endloop
  endfacet
  facet normal 0 0 -1
    outer loop
      vertex -3.3 -25 0
      vertex -14.6289 -18.9405 0
      vertex -14.5528 -18.7384 0
    endloop
  endfacet
  facet normal 0 0 -1
    outer loop
      vertex -3.3 -25 0
      vertex -6.12293 -14.7821 0
      vertex -5.14303 -15.1509 0
    endloop
  endfacet
  facet normal 0 0 -1
    outer loop
      vertex -3.3 -25 0
      vertex -14.5528 -18.7384 0
      vertex -6.12293 -14.7821 0
    endloop
  endfacet
  facet normal 0 -0 -1
    outer loop
      vertex -14.4411 -18.3215 0
      vertex -7.07662 -14.35 0
      vertex -14.4901 -18.5318 0
    endloop
  endfacet
  facet normal 0 -0 -1
    outer loop
      vertex -14.4901 -18.5318 0
      vertex -6.12293 -14.7821 0
      vertex -14.5528 -18.7384 0
    endloop
  endfacet
  facet normal 0 -0 -1
    outer loop
      vertex -14.3847 -17.8935 0
      vertex -7.07662 -14.35 0
      vertex -14.4059 -18.1084 0
    endloop
  endfacet
  facet normal 0 -0 -1
    outer loop
      vertex -14.3777 -17.6777 0
      vertex -8 -13.8564 0
      vertex -14.3847 -17.8935 0
    endloop
  endfacet
  facet normal -0 0 -1
    outer loop
      vertex -3.3 -25 0
      vertex -11.8632 -28.6403 0
      vertex -14.8198 -19.3277 0
    endloop
  endfacet
  facet normal 0 0 -1
    outer loop
      vertex -14.4059 -17.2469 0
      vertex -8 -13.8564 0
      vertex -14.3847 -17.4618 0
    endloop
  endfacet
  facet normal 0 0 -1
    outer loop
      vertex -14.4411 -17.0339 0
      vertex -8.88912 -13.3035 0
      vertex -14.4059 -17.2469 0
    endloop
  endfacet
  facet normal -0 0 -1
    outer loop
      vertex -8.88912 -13.3035 0
      vertex -14.4901 -16.8236 0
      vertex -9.74018 -12.6937 0
    endloop
  endfacet
  facet normal 0 0 -1
    outer loop
      vertex -15.0596 -19.6866 0
      vertex -11.8632 -28.6403 0
      vertex -13.7109 -27.8031 0
    endloop
  endfacet
  facet normal 0 0 -1
    outer loop
      vertex -14.5528 -16.6169 0
      vertex -9.74018 -12.6937 0
      vertex -14.4901 -16.8236 0
    endloop
  endfacet
  facet normal 0 0 -1
    outer loop
      vertex -14.6289 -16.4148 0
      vertex -9.74018 -12.6937 0
      vertex -14.5528 -16.6169 0
    endloop
  endfacet
  facet normal 0 0 -1
    outer loop
      vertex -14.718 -16.2181 0
      vertex -9.74018 -12.6937 0
      vertex -14.6289 -16.4148 0
    endloop
  endfacet
  facet normal 0 0 -1
    outer loop
      vertex -14.4901 -16.8236 0
      vertex -8.88912 -13.3035 0
      vertex -14.4411 -17.0339 0
    endloop
  endfacet
  facet normal -0 0 -1
    outer loop
      vertex -8 -13.8564 0
      vertex -14.4059 -17.2469 0
      vertex -8.88912 -13.3035 0
    endloop
  endfacet
  facet normal 0 0 -1
    outer loop
      vertex -14.3847 -17.4618 0
      vertex -8 -13.8564 0
      vertex -14.3777 -17.6777 0
    endloop
  endfacet
  facet normal -0 0 -1
    outer loop
      vertex -7.07662 -14.35 0
      vertex -14.3847 -17.8935 0
      vertex -8 -13.8564 0
    endloop
  endfacet
  facet normal 0 -0 -1
    outer loop
      vertex -14.4059 -18.1084 0
      vertex -7.07662 -14.35 0
      vertex -14.4411 -18.3215 0
    endloop
  endfacet
  facet normal -0 0 -1
    outer loop
      vertex -6.12293 -14.7821 0
      vertex -14.4901 -18.5318 0
      vertex -7.07662 -14.35 0
    endloop
  endfacet
  facet normal 0 0 -1
    outer loop
      vertex -3.3 -25 0
      vertex -14.718 -19.1372 0
      vertex -14.6289 -18.9405 0
    endloop
  endfacet
  facet normal 0 0 -1
    outer loop
      vertex -3.3 -25 0
      vertex -14.8198 -19.3277 0
      vertex -14.718 -19.1372 0
    endloop
  endfacet
  facet normal 0 0 -1
    outer loop
      vertex -11.8632 -28.6403 0
      vertex -14.9338 -19.5111 0
      vertex -14.8198 -19.3277 0
    endloop
  endfacet
  facet normal 0 0 -1
    outer loop
      vertex -11.8632 -28.6403 0
      vertex -15.0596 -19.6866 0
      vertex -14.9338 -19.5111 0
    endloop
  endfacet
  facet normal 0 0 -1
    outer loop
      vertex -13.7109 -27.8031 0
      vertex -15.1966 -19.8535 0
      vertex -15.0596 -19.6866 0
    endloop
  endfacet
  facet normal 0 0 -1
    outer loop
      vertex -13.7109 -27.8031 0
      vertex -15.3442 -20.0111 0
      vertex -15.1966 -19.8535 0
    endloop
  endfacet
  facet normal 0 0 -1
    outer loop
      vertex -15.5018 -20.1587 0
      vertex -13.7109 -27.8031 0
      vertex -15.5 -26.8468 0
    endloop
  endfacet
  facet normal 0 0 -1
    outer loop
      vertex -13.7109 -27.8031 0
      vertex -15.5018 -20.1587 0
      vertex -15.3442 -20.0111 0
    endloop
  endfacet
  facet normal 0 0 -1
    outer loop
      vertex -15.5 -26.8468 0
      vertex -15.6688 -20.2957 0
      vertex -15.5018 -20.1587 0
    endloop
  endfacet
  facet normal 0 0 -1
    outer loop
      vertex -15.5 -26.8468 0
      vertex -15.8443 -20.4215 0
      vertex -15.6688 -20.2957 0
    endloop
  endfacet
  facet normal 0 0 -1
    outer loop
      vertex -15.5 -26.8468 0
      vertex -16.0277 -20.5356 0
      vertex -15.8443 -20.4215 0
    endloop
  endfacet
  facet normal 0 0 -1
    outer loop
      vertex -15.5 -26.8468 0
      vertex -16.2181 -20.6373 0
      vertex -16.0277 -20.5356 0
    endloop
  endfacet
  facet normal 0 0 -1
    outer loop
      vertex -17.2227 -25.7756 0
      vertex -16.2181 -20.6373 0
      vertex -15.5 -26.8468 0
    endloop
  endfacet
  facet normal 0 0 -1
    outer loop
      vertex -16.2181 -20.6373 0
      vertex -17.2227 -25.7756 0
      vertex -16.4148 -20.7265 0
    endloop
  endfacet
  facet normal 0 0 -1
    outer loop
      vertex -16.4148 -20.7265 0
      vertex -17.2227 -25.7756 0
      vertex -16.6169 -20.8025 0
    endloop
  endfacet
  facet normal 0 0 -1
    outer loop
      vertex -16.6169 -20.8025 0
      vertex -17.2227 -25.7756 0
      vertex -16.8236 -20.8652 0
    endloop
  endfacet
  facet normal 0 0 -1
    outer loop
      vertex -16.8236 -20.8652 0
      vertex -17.2227 -25.7756 0
      vertex -17.0339 -20.9143 0
    endloop
  endfacet
  facet normal 0 0 -1
    outer loop
      vertex -17.2227 -25.7756 0
      vertex -17.2469 -20.9494 0
      vertex -17.0339 -20.9143 0
    endloop
  endfacet
  facet normal 0 0 -1
    outer loop
      vertex -18.8716 -24.594 0
      vertex -17.2469 -20.9494 0
      vertex -17.2227 -25.7756 0
    endloop
  endfacet
  facet normal 0 0 -1
    outer loop
      vertex -17.2469 -20.9494 0
      vertex -18.8716 -24.594 0
      vertex -17.4618 -20.9706 0
    endloop
  endfacet
  facet normal 0 0 -1
    outer loop
      vertex -17.4618 -20.9706 0
      vertex -18.8716 -24.594 0
      vertex -17.6777 -20.9777 0
    endloop
  endfacet
  facet normal -0 0 -1
    outer loop
      vertex -17.6777 -20.9777 0
      vertex -18.8716 -24.594 0
      vertex -17.8935 -20.9706 0
    endloop
  endfacet
  facet normal -0 0 -1
    outer loop
      vertex -17.8935 -20.9706 0
      vertex -18.8716 -24.594 0
      vertex -18.1084 -20.9494 0
    endloop
  endfacet
  facet normal -0 0 -1
    outer loop
      vertex -18.1084 -20.9494 0
      vertex -18.8716 -24.594 0
      vertex -18.3215 -20.9143 0
    endloop
  endfacet
  facet normal 0 0 -1
    outer loop
      vertex -20.4397 -23.307 0
      vertex -18.3215 -20.9143 0
      vertex -18.8716 -24.594 0
    endloop
  endfacet
  facet normal -0 0 -1
    outer loop
      vertex -18.3215 -20.9143 0
      vertex -20.4397 -23.307 0
      vertex -18.5318 -20.8652 0
    endloop
  endfacet
  facet normal -0 0 -1
    outer loop
      vertex -18.5318 -20.8652 0
      vertex -20.4397 -23.307 0
      vertex -18.7384 -20.8025 0
    endloop
  endfacet
  facet normal -0 0 -1
    outer loop
      vertex -18.7384 -20.8025 0
      vertex -20.4397 -23.307 0
      vertex -18.9405 -20.7265 0
    endloop
  endfacet
  facet normal -0 0 -1
    outer loop
      vertex -18.9405 -20.7265 0
      vertex -20.4397 -23.307 0
      vertex -19.1372 -20.6373 0
    endloop
  endfacet
  facet normal -0 0 -1
    outer loop
      vertex -19.1372 -20.6373 0
      vertex -20.4397 -23.307 0
      vertex -19.3277 -20.5356 0
    endloop
  endfacet
  facet normal -0 0 -1
    outer loop
      vertex -19.3277 -20.5356 0
      vertex -20.4397 -23.307 0
      vertex -19.5111 -20.4215 0
    endloop
  endfacet
  facet normal 0 0 -1
    outer loop
      vertex -21.9203 -21.9203 0
      vertex -19.5111 -20.4215 0
      vertex -20.4397 -23.307 0
    endloop
  endfacet
  facet normal -0 0 -1
    outer loop
      vertex -19.5111 -20.4215 0
      vertex -21.9203 -21.9203 0
      vertex -19.6866 -20.2957 0
    endloop
  endfacet
  facet normal -0 0 -1
    outer loop
      vertex -19.6866 -20.2957 0
      vertex -21.9203 -21.9203 0
      vertex -19.8535 -20.1587 0
    endloop
  endfacet
  facet normal -0 0 -1
    outer loop
      vertex -19.8535 -20.1587 0
      vertex -21.9203 -21.9203 0
      vertex -20.0111 -20.0111 0
    endloop
  endfacet
  facet normal -0 0 -1
    outer loop
      vertex -20.0111 -20.0111 0
      vertex -21.9203 -21.9203 0
      vertex -20.1587 -19.8535 0
    endloop
  endfacet
  facet normal -0 0 -1
    outer loop
      vertex -20.1587 -19.8535 0
      vertex -21.9203 -21.9203 0
      vertex -20.2957 -19.6866 0
    endloop
  endfacet
  facet normal -0 0 -1
    outer loop
      vertex -20.2957 -19.6866 0
      vertex -21.9203 -21.9203 0
      vertex -20.4215 -19.5111 0
    endloop
  endfacet
  facet normal 0 0 -1
    outer loop
      vertex -23.307 -20.4397 0
      vertex -20.4215 -19.5111 0
      vertex -21.9203 -21.9203 0
    endloop
  endfacet
  facet normal -0 0 -1
    outer loop
      vertex -20.4215 -19.5111 0
      vertex -23.307 -20.4397 0
      vertex -20.5356 -19.3277 0
    endloop
  endfacet
  facet normal -0 0 -1
    outer loop
      vertex -20.5356 -19.3277 0
      vertex -23.307 -20.4397 0
      vertex -20.6373 -19.1372 0
    endloop
  endfacet
  facet normal -0 0 -1
    outer loop
      vertex -20.6373 -19.1372 0
      vertex -23.307 -20.4397 0
      vertex -20.7265 -18.9405 0
    endloop
  endfacet
  facet normal -0 0 -1
    outer loop
      vertex -20.7265 -18.9405 0
      vertex -23.307 -20.4397 0
      vertex -20.8025 -18.7384 0
    endloop
  endfacet
  facet normal -0 0 -1
    outer loop
      vertex -20.8025 -18.7384 0
      vertex -23.307 -20.4397 0
      vertex -20.8652 -18.5318 0
    endloop
  endfacet
  facet normal -0 0 -1
    outer loop
      vertex -20.8652 -18.5318 0
      vertex -23.307 -20.4397 0
      vertex -20.9143 -18.3215 0
    endloop
  endfacet
  facet normal 0 0 -1
    outer loop
      vertex -23.7371 3.0488 0
      vertex -18.9405 14.6289 0
      vertex -23.5404 2.95968 0
    endloop
  endfacet
  facet normal 0 0 -1
    outer loop
      vertex -24.594 -18.8716 0
      vertex -20.9777 -17.6777 0
      vertex -20.9706 -17.8935 0
    endloop
  endfacet
  facet normal -0 0 -1
    outer loop
      vertex -16 0 0
      vertex -21.7071 -0.21583 0
      vertex -21.7 0 0
    endloop
  endfacet
  facet normal 0 0 -1
    outer loop
      vertex -16 0 0
      vertex -21.7282 -0.430736 0
      vertex -21.7071 -0.21583 0
    endloop
  endfacet
  facet normal 0 0 -1
    outer loop
      vertex -15.9657 -1.04645 0
      vertex -21.7282 -0.430736 0
      vertex -16 0 0
    endloop
  endfacet
  facet normal 0 -0 -1
    outer loop
      vertex -21.7282 -0.430736 0
      vertex -15.9657 -1.04645 0
      vertex -21.7634 -0.643798 0
    endloop
  endfacet
  facet normal 0 -0 -1
    outer loop
      vertex -21.7634 -0.643798 0
      vertex -15.9657 -1.04645 0
      vertex -21.8124 -0.854102 0
    endloop
  endfacet
  facet normal 0 0 -1
    outer loop
      vertex -24.594 -18.8716 0
      vertex -20.9143 -18.3215 0
      vertex -23.307 -20.4397 0
    endloop
  endfacet
  facet normal -0 0 -1
    outer loop
      vertex -20.9143 -18.3215 0
      vertex -24.594 -18.8716 0
      vertex -20.9494 -18.1084 0
    endloop
  endfacet
  facet normal 0 -0 -1
    outer loop
      vertex -21.8124 -0.854102 0
      vertex -15.9657 -1.04645 0
      vertex -21.8751 -1.06075 0
    endloop
  endfacet
  facet normal 0 0 -1
    outer loop
      vertex -15.8631 -2.08842 0
      vertex -21.8751 -1.06075 0
      vertex -15.9657 -1.04645 0
    endloop
  endfacet
  facet normal 0 -0 -1
    outer loop
      vertex -21.8751 -1.06075 0
      vertex -15.8631 -2.08842 0
      vertex -21.9512 -1.26285 0
    endloop
  endfacet
  facet normal 0 -0 -1
    outer loop
      vertex -21.9512 -1.26285 0
      vertex -15.8631 -2.08842 0
      vertex -22.0403 -1.45955 0
    endloop
  endfacet
  facet normal 0 -0 -1
    outer loop
      vertex -22.0403 -1.45955 0
      vertex -15.8631 -2.08842 0
      vertex -22.1421 -1.65 0
    endloop
  endfacet
  facet normal 0 0 -1
    outer loop
      vertex -15.6926 -3.12144 0
      vertex -22.1421 -1.65 0
      vertex -15.8631 -2.08842 0
    endloop
  endfacet
  facet normal 0 -0 -1
    outer loop
      vertex -22.2561 -1.83338 0
      vertex -15.6926 -3.12144 0
      vertex -22.3819 -2.00891 0
    endloop
  endfacet
  facet normal -0 0 -1
    outer loop
      vertex -20.9494 -18.1084 0
      vertex -24.594 -18.8716 0
      vertex -20.9706 -17.8935 0
    endloop
  endfacet
  facet normal 0 0 -1
    outer loop
      vertex -15.4548 -4.1411 0
      vertex -22.3819 -2.00891 0
      vertex -15.6926 -3.12144 0
    endloop
  endfacet
  facet normal -0 0 -1
    outer loop
      vertex -20.9494 -17.2469 0
      vertex -24.594 -18.8716 0
      vertex -25.7756 -17.2227 0
    endloop
  endfacet
  facet normal 0 -0 -1
    outer loop
      vertex -22.5189 -2.17584 0
      vertex -15.4548 -4.1411 0
      vertex -22.6665 -2.33345 0
    endloop
  endfacet
  facet normal -0 0 -1
    outer loop
      vertex -20.6373 -16.2181 0
      vertex -25.7756 -17.2227 0
      vertex -26.8468 -15.5 0
    endloop
  endfacet
  facet normal 0 0 -1
    outer loop
      vertex -15.1509 -5.14303 0
      vertex -22.8242 -2.48107 0
      vertex -15.4548 -4.1411 0
    endloop
  endfacet
  facet normal 0 0 -1
    outer loop
      vertex -20.1587 -15.5018 0
      vertex -26.8468 -15.5 0
      vertex -27.8031 -13.7109 0
    endloop
  endfacet
  facet normal 0 -0 -1
    outer loop
      vertex -22.9911 -2.61807 0
      vertex -15.1509 -5.14303 0
      vertex -23.1666 -2.74385 0
    endloop
  endfacet
  facet normal 0 0 -1
    outer loop
      vertex -14.7821 -6.12293 0
      vertex -23.5404 -2.95968 0
      vertex -23.35 -2.85788 0
    endloop
  endfacet
  facet normal 0 0 -1
    outer loop
      vertex -19.6866 -15.0596 0
      vertex -27.8031 -13.7109 0
      vertex -28.6403 -11.8632 0
    endloop
  endfacet
  facet normal 0 0 -1
    outer loop
      vertex -18.9405 -14.6289 0
      vertex -23.7371 -3.0488 0
      vertex -23.5404 -2.95968 0
    endloop
  endfacet
  facet normal 0 0 -1
    outer loop
      vertex -19.1372 -14.718 0
      vertex -23.9392 -3.12487 0
      vertex -23.7371 -3.0488 0
    endloop
  endfacet
  facet normal 0 0 -1
    outer loop
      vertex -19.3277 -14.8198 0
      vertex -28.6403 -11.8632 0
      vertex -24.1459 -3.18755 0
    endloop
  endfacet
  facet normal 0 0 -1
    outer loop
      vertex -19.3277 -14.8198 0
      vertex -24.1459 -3.18755 0
      vertex -23.9392 -3.12487 0
    endloop
  endfacet
  facet normal 0 0 -1
    outer loop
      vertex -24.1459 -3.18755 0
      vertex -28.6403 -11.8632 0
      vertex -24.3562 -3.23659 0
    endloop
  endfacet
  facet normal 0 0 -1
    outer loop
      vertex -24.3562 -3.23659 0
      vertex -28.6403 -11.8632 0
      vertex -24.5693 -3.27177 0
    endloop
  endfacet
  facet normal 0 0 -1
    outer loop
      vertex -29.3548 -9.96462 0
      vertex -24.5693 -3.27177 0
      vertex -28.6403 -11.8632 0
    endloop
  endfacet
  facet normal 0 0 -1
    outer loop
      vertex -24.5693 -3.27177 0
      vertex -29.3548 -9.96462 0
      vertex -24.7842 -3.29293 0
    endloop
  endfacet
  facet normal 0 0 -1
    outer loop
      vertex -24.7842 -3.29293 0
      vertex -29.3548 -9.96462 0
      vertex -25 -3.3 0
    endloop
  endfacet
  facet normal -0 0 -1
    outer loop
      vertex -25 -3.3 0
      vertex -29.3548 -9.96462 0
      vertex -25.2158 -3.29293 0
    endloop
  endfacet
  facet normal 0 0 -1
    outer loop
      vertex -29.9437 -8.02339 0
      vertex -25.2158 -3.29293 0
      vertex -29.3548 -9.96462 0
    endloop
  endfacet
  facet normal -0 0 -1
    outer loop
      vertex -25.2158 -3.29293 0
      vertex -29.9437 -8.02339 0
      vertex -25.4307 -3.27177 0
    endloop
  endfacet
  facet normal -0 0 -1
    outer loop
      vertex -25.4307 -3.27177 0
      vertex -29.9437 -8.02339 0
      vertex -25.6438 -3.23659 0
    endloop
  endfacet
  facet normal -0 0 -1
    outer loop
      vertex -25.6438 -3.23659 0
      vertex -29.9437 -8.02339 0
      vertex -25.8541 -3.18755 0
    endloop
  endfacet
  facet normal -0 0 -1
    outer loop
      vertex -25.8541 -3.18755 0
      vertex -29.9437 -8.02339 0
      vertex -26.0607 -3.12487 0
    endloop
  endfacet
  facet normal 0 0 -1
    outer loop
      vertex -30.4043 -6.0478 0
      vertex -26.0607 -3.12487 0
      vertex -29.9437 -8.02339 0
    endloop
  endfacet
  facet normal -0 0 -1
    outer loop
      vertex -26.0607 -3.12487 0
      vertex -30.4043 -6.0478 0
      vertex -26.2629 -3.0488 0
    endloop
  endfacet
  facet normal -0 0 -1
    outer loop
      vertex -26.2629 -3.0488 0
      vertex -30.4043 -6.0478 0
      vertex -26.4596 -2.95968 0
    endloop
  endfacet
  facet normal 0 0 -1
    outer loop
      vertex -30.4122 -6 0
      vertex -26.4596 -2.95968 0
      vertex -30.4043 -6.0478 0
    endloop
  endfacet
  facet normal -0 0 -1
    outer loop
      vertex -26.4596 -2.95968 0
      vertex -30.4122 -6 0
      vertex -26.65 -2.85788 0
    endloop
  endfacet
  facet normal -0 0 -1
    outer loop
      vertex -26.65 -2.85788 0
      vertex -30.4122 -6 0
      vertex -26.8334 -2.74385 0
    endloop
  endfacet
  facet normal -0 0 -1
    outer loop
      vertex -26.8334 -2.74385 0
      vertex -30.4122 -6 0
      vertex -27.0089 -2.61807 0
    endloop
  endfacet
  facet normal -0 0 -1
    outer loop
      vertex -27.0089 -2.61807 0
      vertex -30.4122 -6 0
      vertex -27.1758 -2.48107 0
    endloop
  endfacet
  facet normal -0 0 -1
    outer loop
      vertex -27.1758 -2.48107 0
      vertex -30.4122 -6 0
      vertex -27.3335 -2.33345 0
    endloop
  endfacet
  facet normal -0 0 -1
    outer loop
      vertex -27.3335 -2.33345 0
      vertex -30.4122 -6 0
      vertex -27.4811 -2.17584 0
    endloop
  endfacet
  facet normal -0 0 -1
    outer loop
      vertex -27.4811 -2.17584 0
      vertex -30.4122 -6 0
      vertex -27.6181 -2.00891 0
    endloop
  endfacet
  facet normal -0 0 -1
    outer loop
      vertex -27.6181 -2.00891 0
      vertex -30.4122 -6 0
      vertex -27.7438 -1.83338 0
    endloop
  endfacet
  facet normal -0 0 -1
    outer loop
      vertex -27.7438 -1.83338 0
      vertex -30.4122 -6 0
      vertex -27.8579 -1.65 0
    endloop
  endfacet
  facet normal -0 0 -1
    outer loop
      vertex -27.8579 -1.65 0
      vertex -30.4122 -6 0
      vertex -27.9597 -1.45955 0
    endloop
  endfacet
  facet normal -0 0 -1
    outer loop
      vertex -27.9597 -1.45955 0
      vertex -30.4122 -6 0
      vertex -28.0488 -1.26285 0
    endloop
  endfacet
  facet normal -0 0 -1
    outer loop
      vertex -28.1249 -1.06075 0
      vertex -30.4122 -6 0
      vertex -28.1876 -0.854102 0
    endloop
  endfacet
  facet normal -0 0 -1
    outer loop
      vertex -28.0488 -1.26285 0
      vertex -30.4122 -6 0
      vertex -28.1249 -1.06075 0
    endloop
  endfacet
  facet normal 0 0 -1
    outer loop
      vertex 3.23659 -24.3562 0
      vertex 6 -30.4122 0
      vertex 3.27177 -24.5693 0
    endloop
  endfacet
  facet normal 0 0 -1
    outer loop
      vertex 6 -30.4122 0
      vertex 3.23659 -24.3562 0
      vertex 5.14303 -15.1509 0
    endloop
  endfacet
  facet normal 0 0 -1
    outer loop
      vertex 3.18755 -24.1459 0
      vertex 5.14303 -15.1509 0
      vertex 3.23659 -24.3562 0
    endloop
  endfacet
  facet normal 0 0 -1
    outer loop
      vertex 3.12487 -23.9392 0
      vertex 5.14303 -15.1509 0
      vertex 3.18755 -24.1459 0
    endloop
  endfacet
  facet normal 0 0 -1
    outer loop
      vertex 3.0488 -23.7371 0
      vertex 5.14303 -15.1509 0
      vertex 3.12487 -23.9392 0
    endloop
  endfacet
  facet normal 0 0 -1
    outer loop
      vertex 2.95968 -23.5404 0
      vertex 5.14303 -15.1509 0
      vertex 3.0488 -23.7371 0
    endloop
  endfacet
  facet normal 0 0 -1
    outer loop
      vertex 2.85788 -23.35 0
      vertex 5.14303 -15.1509 0
      vertex 2.95968 -23.5404 0
    endloop
  endfacet
  facet normal 0 0 -1
    outer loop
      vertex 2.74385 -23.1666 0
      vertex 5.14303 -15.1509 0
      vertex 2.85788 -23.35 0
    endloop
  endfacet
  facet normal 0 0 -1
    outer loop
      vertex 2.61807 -22.9911 0
      vertex 5.14303 -15.1509 0
      vertex 2.74385 -23.1666 0
    endloop
  endfacet
  facet normal 0 0 -1
    outer loop
      vertex 2.48107 -22.8242 0
      vertex 5.14303 -15.1509 0
      vertex 2.61807 -22.9911 0
    endloop
  endfacet
  facet normal 0 0 -1
    outer loop
      vertex 5.14303 -15.1509 0
      vertex 2.48107 -22.8242 0
      vertex 4.1411 -15.4548 0
    endloop
  endfacet
  facet normal 0 0 -1
    outer loop
      vertex 2.33345 -22.6665 0
      vertex 4.1411 -15.4548 0
      vertex 2.48107 -22.8242 0
    endloop
  endfacet
  facet normal 0 0 -1
    outer loop
      vertex 2.17584 -22.5189 0
      vertex 4.1411 -15.4548 0
      vertex 2.33345 -22.6665 0
    endloop
  endfacet
  facet normal 0 0 -1
    outer loop
      vertex 2.00891 -22.3819 0
      vertex 4.1411 -15.4548 0
      vertex 2.17584 -22.5189 0
    endloop
  endfacet
  facet normal 0 0 -1
    outer loop
      vertex 4.1411 -15.4548 0
      vertex 2.00891 -22.3819 0
      vertex 3.12144 -15.6926 0
    endloop
  endfacet
  facet normal 0 0 -1
    outer loop
      vertex 1.83338 -22.2561 0
      vertex 3.12144 -15.6926 0
      vertex 2.00891 -22.3819 0
    endloop
  endfacet
  facet normal 0 0 -1
    outer loop
      vertex 1.65 -22.1421 0
      vertex 3.12144 -15.6926 0
      vertex 1.83338 -22.2561 0
    endloop
  endfacet
  facet normal 0 0 -1
    outer loop
      vertex 3.12144 -15.6926 0
      vertex 1.65 -22.1421 0
      vertex 2.08842 -15.8631 0
    endloop
  endfacet
  facet normal 0 0 -1
    outer loop
      vertex 1.45955 -22.0403 0
      vertex 2.08842 -15.8631 0
      vertex 1.65 -22.1421 0
    endloop
  endfacet
  facet normal 0 0 -1
    outer loop
      vertex 1.26285 -21.9512 0
      vertex 2.08842 -15.8631 0
      vertex 1.45955 -22.0403 0
    endloop
  endfacet
  facet normal 0 0 -1
    outer loop
      vertex 1.06075 -21.8751 0
      vertex 2.08842 -15.8631 0
      vertex 1.26285 -21.9512 0
    endloop
  endfacet
  facet normal 0 0 -1
    outer loop
      vertex 1.06075 -21.8751 0
      vertex 1.04645 -15.9657 0
      vertex 2.08842 -15.8631 0
    endloop
  endfacet
  facet normal 0 0 -1
    outer loop
      vertex 0.854102 -21.8124 0
      vertex 1.04645 -15.9657 0
      vertex 1.06075 -21.8751 0
    endloop
  endfacet
  facet normal 0 0 -1
    outer loop
      vertex 0.643798 -21.7634 0
      vertex 1.04645 -15.9657 0
      vertex 0.854102 -21.8124 0
    endloop
  endfacet
  facet normal 0 0 -1
    outer loop
      vertex 0.430736 -21.7282 0
      vertex 1.04645 -15.9657 0
      vertex 0.643798 -21.7634 0
    endloop
  endfacet
  facet normal 0 0 -1
    outer loop
      vertex 0.21583 -21.7071 0
      vertex 1.04645 -15.9657 0
      vertex 0.430736 -21.7282 0
    endloop
  endfacet
  facet normal 0 0 -1
    outer loop
      vertex 0 -16 0
      vertex 0.21583 -21.7071 0
      vertex 0 -21.7 0
    endloop
  endfacet
  facet normal 0 0 -1
    outer loop
      vertex 0.21583 -21.7071 0
      vertex 0 -16 0
      vertex 1.04645 -15.9657 0
    endloop
  endfacet
  facet normal 0 0 -1
    outer loop
      vertex -0.21583 -21.7071 0
      vertex 0 -16 0
      vertex 0 -21.7 0
    endloop
  endfacet
  facet normal 0 0 -1
    outer loop
      vertex -0.430736 -21.7282 0
      vertex 0 -16 0
      vertex -0.21583 -21.7071 0
    endloop
  endfacet
  facet normal 0 0 -1
    outer loop
      vertex -1.04645 -15.9657 0
      vertex -0.430736 -21.7282 0
      vertex -0.643798 -21.7634 0
    endloop
  endfacet
  facet normal 0 0 -1
    outer loop
      vertex -1.04645 -15.9657 0
      vertex -0.643798 -21.7634 0
      vertex -0.854102 -21.8124 0
    endloop
  endfacet
  facet normal 0 0 -1
    outer loop
      vertex -0.430736 -21.7282 0
      vertex -1.04645 -15.9657 0
      vertex 0 -16 0
    endloop
  endfacet
  facet normal 0 0 -1
    outer loop
      vertex -1.06075 -21.8751 0
      vertex -1.04645 -15.9657 0
      vertex -0.854102 -21.8124 0
    endloop
  endfacet
  facet normal 0 0 -1
    outer loop
      vertex -2.08842 -15.8631 0
      vertex -1.06075 -21.8751 0
      vertex -1.26285 -21.9512 0
    endloop
  endfacet
  facet normal 0 0 -1
    outer loop
      vertex -2.08842 -15.8631 0
      vertex -1.26285 -21.9512 0
      vertex -1.45955 -22.0403 0
    endloop
  endfacet
  facet normal 0 0 -1
    outer loop
      vertex -2.08842 -15.8631 0
      vertex -1.45955 -22.0403 0
      vertex -1.65 -22.1421 0
    endloop
  endfacet
  facet normal 0 0 -1
    outer loop
      vertex -3.12144 -15.6926 0
      vertex -1.65 -22.1421 0
      vertex -1.83338 -22.2561 0
    endloop
  endfacet
  facet normal 0 0 -1
    outer loop
      vertex -3.12144 -15.6926 0
      vertex -1.83338 -22.2561 0
      vertex -2.00891 -22.3819 0
    endloop
  endfacet
  facet normal 0 0 -1
    outer loop
      vertex -1.06075 -21.8751 0
      vertex -2.08842 -15.8631 0
      vertex -1.04645 -15.9657 0
    endloop
  endfacet
  facet normal 0 0 -1
    outer loop
      vertex -4.1411 -15.4548 0
      vertex -2.00891 -22.3819 0
      vertex -2.17584 -22.5189 0
    endloop
  endfacet
  facet normal 0 0 -1
    outer loop
      vertex -4.1411 -15.4548 0
      vertex -2.17584 -22.5189 0
      vertex -2.33345 -22.6665 0
    endloop
  endfacet
  facet normal 0 0 -1
    outer loop
      vertex -4.1411 -15.4548 0
      vertex -2.33345 -22.6665 0
      vertex -2.48107 -22.8242 0
    endloop
  endfacet
  facet normal 0 0 -1
    outer loop
      vertex -4.1411 -15.4548 0
      vertex -2.48107 -22.8242 0
      vertex -2.61807 -22.9911 0
    endloop
  endfacet
  facet normal 0 0 -1
    outer loop
      vertex -4.1411 -15.4548 0
      vertex -2.61807 -22.9911 0
      vertex -2.74385 -23.1666 0
    endloop
  endfacet
  facet normal 0 0 -1
    outer loop
      vertex -4.1411 -15.4548 0
      vertex -2.74385 -23.1666 0
      vertex -2.85788 -23.35 0
    endloop
  endfacet
  facet normal 0 0 -1
    outer loop
      vertex -4.1411 -15.4548 0
      vertex -2.85788 -23.35 0
      vertex -2.95968 -23.5404 0
    endloop
  endfacet
  facet normal 0 0 -1
    outer loop
      vertex -4.1411 -15.4548 0
      vertex -2.95968 -23.5404 0
      vertex -3.0488 -23.7371 0
    endloop
  endfacet
  facet normal 0 0 -1
    outer loop
      vertex -1.65 -22.1421 0
      vertex -3.12144 -15.6926 0
      vertex -2.08842 -15.8631 0
    endloop
  endfacet
  facet normal 0 0 -1
    outer loop
      vertex -4.1411 -15.4548 0
      vertex -3.0488 -23.7371 0
      vertex -3.12487 -23.9392 0
    endloop
  endfacet
  facet normal 0 0 -1
    outer loop
      vertex -4.1411 -15.4548 0
      vertex -3.12487 -23.9392 0
      vertex -3.18755 -24.1459 0
    endloop
  endfacet
  facet normal 0 0 -1
    outer loop
      vertex -4.1411 -15.4548 0
      vertex -3.18755 -24.1459 0
      vertex -3.23659 -24.3562 0
    endloop
  endfacet
  facet normal 0 0 -1
    outer loop
      vertex -4.1411 -15.4548 0
      vertex -3.23659 -24.3562 0
      vertex -3.27177 -24.5693 0
    endloop
  endfacet
  facet normal 0 0 -1
    outer loop
      vertex -4.1411 -15.4548 0
      vertex -3.27177 -24.5693 0
      vertex -3.29293 -24.7842 0
    endloop
  endfacet
  facet normal 0 0 -1
    outer loop
      vertex -4.1411 -15.4548 0
      vertex -3.29293 -24.7842 0
      vertex -3.3 -25 0
    endloop
  endfacet
  facet normal 0 0 -1
    outer loop
      vertex -2.00891 -22.3819 0
      vertex -4.1411 -15.4548 0
      vertex -3.12144 -15.6926 0
    endloop
  endfacet
  facet normal 0 0 -1
    outer loop
      vertex 18.7384 -14.5528 0
      vertex 23.5404 -2.95968 0
      vertex 18.9405 -14.6289 0
    endloop
  endfacet
  facet normal 0 0 -1
    outer loop
      vertex 21.7 0 0
      vertex 20.9706 17.4618 0
      vertex 20.9777 17.6777 0
    endloop
  endfacet
  facet normal 0 0 -1
    outer loop
      vertex 14.7821 -6.12293 0
      vertex 23.5404 -2.95968 0
      vertex 18.7384 -14.5528 0
    endloop
  endfacet
  facet normal 0 0 -1
    outer loop
      vertex 21.7 0 0
      vertex 20.9494 17.2469 0
      vertex 20.9706 17.4618 0
    endloop
  endfacet
  facet normal -0 0 -1
    outer loop
      vertex 23.5404 -2.95968 0
      vertex 14.7821 -6.12293 0
      vertex 23.35 -2.85788 0
    endloop
  endfacet
  facet normal 0 0 -1
    outer loop
      vertex 21.7 0 0
      vertex 20.9143 17.0339 0
      vertex 20.9494 17.2469 0
    endloop
  endfacet
  facet normal -0 0 -1
    outer loop
      vertex 23.35 -2.85788 0
      vertex 14.7821 -6.12293 0
      vertex 23.1666 -2.74385 0
    endloop
  endfacet
  facet normal 0 0 -1
    outer loop
      vertex 21.7 0 0
      vertex 20.8652 16.8236 0
      vertex 20.9143 17.0339 0
    endloop
  endfacet
  facet normal 0 -0 -1
    outer loop
      vertex 15.1509 -5.14303 0
      vertex 23.1666 -2.74385 0
      vertex 14.7821 -6.12293 0
    endloop
  endfacet
  facet normal 0 0 -1
    outer loop
      vertex 21.7 0 0
      vertex 20.8025 16.6169 0
      vertex 20.8652 16.8236 0
    endloop
  endfacet
  facet normal -0 0 -1
    outer loop
      vertex 23.1666 -2.74385 0
      vertex 15.1509 -5.14303 0
      vertex 22.9911 -2.61807 0
    endloop
  endfacet
  facet normal 0 0 -1
    outer loop
      vertex 21.7 0 0
      vertex 20.7265 16.4148 0
      vertex 20.8025 16.6169 0
    endloop
  endfacet
  facet normal -0 0 -1
    outer loop
      vertex 22.9911 -2.61807 0
      vertex 15.1509 -5.14303 0
      vertex 22.8242 -2.48107 0
    endloop
  endfacet
  facet normal 0 0 -1
    outer loop
      vertex 21.7 0 0
      vertex 20.6373 16.2181 0
      vertex 20.7265 16.4148 0
    endloop
  endfacet
  facet normal 0 -0 -1
    outer loop
      vertex 15.4548 -4.1411 0
      vertex 22.8242 -2.48107 0
      vertex 15.1509 -5.14303 0
    endloop
  endfacet
  facet normal 0 0 -1
    outer loop
      vertex 21.7 0 0
      vertex 20.5356 16.0277 0
      vertex 20.6373 16.2181 0
    endloop
  endfacet
  facet normal -0 0 -1
    outer loop
      vertex 22.8242 -2.48107 0
      vertex 15.4548 -4.1411 0
      vertex 22.6665 -2.33345 0
    endloop
  endfacet
  facet normal 0 0 -1
    outer loop
      vertex 21.7 0 0
      vertex 20.4215 15.8443 0
      vertex 20.5356 16.0277 0
    endloop
  endfacet
  facet normal -0 0 -1
    outer loop
      vertex 22.6665 -2.33345 0
      vertex 15.4548 -4.1411 0
      vertex 22.5189 -2.17584 0
    endloop
  endfacet
  facet normal 0 0 -1
    outer loop
      vertex 15.9657 1.04645 0
      vertex 21.7 0 0
      vertex 16 0 0
    endloop
  endfacet
  facet normal 0 -0 -1
    outer loop
      vertex 15.6926 -3.12144 0
      vertex 22.3819 -2.00891 0
      vertex 15.4548 -4.1411 0
    endloop
  endfacet
  facet normal 0 0 -1
    outer loop
      vertex 15.8631 2.08842 0
      vertex 21.7 0 0
      vertex 15.9657 1.04645 0
    endloop
  endfacet
  facet normal -0 0 -1
    outer loop
      vertex 22.3819 -2.00891 0
      vertex 15.6926 -3.12144 0
      vertex 22.2561 -1.83338 0
    endloop
  endfacet
  facet normal 0 0 -1
    outer loop
      vertex 21.7 0 0
      vertex 20.2957 15.6688 0
      vertex 20.4215 15.8443 0
    endloop
  endfacet
  facet normal -0 0 -1
    outer loop
      vertex 22.1421 -1.65 0
      vertex 15.6926 -3.12144 0
      vertex 22.0403 -1.45955 0
    endloop
  endfacet
  facet normal 0 0 -1
    outer loop
      vertex 21.7 0 0
      vertex 20.1587 15.5018 0
      vertex 20.2957 15.6688 0
    endloop
  endfacet
  facet normal 0 -0 -1
    outer loop
      vertex 15.8631 -2.08842 0
      vertex 22.0403 -1.45955 0
      vertex 15.6926 -3.12144 0
    endloop
  endfacet
  facet normal 0 0 -1
    outer loop
      vertex 15.6926 3.12144 0
      vertex 21.7 0 0
      vertex 15.8631 2.08842 0
    endloop
  endfacet
  facet normal -0 0 -1
    outer loop
      vertex 21.9512 -1.26285 0
      vertex 15.8631 -2.08842 0
      vertex 21.8751 -1.06075 0
    endloop
  endfacet
  facet normal 0 0 -1
    outer loop
      vertex 21.7 0 0
      vertex 20.0111 15.3442 0
      vertex 20.1587 15.5018 0
    endloop
  endfacet
  facet normal -0 0 -1
    outer loop
      vertex 21.8751 -1.06075 0
      vertex 15.8631 -2.08842 0
      vertex 21.8124 -0.854102 0
    endloop
  endfacet
  facet normal 0 0 -1
    outer loop
      vertex 15.4548 4.1411 0
      vertex 21.7 0 0
      vertex 15.6926 3.12144 0
    endloop
  endfacet
  facet normal 0 -0 -1
    outer loop
      vertex 15.9657 -1.04645 0
      vertex 21.8124 -0.854102 0
      vertex 15.8631 -2.08842 0
    endloop
  endfacet
  facet normal 0 0 -1
    outer loop
      vertex 21.7 0 0
      vertex 19.8535 15.1966 0
      vertex 20.0111 15.3442 0
    endloop
  endfacet
  facet normal -0 0 -1
    outer loop
      vertex 22.0403 -1.45955 0
      vertex 15.8631 -2.08842 0
      vertex 21.9512 -1.26285 0
    endloop
  endfacet
  facet normal 0 0 -1
    outer loop
      vertex 21.7 0 0
      vertex 19.6866 15.0596 0
      vertex 19.8535 15.1966 0
    endloop
  endfacet
  facet normal -0 0 -1
    outer loop
      vertex 22.5189 -2.17584 0
      vertex 15.4548 -4.1411 0
      vertex 22.3819 -2.00891 0
    endloop
  endfacet
  facet normal 0 0 -1
    outer loop
      vertex 15.1509 5.14303 0
      vertex 21.7 0 0
      vertex 15.4548 4.1411 0
    endloop
  endfacet
  facet normal 0 0 -1
    outer loop
      vertex 14.7821 -6.12293 0
      vertex 18.7384 -14.5528 0
      vertex 18.5318 -14.4901 0
    endloop
  endfacet
  facet normal 0 0 -1
    outer loop
      vertex 21.7 0 0
      vertex 19.5111 14.9338 0
      vertex 19.6866 15.0596 0
    endloop
  endfacet
  facet normal 0 0 -1
    outer loop
      vertex 14.7821 -6.12293 0
      vertex 18.5318 -14.4901 0
      vertex 18.3215 -14.4411 0
    endloop
  endfacet
  facet normal 0 0 -1
    outer loop
      vertex 21.7 0 0
      vertex 19.3277 14.8198 0
      vertex 19.5111 14.9338 0
    endloop
  endfacet
  facet normal 0 0 -1
    outer loop
      vertex 14.35 -7.07662 0
      vertex 18.3215 -14.4411 0
      vertex 18.1084 -14.4059 0
    endloop
  endfacet
  facet normal 0 -0 -1
    outer loop
      vertex 19.1372 14.718 0
      vertex 21.7 0 0
      vertex 15.1509 5.14303 0
    endloop
  endfacet
  facet normal 0 0 -1
    outer loop
      vertex 14.35 -7.07662 0
      vertex 18.1084 -14.4059 0
      vertex 17.8935 -14.3847 0
    endloop
  endfacet
  facet normal 0 0 -1
    outer loop
      vertex 21.7 0 0
      vertex 19.1372 14.718 0
      vertex 19.3277 14.8198 0
    endloop
  endfacet
  facet normal 0 0 -1
    outer loop
      vertex 13.8564 -8 0
      vertex 17.8935 -14.3847 0
      vertex 17.6777 -14.3777 0
    endloop
  endfacet
  facet normal 0 0 -1
    outer loop
      vertex 19.1372 14.718 0
      vertex 15.1509 5.14303 0
      vertex 18.9405 14.6289 0
    endloop
  endfacet
  facet normal 0 0 -1
    outer loop
      vertex 13.8564 -8 0
      vertex 17.6777 -14.3777 0
      vertex 17.4618 -14.3847 0
    endloop
  endfacet
  facet normal 0 0 -1
    outer loop
      vertex 14.7821 6.12293 0
      vertex 18.9405 14.6289 0
      vertex 15.1509 5.14303 0
    endloop
  endfacet
  facet normal 0 0 -1
    outer loop
      vertex 13.8564 -8 0
      vertex 17.4618 -14.3847 0
      vertex 17.2469 -14.4059 0
    endloop
  endfacet
  facet normal 0 0 -1
    outer loop
      vertex 18.9405 14.6289 0
      vertex 14.7821 6.12293 0
      vertex 18.7384 14.5528 0
    endloop
  endfacet
  facet normal 0 0 -1
    outer loop
      vertex 13.3035 -8.88912 0
      vertex 17.2469 -14.4059 0
      vertex 17.0339 -14.4411 0
    endloop
  endfacet
  facet normal 0 0 -1
    outer loop
      vertex 18.7384 14.5528 0
      vertex 14.7821 6.12293 0
      vertex 18.5318 14.4901 0
    endloop
  endfacet
  facet normal 0 0 -1
    outer loop
      vertex 13.3035 -8.88912 0
      vertex 17.0339 -14.4411 0
      vertex 16.8236 -14.4901 0
    endloop
  endfacet
  facet normal 0 0 -1
    outer loop
      vertex 18.5318 14.4901 0
      vertex 14.7821 6.12293 0
      vertex 18.3215 14.4411 0
    endloop
  endfacet
  facet normal 0 0 -1
    outer loop
      vertex 13.3035 -8.88912 0
      vertex 16.8236 -14.4901 0
      vertex 16.6169 -14.5528 0
    endloop
  endfacet
  facet normal 0 0 -1
    outer loop
      vertex 14.35 7.07662 0
      vertex 18.3215 14.4411 0
      vertex 14.7821 6.12293 0
    endloop
  endfacet
  facet normal 0 0 -1
    outer loop
      vertex 12.6937 -9.74018 0
      vertex 16.6169 -14.5528 0
      vertex 16.4148 -14.6289 0
    endloop
  endfacet
  facet normal 0 0 -1
    outer loop
      vertex 18.3215 14.4411 0
      vertex 14.35 7.07662 0
      vertex 18.1084 14.4059 0
    endloop
  endfacet
  facet normal 0 0 -1
    outer loop
      vertex 12.6937 -9.74018 0
      vertex 16.4148 -14.6289 0
      vertex 16.2181 -14.718 0
    endloop
  endfacet
  facet normal 0 0 -1
    outer loop
      vertex 18.1084 14.4059 0
      vertex 14.35 7.07662 0
      vertex 17.8935 14.3847 0
    endloop
  endfacet
  facet normal 0 0 -1
    outer loop
      vertex 12.6937 -9.74018 0
      vertex 16.2181 -14.718 0
      vertex 16.0277 -14.8198 0
    endloop
  endfacet
  facet normal 0 0 -1
    outer loop
      vertex 13.8564 8 0
      vertex 17.8935 14.3847 0
      vertex 14.35 7.07662 0
    endloop
  endfacet
  facet normal 0 0 -1
    outer loop
      vertex 17.8935 14.3847 0
      vertex 13.8564 8 0
      vertex 17.6777 14.3777 0
    endloop
  endfacet
  facet normal 0 0 -1
    outer loop
      vertex 21.7071 -0.21583 0
      vertex 16 0 0
      vertex 21.7 0 0
    endloop
  endfacet
  facet normal 0 -0 -1
    outer loop
      vertex 16 0 0
      vertex 21.7071 -0.21583 0
      vertex 15.9657 -1.04645 0
    endloop
  endfacet
  facet normal 0 0 -1
    outer loop
      vertex 12.0294 -10.5495 0
      vertex 16.0277 -14.8198 0
      vertex 15.8443 -14.9338 0
    endloop
  endfacet
  facet normal -0 0 -1
    outer loop
      vertex 21.7282 -0.430736 0
      vertex 15.9657 -1.04645 0
      vertex 21.7071 -0.21583 0
    endloop
  endfacet
  facet normal 0 0 -1
    outer loop
      vertex 12.0294 -10.5495 0
      vertex 15.8443 -14.9338 0
      vertex 15.6688 -15.0596 0
    endloop
  endfacet
  facet normal 0 0 -1
    outer loop
      vertex 12.0294 -10.5495 0
      vertex 15.6688 -15.0596 0
      vertex 15.5018 -15.1966 0
    endloop
  endfacet
  facet normal -0 0 -1
    outer loop
      vertex 21.7634 -0.643798 0
      vertex 15.9657 -1.04645 0
      vertex 21.7282 -0.430736 0
    endloop
  endfacet
  facet normal 0 0 -1
    outer loop
      vertex 11.3137 -11.3137 0
      vertex 15.5018 -15.1966 0
      vertex 15.3442 -15.3442 0
    endloop
  endfacet
  facet normal 0 0 -1
    outer loop
      vertex 11.3137 -11.3137 0
      vertex 15.3442 -15.3442 0
      vertex 15.1966 -15.5018 0
    endloop
  endfacet
  facet normal -0 0 -1
    outer loop
      vertex 21.8124 -0.854102 0
      vertex 15.9657 -1.04645 0
      vertex 21.7634 -0.643798 0
    endloop
  endfacet
  facet normal 0 0 -1
    outer loop
      vertex 11.3137 -11.3137 0
      vertex 15.1966 -15.5018 0
      vertex 15.0596 -15.6688 0
    endloop
  endfacet
  facet normal 0 0 -1
    outer loop
      vertex 10.5495 -12.0294 0
      vertex 15.0596 -15.6688 0
      vertex 14.9338 -15.8443 0
    endloop
  endfacet
  facet normal 0 0 -1
    outer loop
      vertex 10.5495 -12.0294 0
      vertex 14.9338 -15.8443 0
      vertex 14.8198 -16.0277 0
    endloop
  endfacet
  facet normal -0 0 -1
    outer loop
      vertex 22.2561 -1.83338 0
      vertex 15.6926 -3.12144 0
      vertex 22.1421 -1.65 0
    endloop
  endfacet
  facet normal 0 0 -1
    outer loop
      vertex 10.5495 -12.0294 0
      vertex 14.8198 -16.0277 0
      vertex 14.718 -16.2181 0
    endloop
  endfacet
  facet normal 0 0 -1
    outer loop
      vertex 9.74018 -12.6937 0
      vertex 14.718 -16.2181 0
      vertex 14.6289 -16.4148 0
    endloop
  endfacet
  facet normal 0 0 -1
    outer loop
      vertex 9.74018 -12.6937 0
      vertex 14.6289 -16.4148 0
      vertex 14.5528 -16.6169 0
    endloop
  endfacet
  facet normal 0 0 -1
    outer loop
      vertex 9.74018 -12.6937 0
      vertex 14.5528 -16.6169 0
      vertex 14.4901 -16.8236 0
    endloop
  endfacet
  facet normal 0 0 -1
    outer loop
      vertex 8.88912 -13.3035 0
      vertex 14.4901 -16.8236 0
      vertex 14.4411 -17.0339 0
    endloop
  endfacet
  facet normal 0 0 -1
    outer loop
      vertex 8.88912 -13.3035 0
      vertex 14.4411 -17.0339 0
      vertex 14.4059 -17.2469 0
    endloop
  endfacet
  facet normal 0 0 -1
    outer loop
      vertex 8 -13.8564 0
      vertex 14.4059 -17.2469 0
      vertex 14.3847 -17.4618 0
    endloop
  endfacet
  facet normal 0 0 -1
    outer loop
      vertex 18.3215 -14.4411 0
      vertex 14.35 -7.07662 0
      vertex 14.7821 -6.12293 0
    endloop
  endfacet
  facet normal 0 0 -1
    outer loop
      vertex 8 -13.8564 0
      vertex 14.3847 -17.4618 0
      vertex 14.3777 -17.6777 0
    endloop
  endfacet
  facet normal 0 0 -1
    outer loop
      vertex 28.2366 -0.643798 0
      vertex 55 -10 0
      vertex 29.3415 -10 0
    endloop
  endfacet
  facet normal 0 -0 -1
    outer loop
      vertex 28.2929 -0.21583 0
      vertex 55 -10 0
      vertex 28.2718 -0.430736 0
    endloop
  endfacet
  facet normal 0 0 -1
    outer loop
      vertex 24.5693 -3.27177 0
      vertex 29.3415 -10 0
      vertex 28.6403 -11.8632 0
    endloop
  endfacet
  facet normal 0 0 -1
    outer loop
      vertex 28.2929 0.21583 0
      vertex 55 10 0
      vertex 28.3 0 0
    endloop
  endfacet
  facet normal 0 0 -1
    outer loop
      vertex 28.2718 0.430736 0
      vertex 55 10 0
      vertex 28.2929 0.21583 0
    endloop
  endfacet
  facet normal 0 0 -1
    outer loop
      vertex 55 -10 0
      vertex 28.3 0 0
      vertex 55 10 0
    endloop
  endfacet
  facet normal 0 -0 -1
    outer loop
      vertex 28.3 0 0
      vertex 55 -10 0
      vertex 28.2929 -0.21583 0
    endloop
  endfacet
  facet normal 0 0 -1
    outer loop
      vertex 55 -10 0
      vertex 28.2366 -0.643798 0
      vertex 28.2718 -0.430736 0
    endloop
  endfacet
  facet normal 0 0 -1
    outer loop
      vertex 29.3415 -10 0
      vertex 28.1876 -0.854102 0
      vertex 28.2366 -0.643798 0
    endloop
  endfacet
  facet normal 0 0 -1
    outer loop
      vertex 29.3415 -10 0
      vertex 28.1249 -1.06075 0
      vertex 28.1876 -0.854102 0
    endloop
  endfacet
  facet normal 0 0 -1
    outer loop
      vertex 29.3415 -10 0
      vertex 28.0488 -1.26285 0
      vertex 28.1249 -1.06075 0
    endloop
  endfacet
  facet normal 0 0 -1
    outer loop
      vertex 29.3415 -10 0
      vertex 27.9597 -1.45955 0
      vertex 28.0488 -1.26285 0
    endloop
  endfacet
  facet normal 0 0 -1
    outer loop
      vertex 29.3415 -10 0
      vertex 27.8579 -1.65 0
      vertex 27.9597 -1.45955 0
    endloop
  endfacet
  facet normal 0 0 -1
    outer loop
      vertex 25.7756 -17.2227 0
      vertex 20.6373 -16.2181 0
      vertex 26.8468 -15.5 0
    endloop
  endfacet
  facet normal 0 0 -1
    outer loop
      vertex 29.3415 -10 0
      vertex 27.7438 -1.83338 0
      vertex 27.8579 -1.65 0
    endloop
  endfacet
  facet normal 0 0 -1
    outer loop
      vertex 29.3415 -10 0
      vertex 27.6181 -2.00891 0
      vertex 27.7438 -1.83338 0
    endloop
  endfacet
  facet normal 0 0 -1
    outer loop
      vertex 29.3415 -10 0
      vertex 27.4811 -2.17584 0
      vertex 27.6181 -2.00891 0
    endloop
  endfacet
  facet normal 0 0 -1
    outer loop
      vertex 29.3415 -10 0
      vertex 27.3335 -2.33345 0
      vertex 27.4811 -2.17584 0
    endloop
  endfacet
  facet normal 0 0 -1
    outer loop
      vertex 29.3415 -10 0
      vertex 27.1758 -2.48107 0
      vertex 27.3335 -2.33345 0
    endloop
  endfacet
  facet normal 0 0 -1
    outer loop
      vertex 29.3415 -10 0
      vertex 27.0089 -2.61807 0
      vertex 27.1758 -2.48107 0
    endloop
  endfacet
  facet normal 0 0 -1
    outer loop
      vertex 24.594 -18.8716 0
      vertex 20.9494 -17.2469 0
      vertex 25.7756 -17.2227 0
    endloop
  endfacet
  facet normal 0 0 -1
    outer loop
      vertex 29.3415 -10 0
      vertex 26.8334 -2.74385 0
      vertex 27.0089 -2.61807 0
    endloop
  endfacet
  facet normal 0 0 -1
    outer loop
      vertex 29.3415 -10 0
      vertex 26.65 -2.85788 0
      vertex 26.8334 -2.74385 0
    endloop
  endfacet
  facet normal 0 0 -1
    outer loop
      vertex 29.3415 -10 0
      vertex 26.4596 -2.95968 0
      vertex 26.65 -2.85788 0
    endloop
  endfacet
  facet normal 0 0 -1
    outer loop
      vertex 29.3415 -10 0
      vertex 26.2629 -3.0488 0
      vertex 26.4596 -2.95968 0
    endloop
  endfacet
  facet normal 0 0 -1
    outer loop
      vertex 29.3415 -10 0
      vertex 26.0607 -3.12487 0
      vertex 26.2629 -3.0488 0
    endloop
  endfacet
  facet normal 0 0 -1
    outer loop
      vertex 29.3415 -10 0
      vertex 25.8541 -3.18755 0
      vertex 26.0607 -3.12487 0
    endloop
  endfacet
  facet normal 0 0 -1
    outer loop
      vertex 20.9494 -17.2469 0
      vertex 24.594 -18.8716 0
      vertex 20.9706 -17.4618 0
    endloop
  endfacet
  facet normal 0 0 -1
    outer loop
      vertex 29.3415 -10 0
      vertex 25.6438 -3.23659 0
      vertex 25.8541 -3.18755 0
    endloop
  endfacet
  facet normal 0 0 -1
    outer loop
      vertex 29.3415 -10 0
      vertex 25.4307 -3.27177 0
      vertex 25.6438 -3.23659 0
    endloop
  endfacet
  facet normal 0 0 -1
    outer loop
      vertex 29.3415 -10 0
      vertex 25.2158 -3.29293 0
      vertex 25.4307 -3.27177 0
    endloop
  endfacet
  facet normal 0 0 -1
    outer loop
      vertex 29.3415 -10 0
      vertex 25 -3.3 0
      vertex 25.2158 -3.29293 0
    endloop
  endfacet
  facet normal 0 0 -1
    outer loop
      vertex 29.3415 -10 0
      vertex 24.7842 -3.29293 0
      vertex 25 -3.3 0
    endloop
  endfacet
  facet normal 0 0 -1
    outer loop
      vertex 20.9706 -17.4618 0
      vertex 24.594 -18.8716 0
      vertex 20.9777 -17.6777 0
    endloop
  endfacet
  facet normal 0 0 -1
    outer loop
      vertex 20.9143 -17.0339 0
      vertex 25.7756 -17.2227 0
      vertex 20.9494 -17.2469 0
    endloop
  endfacet
  facet normal 0 0 -1
    outer loop
      vertex 29.3415 -10 0
      vertex 24.5693 -3.27177 0
      vertex 24.7842 -3.29293 0
    endloop
  endfacet
  facet normal 0 0 -1
    outer loop
      vertex 28.6403 -11.8632 0
      vertex 24.3562 -3.23659 0
      vertex 24.5693 -3.27177 0
    endloop
  endfacet
  facet normal 0 0 -1
    outer loop
      vertex 28.6403 -11.8632 0
      vertex 24.1459 -3.18755 0
      vertex 24.3562 -3.23659 0
    endloop
  endfacet
  facet normal 0 0 -1
    outer loop
      vertex 20.4215 -15.8443 0
      vertex 26.8468 -15.5 0
      vertex 20.5356 -16.0277 0
    endloop
  endfacet
  facet normal 0 0 -1
    outer loop
      vertex 20.8652 -16.8236 0
      vertex 25.7756 -17.2227 0
      vertex 20.9143 -17.0339 0
    endloop
  endfacet
  facet normal 0 0 -1
    outer loop
      vertex 20.8025 -16.6169 0
      vertex 25.7756 -17.2227 0
      vertex 20.8652 -16.8236 0
    endloop
  endfacet
  facet normal 0 0 -1
    outer loop
      vertex 20.9143 -18.3215 0
      vertex 24.594 -18.8716 0
      vertex 23.307 -20.4397 0
    endloop
  endfacet
  facet normal 0 0 -1
    outer loop
      vertex 20.7265 -16.4148 0
      vertex 25.7756 -17.2227 0
      vertex 20.8025 -16.6169 0
    endloop
  endfacet
  facet normal 0 0 -1
    outer loop
      vertex 20.6373 -16.2181 0
      vertex 25.7756 -17.2227 0
      vertex 20.7265 -16.4148 0
    endloop
  endfacet
  facet normal 0 0 -1
    outer loop
      vertex 20.5356 -16.0277 0
      vertex 26.8468 -15.5 0
      vertex 20.6373 -16.2181 0
    endloop
  endfacet
  facet normal 0 0 -1
    outer loop
      vertex 20.2957 -15.6688 0
      vertex 26.8468 -15.5 0
      vertex 20.4215 -15.8443 0
    endloop
  endfacet
  facet normal 0 0 -1
    outer loop
      vertex 20.1587 -15.5018 0
      vertex 26.8468 -15.5 0
      vertex 20.2957 -15.6688 0
    endloop
  endfacet
  facet normal -0 0 -1
    outer loop
      vertex 26.8468 -15.5 0
      vertex 20.1587 -15.5018 0
      vertex 27.8031 -13.7109 0
    endloop
  endfacet
  facet normal 0 0 -1
    outer loop
      vertex 20.0111 -15.3442 0
      vertex 27.8031 -13.7109 0
      vertex 20.1587 -15.5018 0
    endloop
  endfacet
  facet normal 0 0 -1
    outer loop
      vertex 19.8535 -15.1966 0
      vertex 27.8031 -13.7109 0
      vertex 20.0111 -15.3442 0
    endloop
  endfacet
  facet normal 0 0 -1
    outer loop
      vertex 19.6866 -15.0596 0
      vertex 27.8031 -13.7109 0
      vertex 19.8535 -15.1966 0
    endloop
  endfacet
  facet normal -0 0 -1
    outer loop
      vertex 27.8031 -13.7109 0
      vertex 19.6866 -15.0596 0
      vertex 28.6403 -11.8632 0
    endloop
  endfacet
  facet normal 0 0 -1
    outer loop
      vertex 20.4215 -19.5111 0
      vertex 23.307 -20.4397 0
      vertex 21.9203 -21.9203 0
    endloop
  endfacet
  facet normal 0 0 -1
    outer loop
      vertex 19.5111 -14.9338 0
      vertex 28.6403 -11.8632 0
      vertex 19.6866 -15.0596 0
    endloop
  endfacet
  facet normal 0 0 -1
    outer loop
      vertex 19.3277 -14.8198 0
      vertex 28.6403 -11.8632 0
      vertex 19.5111 -14.9338 0
    endloop
  endfacet
  facet normal -0 0 -1
    outer loop
      vertex 28.6403 -11.8632 0
      vertex 19.3277 -14.8198 0
      vertex 24.1459 -3.18755 0
    endloop
  endfacet
  facet normal -0 0 -1
    outer loop
      vertex 24.1459 -3.18755 0
      vertex 19.3277 -14.8198 0
      vertex 23.9392 -3.12487 0
    endloop
  endfacet
  facet normal 0 0 -1
    outer loop
      vertex 19.1372 -14.718 0
      vertex 23.9392 -3.12487 0
      vertex 19.3277 -14.8198 0
    endloop
  endfacet
  facet normal -0 0 -1
    outer loop
      vertex 23.9392 -3.12487 0
      vertex 19.1372 -14.718 0
      vertex 23.7371 -3.0488 0
    endloop
  endfacet
  facet normal 0 0 -1
    outer loop
      vertex 18.9405 -14.6289 0
      vertex 23.7371 -3.0488 0
      vertex 19.1372 -14.718 0
    endloop
  endfacet
  facet normal 0 0 -1
    outer loop
      vertex 24.594 -18.8716 0
      vertex 20.9706 -17.8935 0
      vertex 20.9777 -17.6777 0
    endloop
  endfacet
  facet normal 0 0 -1
    outer loop
      vertex 24.594 -18.8716 0
      vertex 20.9494 -18.1084 0
      vertex 20.9706 -17.8935 0
    endloop
  endfacet
  facet normal 0 0 -1
    outer loop
      vertex 24.594 -18.8716 0
      vertex 20.9143 -18.3215 0
      vertex 20.9494 -18.1084 0
    endloop
  endfacet
  facet normal 0 0 -1
    outer loop
      vertex 23.307 -20.4397 0
      vertex 20.8652 -18.5318 0
      vertex 20.9143 -18.3215 0
    endloop
  endfacet
  facet normal 0 0 -1
    outer loop
      vertex 23.307 -20.4397 0
      vertex 20.8025 -18.7384 0
      vertex 20.8652 -18.5318 0
    endloop
  endfacet
  facet normal 0 0 -1
    outer loop
      vertex 23.307 -20.4397 0
      vertex 20.7265 -18.9405 0
      vertex 20.8025 -18.7384 0
    endloop
  endfacet
  facet normal 0 0 -1
    outer loop
      vertex 23.307 -20.4397 0
      vertex 20.6373 -19.1372 0
      vertex 20.7265 -18.9405 0
    endloop
  endfacet
  facet normal 0 0 -1
    outer loop
      vertex 23.307 -20.4397 0
      vertex 20.5356 -19.3277 0
      vertex 20.6373 -19.1372 0
    endloop
  endfacet
  facet normal 0 0 -1
    outer loop
      vertex 19.5111 -20.4215 0
      vertex 21.9203 -21.9203 0
      vertex 20.4397 -23.307 0
    endloop
  endfacet
  facet normal 0 0 -1
    outer loop
      vertex 23.307 -20.4397 0
      vertex 20.4215 -19.5111 0
      vertex 20.5356 -19.3277 0
    endloop
  endfacet
  facet normal 0 0 -1
    outer loop
      vertex 21.9203 -21.9203 0
      vertex 20.2957 -19.6866 0
      vertex 20.4215 -19.5111 0
    endloop
  endfacet
  facet normal 0 0 -1
    outer loop
      vertex 21.9203 -21.9203 0
      vertex 20.1587 -19.8535 0
      vertex 20.2957 -19.6866 0
    endloop
  endfacet
  facet normal 0 0 -1
    outer loop
      vertex 21.9203 -21.9203 0
      vertex 20.0111 -20.0111 0
      vertex 20.1587 -19.8535 0
    endloop
  endfacet
  facet normal 0 0 -1
    outer loop
      vertex 21.9203 -21.9203 0
      vertex 19.8535 -20.1587 0
      vertex 20.0111 -20.0111 0
    endloop
  endfacet
  facet normal 0 0 -1
    outer loop
      vertex 21.9203 -21.9203 0
      vertex 19.6866 -20.2957 0
      vertex 19.8535 -20.1587 0
    endloop
  endfacet
  facet normal 0 0 -1
    outer loop
      vertex 21.9203 -21.9203 0
      vertex 19.5111 -20.4215 0
      vertex 19.6866 -20.2957 0
    endloop
  endfacet
  facet normal 0 0 -1
    outer loop
      vertex 20.4397 -23.307 0
      vertex 19.3277 -20.5356 0
      vertex 19.5111 -20.4215 0
    endloop
  endfacet
  facet normal 0 0 -1
    outer loop
      vertex 20.4397 -23.307 0
      vertex 19.1372 -20.6373 0
      vertex 19.3277 -20.5356 0
    endloop
  endfacet
  facet normal 0 0 -1
    outer loop
      vertex 20.4397 -23.307 0
      vertex 18.9405 -20.7265 0
      vertex 19.1372 -20.6373 0
    endloop
  endfacet
  facet normal 0 0 -1
    outer loop
      vertex 18.3215 -20.9143 0
      vertex 20.4397 -23.307 0
      vertex 18.8716 -24.594 0
    endloop
  endfacet
  facet normal 0 0 -1
    outer loop
      vertex 20.4397 -23.307 0
      vertex 18.7384 -20.8025 0
      vertex 18.9405 -20.7265 0
    endloop
  endfacet
  facet normal 0 0 -1
    outer loop
      vertex 20.4397 -23.307 0
      vertex 18.5318 -20.8652 0
      vertex 18.7384 -20.8025 0
    endloop
  endfacet
  facet normal 0 0 -1
    outer loop
      vertex 20.4397 -23.307 0
      vertex 18.3215 -20.9143 0
      vertex 18.5318 -20.8652 0
    endloop
  endfacet
  facet normal 0 0 -1
    outer loop
      vertex 18.8716 -24.594 0
      vertex 18.1084 -20.9494 0
      vertex 18.3215 -20.9143 0
    endloop
  endfacet
  facet normal 0 0 -1
    outer loop
      vertex 18.8716 -24.594 0
      vertex 17.8935 -20.9706 0
      vertex 18.1084 -20.9494 0
    endloop
  endfacet
  facet normal 0 0 -1
    outer loop
      vertex 18.8716 -24.594 0
      vertex 17.6777 -20.9777 0
      vertex 17.8935 -20.9706 0
    endloop
  endfacet
  facet normal 0 0 -1
    outer loop
      vertex 18.8716 -24.594 0
      vertex 17.4618 -20.9706 0
      vertex 17.6777 -20.9777 0
    endloop
  endfacet
  facet normal 0 0 -1
    outer loop
      vertex 18.8716 -24.594 0
      vertex 17.2469 -20.9494 0
      vertex 17.4618 -20.9706 0
    endloop
  endfacet
  facet normal 0 0 -1
    outer loop
      vertex 17.2227 -25.7756 0
      vertex 17.2469 -20.9494 0
      vertex 18.8716 -24.594 0
    endloop
  endfacet
  facet normal 0 0 -1
    outer loop
      vertex 17.2227 -25.7756 0
      vertex 17.0339 -20.9143 0
      vertex 17.2469 -20.9494 0
    endloop
  endfacet
  facet normal 0 0 -1
    outer loop
      vertex 17.2227 -25.7756 0
      vertex 16.8236 -20.8652 0
      vertex 17.0339 -20.9143 0
    endloop
  endfacet
  facet normal 0 0 -1
    outer loop
      vertex 17.2227 -25.7756 0
      vertex 16.6169 -20.8025 0
      vertex 16.8236 -20.8652 0
    endloop
  endfacet
  facet normal 0 0 -1
    outer loop
      vertex 17.2227 -25.7756 0
      vertex 16.4148 -20.7265 0
      vertex 16.6169 -20.8025 0
    endloop
  endfacet
  facet normal 0 0 -1
    outer loop
      vertex 17.2227 -25.7756 0
      vertex 16.2181 -20.6373 0
      vertex 16.4148 -20.7265 0
    endloop
  endfacet
  facet normal 0 0 -1
    outer loop
      vertex 15.5 -26.8468 0
      vertex 16.2181 -20.6373 0
      vertex 17.2227 -25.7756 0
    endloop
  endfacet
  facet normal -0 0 -1
    outer loop
      vertex 16.2181 -20.6373 0
      vertex 15.5 -26.8468 0
      vertex 16.0277 -20.5356 0
    endloop
  endfacet
  facet normal -0 0 -1
    outer loop
      vertex 16.0277 -20.5356 0
      vertex 15.5 -26.8468 0
      vertex 15.8443 -20.4215 0
    endloop
  endfacet
  facet normal -0 0 -1
    outer loop
      vertex 15.8443 -20.4215 0
      vertex 15.5 -26.8468 0
      vertex 15.6688 -20.2957 0
    endloop
  endfacet
  facet normal -0 0 -1
    outer loop
      vertex 15.6688 -20.2957 0
      vertex 15.5 -26.8468 0
      vertex 15.5018 -20.1587 0
    endloop
  endfacet
  facet normal 0 0 -1
    outer loop
      vertex 13.7109 -27.8031 0
      vertex 15.5018 -20.1587 0
      vertex 15.5 -26.8468 0
    endloop
  endfacet
  facet normal -0 0 -1
    outer loop
      vertex 15.5018 -20.1587 0
      vertex 13.7109 -27.8031 0
      vertex 15.3442 -20.0111 0
    endloop
  endfacet
  facet normal -0 0 -1
    outer loop
      vertex 15.3442 -20.0111 0
      vertex 13.7109 -27.8031 0
      vertex 15.1966 -19.8535 0
    endloop
  endfacet
  facet normal -0 0 -1
    outer loop
      vertex 15.1966 -19.8535 0
      vertex 13.7109 -27.8031 0
      vertex 15.0596 -19.6866 0
    endloop
  endfacet
  facet normal 0 0 -1
    outer loop
      vertex 11.8632 -28.6403 0
      vertex 15.0596 -19.6866 0
      vertex 13.7109 -27.8031 0
    endloop
  endfacet
  facet normal -0 0 -1
    outer loop
      vertex 15.0596 -19.6866 0
      vertex 11.8632 -28.6403 0
      vertex 14.9338 -19.5111 0
    endloop
  endfacet
  facet normal -0 0 -1
    outer loop
      vertex 14.9338 -19.5111 0
      vertex 11.8632 -28.6403 0
      vertex 14.8198 -19.3277 0
    endloop
  endfacet
  facet normal -0 0 -1
    outer loop
      vertex 14.8198 -19.3277 0
      vertex 11.8632 -28.6403 0
      vertex 14.718 -19.1372 0
    endloop
  endfacet
  facet normal 0 0 -1
    outer loop
      vertex 9.96462 -29.3548 0
      vertex 14.718 -19.1372 0
      vertex 11.8632 -28.6403 0
    endloop
  endfacet
  facet normal -0 0 -1
    outer loop
      vertex 14.718 -19.1372 0
      vertex 9.96462 -29.3548 0
      vertex 14.6289 -18.9405 0
    endloop
  endfacet
  facet normal 0 0 -1
    outer loop
      vertex 5.14303 -15.1509 0
      vertex 14.6289 -18.9405 0
      vertex 9.96462 -29.3548 0
    endloop
  endfacet
  facet normal 0 0 -1
    outer loop
      vertex 17.8935 -14.3847 0
      vertex 13.8564 -8 0
      vertex 14.35 -7.07662 0
    endloop
  endfacet
  facet normal 0 0 -1
    outer loop
      vertex 8 -13.8564 0
      vertex 14.3777 -17.6777 0
      vertex 14.3847 -17.8935 0
    endloop
  endfacet
  facet normal 0 -0 -1
    outer loop
      vertex 6.12293 -14.7821 0
      vertex 14.6289 -18.9405 0
      vertex 5.14303 -15.1509 0
    endloop
  endfacet
  facet normal 0 0 -1
    outer loop
      vertex 14.6289 -18.9405 0
      vertex 6.12293 -14.7821 0
      vertex 14.5528 -18.7384 0
    endloop
  endfacet
  facet normal 0 0 -1
    outer loop
      vertex 14.5528 -18.7384 0
      vertex 6.12293 -14.7821 0
      vertex 14.4901 -18.5318 0
    endloop
  endfacet
  facet normal 0 0 -1
    outer loop
      vertex 17.2469 -14.4059 0
      vertex 13.3035 -8.88912 0
      vertex 13.8564 -8 0
    endloop
  endfacet
  facet normal 0 0 -1
    outer loop
      vertex 16.6169 -14.5528 0
      vertex 12.6937 -9.74018 0
      vertex 13.3035 -8.88912 0
    endloop
  endfacet
  facet normal 0 0 -1
    outer loop
      vertex 16.0277 -14.8198 0
      vertex 12.0294 -10.5495 0
      vertex 12.6937 -9.74018 0
    endloop
  endfacet
  facet normal 0 0 -1
    outer loop
      vertex 14.4901 -18.5318 0
      vertex 6.12293 -14.7821 0
      vertex 14.4411 -18.3215 0
    endloop
  endfacet
  facet normal 0 0 -1
    outer loop
      vertex 15.5018 -15.1966 0
      vertex 11.3137 -11.3137 0
      vertex 12.0294 -10.5495 0
    endloop
  endfacet
  facet normal 0 0 -1
    outer loop
      vertex 15.0596 -15.6688 0
      vertex 10.5495 -12.0294 0
      vertex 11.3137 -11.3137 0
    endloop
  endfacet
  facet normal 0 -0 -1
    outer loop
      vertex 7.07662 -14.35 0
      vertex 14.4411 -18.3215 0
      vertex 6.12293 -14.7821 0
    endloop
  endfacet
  facet normal 0 0 -1
    outer loop
      vertex 14.718 -16.2181 0
      vertex 9.74018 -12.6937 0
      vertex 10.5495 -12.0294 0
    endloop
  endfacet
  facet normal 0 0 -1
    outer loop
      vertex 14.4901 -16.8236 0
      vertex 8.88912 -13.3035 0
      vertex 9.74018 -12.6937 0
    endloop
  endfacet
  facet normal 0 0 -1
    outer loop
      vertex 5.14303 -15.1509 0
      vertex 9.96462 -29.3548 0
      vertex 8.02339 -29.9437 0
    endloop
  endfacet
  facet normal 0 0 -1
    outer loop
      vertex 14.4059 -17.2469 0
      vertex 8 -13.8564 0
      vertex 8.88912 -13.3035 0
    endloop
  endfacet
  facet normal 0 0 -1
    outer loop
      vertex 14.3847 -17.8935 0
      vertex 7.07662 -14.35 0
      vertex 8 -13.8564 0
    endloop
  endfacet
  facet normal 0 0 -1
    outer loop
      vertex 14.4059 -18.1084 0
      vertex 7.07662 -14.35 0
      vertex 14.3847 -17.8935 0
    endloop
  endfacet
  facet normal 0 0 -1
    outer loop
      vertex 5.14303 -15.1509 0
      vertex 8.02339 -29.9437 0
      vertex 6.0478 -30.4043 0
    endloop
  endfacet
  facet normal 0 0 -1
    outer loop
      vertex 5.14303 -15.1509 0
      vertex 6.0478 -30.4043 0
      vertex 6 -30.4122 0
    endloop
  endfacet
  facet normal 0 0 -1
    outer loop
      vertex 14.4411 -18.3215 0
      vertex 7.07662 -14.35 0
      vertex 14.4059 -18.1084 0
    endloop
  endfacet
  facet normal 0 0 -1
    outer loop
      vertex 28.2366 0.643798 0
      vertex 55 10 0
      vertex 28.2718 0.430736 0
    endloop
  endfacet
  facet normal -0 0 -1
    outer loop
      vertex 55 10 0
      vertex 28.2366 0.643798 0
      vertex 29.3415 10 0
    endloop
  endfacet
  facet normal 0 0 -1
    outer loop
      vertex 28.1876 0.854102 0
      vertex 29.3415 10 0
      vertex 28.2366 0.643798 0
    endloop
  endfacet
  facet normal 0 0 -1
    outer loop
      vertex 28.1249 1.06075 0
      vertex 29.3415 10 0
      vertex 28.1876 0.854102 0
    endloop
  endfacet
  facet normal 0 0 -1
    outer loop
      vertex 28.0488 1.26285 0
      vertex 29.3415 10 0
      vertex 28.1249 1.06075 0
    endloop
  endfacet
  facet normal 0 0 -1
    outer loop
      vertex 27.9597 1.45955 0
      vertex 29.3415 10 0
      vertex 28.0488 1.26285 0
    endloop
  endfacet
  facet normal 0 0 -1
    outer loop
      vertex 27.8579 1.65 0
      vertex 29.3415 10 0
      vertex 27.9597 1.45955 0
    endloop
  endfacet
  facet normal 0 0 -1
    outer loop
      vertex 27.7438 1.83338 0
      vertex 29.3415 10 0
      vertex 27.8579 1.65 0
    endloop
  endfacet
  facet normal 0 0 -1
    outer loop
      vertex 27.6181 2.00891 0
      vertex 29.3415 10 0
      vertex 27.7438 1.83338 0
    endloop
  endfacet
  facet normal 0 0 -1
    outer loop
      vertex 27.4811 2.17584 0
      vertex 29.3415 10 0
      vertex 27.6181 2.00891 0
    endloop
  endfacet
  facet normal 0 0 -1
    outer loop
      vertex 27.3335 2.33345 0
      vertex 29.3415 10 0
      vertex 27.4811 2.17584 0
    endloop
  endfacet
  facet normal 0 0 -1
    outer loop
      vertex 27.1758 2.48107 0
      vertex 29.3415 10 0
      vertex 27.3335 2.33345 0
    endloop
  endfacet
  facet normal 0 0 -1
    outer loop
      vertex 27.0089 2.61807 0
      vertex 29.3415 10 0
      vertex 27.1758 2.48107 0
    endloop
  endfacet
  facet normal 0 0 -1
    outer loop
      vertex 26.8334 2.74385 0
      vertex 29.3415 10 0
      vertex 27.0089 2.61807 0
    endloop
  endfacet
  facet normal 0 0 -1
    outer loop
      vertex 26.65 2.85788 0
      vertex 29.3415 10 0
      vertex 26.8334 2.74385 0
    endloop
  endfacet
  facet normal 0 0 -1
    outer loop
      vertex 26.4596 2.95968 0
      vertex 29.3415 10 0
      vertex 26.65 2.85788 0
    endloop
  endfacet
  facet normal 0 0 -1
    outer loop
      vertex 26.2629 3.0488 0
      vertex 29.3415 10 0
      vertex 26.4596 2.95968 0
    endloop
  endfacet
  facet normal 0 0 -1
    outer loop
      vertex 26.0607 3.12487 0
      vertex 29.3415 10 0
      vertex 26.2629 3.0488 0
    endloop
  endfacet
  facet normal 0 0 -1
    outer loop
      vertex 25.8541 3.18755 0
      vertex 29.3415 10 0
      vertex 26.0607 3.12487 0
    endloop
  endfacet
  facet normal 0 0 -1
    outer loop
      vertex 25.6438 3.23659 0
      vertex 29.3415 10 0
      vertex 25.8541 3.18755 0
    endloop
  endfacet
  facet normal 0 0 -1
    outer loop
      vertex 25.4307 3.27177 0
      vertex 29.3415 10 0
      vertex 25.6438 3.23659 0
    endloop
  endfacet
  facet normal 0 0 -1
    outer loop
      vertex 25.2158 3.29293 0
      vertex 29.3415 10 0
      vertex 25.4307 3.27177 0
    endloop
  endfacet
  facet normal 0 0 -1
    outer loop
      vertex 25 3.3 0
      vertex 29.3415 10 0
      vertex 25.2158 3.29293 0
    endloop
  endfacet
  facet normal 0 0 -1
    outer loop
      vertex 24.7842 3.29293 0
      vertex 29.3415 10 0
      vertex 25 3.3 0
    endloop
  endfacet
  facet normal 0 0 -1
    outer loop
      vertex 24.5693 3.27177 0
      vertex 29.3415 10 0
      vertex 24.7842 3.29293 0
    endloop
  endfacet
  facet normal -0 0 -1
    outer loop
      vertex 29.3415 10 0
      vertex 24.5693 3.27177 0
      vertex 28.6403 11.8632 0
    endloop
  endfacet
  facet normal 0 0 -1
    outer loop
      vertex 24.3562 3.23659 0
      vertex 28.6403 11.8632 0
      vertex 24.5693 3.27177 0
    endloop
  endfacet
  facet normal 0 0 -1
    outer loop
      vertex 24.1459 3.18755 0
      vertex 28.6403 11.8632 0
      vertex 24.3562 3.23659 0
    endloop
  endfacet
  facet normal 0 0 -1
    outer loop
      vertex 23.9392 3.12487 0
      vertex 28.6403 11.8632 0
      vertex 24.1459 3.18755 0
    endloop
  endfacet
  facet normal -0 0 -1
    outer loop
      vertex 28.6403 11.8632 0
      vertex 23.9392 3.12487 0
      vertex 27.8031 13.7109 0
    endloop
  endfacet
  facet normal 0 0 -1
    outer loop
      vertex 26.8468 15.5 0
      vertex 20.9777 17.6777 0
      vertex 25.7756 17.2227 0
    endloop
  endfacet
  facet normal 0 0 -1
    outer loop
      vertex 20.9777 17.6777 0
      vertex 27.8031 13.7109 0
      vertex 23.9392 3.12487 0
    endloop
  endfacet
  facet normal 0 0 -1
    outer loop
      vertex 27.8031 13.7109 0
      vertex 20.9777 17.6777 0
      vertex 26.8468 15.5 0
    endloop
  endfacet
  facet normal 0 0 -1
    outer loop
      vertex 20.9777 17.6777 0
      vertex 23.9392 3.12487 0
      vertex 23.7371 3.0488 0
    endloop
  endfacet
  facet normal 0 0 -1
    outer loop
      vertex 20.9777 17.6777 0
      vertex 23.7371 3.0488 0
      vertex 23.5404 2.95968 0
    endloop
  endfacet
  facet normal 0 0 -1
    outer loop
      vertex 20.9777 17.6777 0
      vertex 23.5404 2.95968 0
      vertex 23.35 2.85788 0
    endloop
  endfacet
  facet normal 0 0 -1
    outer loop
      vertex 25.7756 17.2227 0
      vertex 20.9777 17.6777 0
      vertex 24.594 18.8716 0
    endloop
  endfacet
  facet normal 0 0 -1
    outer loop
      vertex 20.9777 17.6777 0
      vertex 23.35 2.85788 0
      vertex 23.1666 2.74385 0
    endloop
  endfacet
  facet normal 0 0 -1
    outer loop
      vertex 20.9777 17.6777 0
      vertex 23.1666 2.74385 0
      vertex 22.9911 2.61807 0
    endloop
  endfacet
  facet normal 0 0 -1
    outer loop
      vertex 20.9777 17.6777 0
      vertex 22.9911 2.61807 0
      vertex 22.8242 2.48107 0
    endloop
  endfacet
  facet normal 0 0 -1
    outer loop
      vertex 20.9777 17.6777 0
      vertex 22.8242 2.48107 0
      vertex 22.6665 2.33345 0
    endloop
  endfacet
  facet normal 0 0 -1
    outer loop
      vertex 20.9777 17.6777 0
      vertex 22.6665 2.33345 0
      vertex 22.5189 2.17584 0
    endloop
  endfacet
  facet normal 0 0 -1
    outer loop
      vertex 20.9777 17.6777 0
      vertex 22.5189 2.17584 0
      vertex 22.3819 2.00891 0
    endloop
  endfacet
  facet normal 0 0 -1
    outer loop
      vertex 20.9777 17.6777 0
      vertex 22.3819 2.00891 0
      vertex 22.2561 1.83338 0
    endloop
  endfacet
  facet normal 0 0 -1
    outer loop
      vertex 20.9777 17.6777 0
      vertex 22.2561 1.83338 0
      vertex 22.1421 1.65 0
    endloop
  endfacet
  facet normal 0 0 -1
    outer loop
      vertex 20.9777 17.6777 0
      vertex 22.1421 1.65 0
      vertex 22.0403 1.45955 0
    endloop
  endfacet
  facet normal 0 0 -1
    outer loop
      vertex 20.9777 17.6777 0
      vertex 22.0403 1.45955 0
      vertex 21.9512 1.26285 0
    endloop
  endfacet
  facet normal 0 0 -1
    outer loop
      vertex 20.9706 17.8935 0
      vertex 24.594 18.8716 0
      vertex 20.9777 17.6777 0
    endloop
  endfacet
  facet normal 0 0 -1
    outer loop
      vertex 20.9777 17.6777 0
      vertex 21.9512 1.26285 0
      vertex 21.8751 1.06075 0
    endloop
  endfacet
  facet normal 0 0 -1
    outer loop
      vertex 20.9777 17.6777 0
      vertex 21.8751 1.06075 0
      vertex 21.8124 0.854102 0
    endloop
  endfacet
  facet normal 0 0 -1
    outer loop
      vertex 20.9777 17.6777 0
      vertex 21.8124 0.854102 0
      vertex 21.7634 0.643798 0
    endloop
  endfacet
  facet normal 0 0 -1
    outer loop
      vertex 20.9777 17.6777 0
      vertex 21.7634 0.643798 0
      vertex 21.7282 0.430736 0
    endloop
  endfacet
  facet normal 0 0 -1
    outer loop
      vertex 20.9777 17.6777 0
      vertex 21.7282 0.430736 0
      vertex 21.7071 0.21583 0
    endloop
  endfacet
  facet normal 0 0 -1
    outer loop
      vertex 20.9777 17.6777 0
      vertex 21.7071 0.21583 0
      vertex 21.7 0 0
    endloop
  endfacet
  facet normal -0 0 -1
    outer loop
      vertex 23.7371 -3.0488 0
      vertex 18.9405 -14.6289 0
      vertex 23.5404 -2.95968 0
    endloop
  endfacet
  facet normal 0 0 -1
    outer loop
      vertex 20.9494 18.1084 0
      vertex 24.594 18.8716 0
      vertex 20.9706 17.8935 0
    endloop
  endfacet
  facet normal 0 0 -1
    outer loop
      vertex 20.9143 18.3215 0
      vertex 24.594 18.8716 0
      vertex 20.9494 18.1084 0
    endloop
  endfacet
  facet normal -0 0 -1
    outer loop
      vertex 24.594 18.8716 0
      vertex 20.9143 18.3215 0
      vertex 23.307 20.4397 0
    endloop
  endfacet
  facet normal 0 0 -1
    outer loop
      vertex 20.8652 18.5318 0
      vertex 23.307 20.4397 0
      vertex 20.9143 18.3215 0
    endloop
  endfacet
  facet normal 0 0 -1
    outer loop
      vertex 20.8025 18.7384 0
      vertex 23.307 20.4397 0
      vertex 20.8652 18.5318 0
    endloop
  endfacet
  facet normal 0 0 -1
    outer loop
      vertex 20.7265 18.9405 0
      vertex 23.307 20.4397 0
      vertex 20.8025 18.7384 0
    endloop
  endfacet
  facet normal 0 0 -1
    outer loop
      vertex 20.6373 19.1372 0
      vertex 23.307 20.4397 0
      vertex 20.7265 18.9405 0
    endloop
  endfacet
  facet normal 0 0 -1
    outer loop
      vertex 20.5356 19.3277 0
      vertex 23.307 20.4397 0
      vertex 20.6373 19.1372 0
    endloop
  endfacet
  facet normal 0 0 -1
    outer loop
      vertex 20.4215 19.5111 0
      vertex 23.307 20.4397 0
      vertex 20.5356 19.3277 0
    endloop
  endfacet
  facet normal -0 0 -1
    outer loop
      vertex 23.307 20.4397 0
      vertex 20.4215 19.5111 0
      vertex 21.9203 21.9203 0
    endloop
  endfacet
  facet normal 0 0 -1
    outer loop
      vertex 20.2957 19.6866 0
      vertex 21.9203 21.9203 0
      vertex 20.4215 19.5111 0
    endloop
  endfacet
  facet normal 0 0 -1
    outer loop
      vertex 20.1587 19.8535 0
      vertex 21.9203 21.9203 0
      vertex 20.2957 19.6866 0
    endloop
  endfacet
  facet normal 0 0 -1
    outer loop
      vertex 20.0111 20.0111 0
      vertex 21.9203 21.9203 0
      vertex 20.1587 19.8535 0
    endloop
  endfacet
  facet normal 0 0 -1
    outer loop
      vertex 19.8535 20.1587 0
      vertex 21.9203 21.9203 0
      vertex 20.0111 20.0111 0
    endloop
  endfacet
  facet normal 0 0 -1
    outer loop
      vertex 19.6866 20.2957 0
      vertex 21.9203 21.9203 0
      vertex 19.8535 20.1587 0
    endloop
  endfacet
  facet normal 0 0 -1
    outer loop
      vertex 19.5111 20.4215 0
      vertex 21.9203 21.9203 0
      vertex 19.6866 20.2957 0
    endloop
  endfacet
  facet normal -0 0 -1
    outer loop
      vertex 21.9203 21.9203 0
      vertex 19.5111 20.4215 0
      vertex 20.4397 23.307 0
    endloop
  endfacet
  facet normal 0 0 -1
    outer loop
      vertex 19.3277 20.5356 0
      vertex 20.4397 23.307 0
      vertex 19.5111 20.4215 0
    endloop
  endfacet
  facet normal 0 0 -1
    outer loop
      vertex 19.1372 20.6373 0
      vertex 20.4397 23.307 0
      vertex 19.3277 20.5356 0
    endloop
  endfacet
  facet normal 0 0 -1
    outer loop
      vertex 18.9405 20.7265 0
      vertex 20.4397 23.307 0
      vertex 19.1372 20.6373 0
    endloop
  endfacet
  facet normal 0 0 -1
    outer loop
      vertex 18.7384 20.8025 0
      vertex 20.4397 23.307 0
      vertex 18.9405 20.7265 0
    endloop
  endfacet
  facet normal 0 0 -1
    outer loop
      vertex 18.5318 20.8652 0
      vertex 20.4397 23.307 0
      vertex 18.7384 20.8025 0
    endloop
  endfacet
  facet normal 0 0 -1
    outer loop
      vertex 18.3215 20.9143 0
      vertex 20.4397 23.307 0
      vertex 18.5318 20.8652 0
    endloop
  endfacet
  facet normal -0 0 -1
    outer loop
      vertex 20.4397 23.307 0
      vertex 18.3215 20.9143 0
      vertex 18.8716 24.594 0
    endloop
  endfacet
  facet normal 0 0 -1
    outer loop
      vertex 18.1084 20.9494 0
      vertex 18.8716 24.594 0
      vertex 18.3215 20.9143 0
    endloop
  endfacet
  facet normal 0 0 -1
    outer loop
      vertex 17.8935 20.9706 0
      vertex 18.8716 24.594 0
      vertex 18.1084 20.9494 0
    endloop
  endfacet
  facet normal 0 0 -1
    outer loop
      vertex 17.6777 20.9777 0
      vertex 18.8716 24.594 0
      vertex 17.8935 20.9706 0
    endloop
  endfacet
  facet normal 0 0 -1
    outer loop
      vertex 17.4618 20.9706 0
      vertex 18.8716 24.594 0
      vertex 17.6777 20.9777 0
    endloop
  endfacet
  facet normal 0 0 -1
    outer loop
      vertex 17.2469 20.9494 0
      vertex 18.8716 24.594 0
      vertex 17.4618 20.9706 0
    endloop
  endfacet
  facet normal 0 0 -1
    outer loop
      vertex 17.2469 20.9494 0
      vertex 17.2227 25.7756 0
      vertex 18.8716 24.594 0
    endloop
  endfacet
  facet normal 0 0 -1
    outer loop
      vertex 17.0339 20.9143 0
      vertex 17.2227 25.7756 0
      vertex 17.2469 20.9494 0
    endloop
  endfacet
  facet normal 0 0 -1
    outer loop
      vertex 16.8236 20.8652 0
      vertex 17.2227 25.7756 0
      vertex 17.0339 20.9143 0
    endloop
  endfacet
  facet normal 0 0 -1
    outer loop
      vertex 16.6169 20.8025 0
      vertex 17.2227 25.7756 0
      vertex 16.8236 20.8652 0
    endloop
  endfacet
  facet normal 0 0 -1
    outer loop
      vertex 16.4148 20.7265 0
      vertex 17.2227 25.7756 0
      vertex 16.6169 20.8025 0
    endloop
  endfacet
  facet normal 0 0 -1
    outer loop
      vertex 16.2181 20.6373 0
      vertex 17.2227 25.7756 0
      vertex 16.4148 20.7265 0
    endloop
  endfacet
  facet normal 0 0 -1
    outer loop
      vertex 15.5 26.8468 0
      vertex 16.2181 20.6373 0
      vertex 16.0277 20.5356 0
    endloop
  endfacet
  facet normal 0 0 -1
    outer loop
      vertex 15.5 26.8468 0
      vertex 16.0277 20.5356 0
      vertex 15.8443 20.4215 0
    endloop
  endfacet
  facet normal 0 0 -1
    outer loop
      vertex 15.5 26.8468 0
      vertex 15.8443 20.4215 0
      vertex 15.6688 20.2957 0
    endloop
  endfacet
  facet normal 0 0 -1
    outer loop
      vertex 15.5 26.8468 0
      vertex 15.6688 20.2957 0
      vertex 15.5018 20.1587 0
    endloop
  endfacet
  facet normal 0 0 -1
    outer loop
      vertex 16.2181 20.6373 0
      vertex 15.5 26.8468 0
      vertex 17.2227 25.7756 0
    endloop
  endfacet
  facet normal 0 0 -1
    outer loop
      vertex 13.7109 27.8031 0
      vertex 15.5018 20.1587 0
      vertex 15.3442 20.0111 0
    endloop
  endfacet
  facet normal 0 0 -1
    outer loop
      vertex 13.7109 27.8031 0
      vertex 15.3442 20.0111 0
      vertex 15.1966 19.8535 0
    endloop
  endfacet
  facet normal 0 0 -1
    outer loop
      vertex 13.7109 27.8031 0
      vertex 15.1966 19.8535 0
      vertex 15.0596 19.6866 0
    endloop
  endfacet
  facet normal 0 0 -1
    outer loop
      vertex 11.8632 28.6403 0
      vertex 15.0596 19.6866 0
      vertex 14.9338 19.5111 0
    endloop
  endfacet
  facet normal 0 0 -1
    outer loop
      vertex 11.8632 28.6403 0
      vertex 14.9338 19.5111 0
      vertex 14.8198 19.3277 0
    endloop
  endfacet
  facet normal 0 0 -1
    outer loop
      vertex 3.29293 24.7842 0
      vertex 14.8198 19.3277 0
      vertex 14.718 19.1372 0
    endloop
  endfacet
  facet normal 0 0 -1
    outer loop
      vertex 3.29293 24.7842 0
      vertex 14.718 19.1372 0
      vertex 14.6289 18.9405 0
    endloop
  endfacet
  facet normal 0 0 -1
    outer loop
      vertex 3.29293 24.7842 0
      vertex 14.6289 18.9405 0
      vertex 14.5528 18.7384 0
    endloop
  endfacet
  facet normal 0 0 -1
    outer loop
      vertex 6.12293 14.7821 0
      vertex 14.5528 18.7384 0
      vertex 14.4901 18.5318 0
    endloop
  endfacet
  facet normal 0 0 -1
    outer loop
      vertex 6.12293 14.7821 0
      vertex 14.4901 18.5318 0
      vertex 14.4411 18.3215 0
    endloop
  endfacet
  facet normal 0 0 -1
    outer loop
      vertex 7.07662 14.35 0
      vertex 14.4411 18.3215 0
      vertex 14.4059 18.1084 0
    endloop
  endfacet
  facet normal -0 0 -1
    outer loop
      vertex 14.718 16.2181 0
      vertex 9.74018 12.6937 0
      vertex 14.6289 16.4148 0
    endloop
  endfacet
  facet normal -0 0 -1
    outer loop
      vertex 14.6289 16.4148 0
      vertex 9.74018 12.6937 0
      vertex 14.5528 16.6169 0
    endloop
  endfacet
  facet normal 0 0 -1
    outer loop
      vertex 15.5018 20.1587 0
      vertex 13.7109 27.8031 0
      vertex 15.5 26.8468 0
    endloop
  endfacet
  facet normal 0 0 -1
    outer loop
      vertex 7.07662 14.35 0
      vertex 14.4059 18.1084 0
      vertex 14.3847 17.8935 0
    endloop
  endfacet
  facet normal -0 0 -1
    outer loop
      vertex 14.5528 16.6169 0
      vertex 9.74018 12.6937 0
      vertex 14.4901 16.8236 0
    endloop
  endfacet
  facet normal 0 0 -1
    outer loop
      vertex 8.88912 13.3035 0
      vertex 14.4901 16.8236 0
      vertex 9.74018 12.6937 0
    endloop
  endfacet
  facet normal -0 0 -1
    outer loop
      vertex 14.4901 16.8236 0
      vertex 8.88912 13.3035 0
      vertex 14.4411 17.0339 0
    endloop
  endfacet
  facet normal -0 0 -1
    outer loop
      vertex 14.4411 17.0339 0
      vertex 8.88912 13.3035 0
      vertex 14.4059 17.2469 0
    endloop
  endfacet
  facet normal 0 0 -1
    outer loop
      vertex 8 13.8564 0
      vertex 14.4059 17.2469 0
      vertex 8.88912 13.3035 0
    endloop
  endfacet
  facet normal -0 0 -1
    outer loop
      vertex 14.4059 17.2469 0
      vertex 8 13.8564 0
      vertex 14.3847 17.4618 0
    endloop
  endfacet
  facet normal -0 0 -1
    outer loop
      vertex 14.3847 17.4618 0
      vertex 8 13.8564 0
      vertex 14.3777 17.6777 0
    endloop
  endfacet
  facet normal -0 0 -1
    outer loop
      vertex 14.3777 17.6777 0
      vertex 8 13.8564 0
      vertex 14.3847 17.8935 0
    endloop
  endfacet
  facet normal 0 0 -1
    outer loop
      vertex 7.07662 14.35 0
      vertex 14.3847 17.8935 0
      vertex 8 13.8564 0
    endloop
  endfacet
  facet normal 0 0 -1
    outer loop
      vertex 14.4411 18.3215 0
      vertex 7.07662 14.35 0
      vertex 6.12293 14.7821 0
    endloop
  endfacet
  facet normal 0 0 -1
    outer loop
      vertex 3.29293 24.7842 0
      vertex 11.8632 28.6403 0
      vertex 14.8198 19.3277 0
    endloop
  endfacet
  facet normal 0 0 -1
    outer loop
      vertex 15.0596 19.6866 0
      vertex 11.8632 28.6403 0
      vertex 13.7109 27.8031 0
    endloop
  endfacet
  facet normal 0 0 -1
    outer loop
      vertex 3.29293 24.7842 0
      vertex 9.96462 29.3548 0
      vertex 11.8632 28.6403 0
    endloop
  endfacet
  facet normal 0 0 -1
    outer loop
      vertex 3.29293 24.7842 0
      vertex 14.5528 18.7384 0
      vertex 6.12293 14.7821 0
    endloop
  endfacet
  facet normal 0 0 -1
    outer loop
      vertex 3.29293 25.2158 0
      vertex 9.96462 29.3548 0
      vertex 3.3 25 0
    endloop
  endfacet
  facet normal -0 0 -1
    outer loop
      vertex 9.96462 29.3548 0
      vertex 3.29293 25.2158 0
      vertex 8.02339 29.9437 0
    endloop
  endfacet
  facet normal 0 0 -1
    outer loop
      vertex 3.29293 24.7842 0
      vertex 6.12293 14.7821 0
      vertex 5.14303 15.1509 0
    endloop
  endfacet
  facet normal 0 0 -1
    outer loop
      vertex 3.27177 25.4307 0
      vertex 8.02339 29.9437 0
      vertex 3.29293 25.2158 0
    endloop
  endfacet
  facet normal 0 0 -1
    outer loop
      vertex 2.48107 22.8242 0
      vertex 5.14303 15.1509 0
      vertex 4.1411 15.4548 0
    endloop
  endfacet
  facet normal 0 0 -1
    outer loop
      vertex 3.23659 25.6438 0
      vertex 8.02339 29.9437 0
      vertex 3.27177 25.4307 0
    endloop
  endfacet
  facet normal 0 0 -1
    outer loop
      vertex 3.18755 25.8541 0
      vertex 8.02339 29.9437 0
      vertex 3.23659 25.6438 0
    endloop
  endfacet
  facet normal 0 0 -1
    outer loop
      vertex 3.12487 26.0607 0
      vertex 8.02339 29.9437 0
      vertex 3.18755 25.8541 0
    endloop
  endfacet
  facet normal -0 0 -1
    outer loop
      vertex 8.02339 29.9437 0
      vertex 3.12487 26.0607 0
      vertex 6.0478 30.4043 0
    endloop
  endfacet
  facet normal 0 0 -1
    outer loop
      vertex 3.0488 26.2629 0
      vertex 6.0478 30.4043 0
      vertex 3.12487 26.0607 0
    endloop
  endfacet
  facet normal 0 0 -1
    outer loop
      vertex 2.95968 26.4596 0
      vertex 6.0478 30.4043 0
      vertex 3.0488 26.2629 0
    endloop
  endfacet
  facet normal -0 0 -1
    outer loop
      vertex 6.0478 30.4043 0
      vertex 2.95968 26.4596 0
      vertex 6 30.4122 0
    endloop
  endfacet
  facet normal 0 0 -1
    outer loop
      vertex 2.85788 26.65 0
      vertex 6 30.4122 0
      vertex 2.95968 26.4596 0
    endloop
  endfacet
  facet normal 0 0 -1
    outer loop
      vertex 2.74385 26.8334 0
      vertex 6 30.4122 0
      vertex 2.85788 26.65 0
    endloop
  endfacet
  facet normal 0 0 -1
    outer loop
      vertex 2.61807 27.0089 0
      vertex 6 30.4122 0
      vertex 2.74385 26.8334 0
    endloop
  endfacet
  facet normal 0 0 -1
    outer loop
      vertex 2.48107 27.1758 0
      vertex 6 30.4122 0
      vertex 2.61807 27.0089 0
    endloop
  endfacet
  facet normal 0 0 -1
    outer loop
      vertex 2.33345 27.3335 0
      vertex 6 30.4122 0
      vertex 2.48107 27.1758 0
    endloop
  endfacet
  facet normal 0 0 -1
    outer loop
      vertex 2.17584 27.4811 0
      vertex 6 30.4122 0
      vertex 2.33345 27.3335 0
    endloop
  endfacet
  facet normal 0 0 -1
    outer loop
      vertex 2.00891 27.6181 0
      vertex 6 30.4122 0
      vertex 2.17584 27.4811 0
    endloop
  endfacet
  facet normal 0 0 -1
    outer loop
      vertex 1.83338 27.7438 0
      vertex 6 30.4122 0
      vertex 2.00891 27.6181 0
    endloop
  endfacet
  facet normal 0 0 -1
    outer loop
      vertex 1.65 27.8579 0
      vertex 6 30.4122 0
      vertex 1.83338 27.7438 0
    endloop
  endfacet
  facet normal 0 0 -1
    outer loop
      vertex 1.45955 27.9597 0
      vertex 6 30.4122 0
      vertex 1.65 27.8579 0
    endloop
  endfacet
  facet normal 0 0 -1
    outer loop
      vertex 1.26285 28.0488 0
      vertex 6 30.4122 0
      vertex 1.45955 27.9597 0
    endloop
  endfacet
  facet normal 0 0 -1
    outer loop
      vertex 1.06075 28.1249 0
      vertex 6 30.4122 0
      vertex 1.26285 28.0488 0
    endloop
  endfacet
  facet normal 0 0 -1
    outer loop
      vertex 0.854102 28.1876 0
      vertex 6 30.4122 0
      vertex 1.06075 28.1249 0
    endloop
  endfacet
  facet normal 0 0 -1
    outer loop
      vertex 0.643798 28.2366 0
      vertex 6 30.4122 0
      vertex 0.854102 28.1876 0
    endloop
  endfacet
  facet normal 0 0 -1
    outer loop
      vertex 0.430736 28.2718 0
      vertex 6 30.4122 0
      vertex 0.643798 28.2366 0
    endloop
  endfacet
  facet normal 0 0 -1
    outer loop
      vertex 0.21583 28.2929 0
      vertex 6 30.4122 0
      vertex 0.430736 28.2718 0
    endloop
  endfacet
  facet normal 0 0 -1
    outer loop
      vertex 0 28.3 0
      vertex 6 30.4122 0
      vertex 0.21583 28.2929 0
    endloop
  endfacet
  facet normal -0 0 -1
    outer loop
      vertex 6 30.4122 0
      vertex 0 28.3 0
      vertex -6 30.4122 0
    endloop
  endfacet
  facet normal 0 0 -1
    outer loop
      vertex -6 30.4122 0
      vertex 0 28.3 0
      vertex -0.21583 28.2929 0
    endloop
  endfacet
  facet normal 0 0 -1
    outer loop
      vertex -6 30.4122 0
      vertex -0.21583 28.2929 0
      vertex -0.430736 28.2718 0
    endloop
  endfacet
  facet normal 0 0 -1
    outer loop
      vertex -6 30.4122 0
      vertex -0.430736 28.2718 0
      vertex -0.643798 28.2366 0
    endloop
  endfacet
  facet normal 0 0 -1
    outer loop
      vertex -6 30.4122 0
      vertex -0.643798 28.2366 0
      vertex -0.854102 28.1876 0
    endloop
  endfacet
  facet normal 0 0 -1
    outer loop
      vertex -6 30.4122 0
      vertex -0.854102 28.1876 0
      vertex -1.06075 28.1249 0
    endloop
  endfacet
  facet normal 0 0 -1
    outer loop
      vertex -6 30.4122 0
      vertex -1.06075 28.1249 0
      vertex -1.26285 28.0488 0
    endloop
  endfacet
  facet normal 0 0 -1
    outer loop
      vertex -6 30.4122 0
      vertex -1.26285 28.0488 0
      vertex -1.45955 27.9597 0
    endloop
  endfacet
  facet normal 0 0 -1
    outer loop
      vertex -6 30.4122 0
      vertex -1.45955 27.9597 0
      vertex -1.65 27.8579 0
    endloop
  endfacet
  facet normal 0 0 -1
    outer loop
      vertex -6 30.4122 0
      vertex -1.65 27.8579 0
      vertex -1.83338 27.7438 0
    endloop
  endfacet
  facet normal 0 0 -1
    outer loop
      vertex -6 30.4122 0
      vertex -1.83338 27.7438 0
      vertex -2.00891 27.6181 0
    endloop
  endfacet
  facet normal 0 0 -1
    outer loop
      vertex -6 30.4122 0
      vertex -2.00891 27.6181 0
      vertex -2.17584 27.4811 0
    endloop
  endfacet
  facet normal 0 0 -1
    outer loop
      vertex -6 30.4122 0
      vertex -2.17584 27.4811 0
      vertex -2.33345 27.3335 0
    endloop
  endfacet
  facet normal 0 0 -1
    outer loop
      vertex -6 30.4122 0
      vertex -2.33345 27.3335 0
      vertex -2.48107 27.1758 0
    endloop
  endfacet
  facet normal 0 0 -1
    outer loop
      vertex -6 30.4122 0
      vertex -2.48107 27.1758 0
      vertex -2.61807 27.0089 0
    endloop
  endfacet
  facet normal 0 0 -1
    outer loop
      vertex -6 30.4122 0
      vertex -2.61807 27.0089 0
      vertex -2.74385 26.8334 0
    endloop
  endfacet
  facet normal 0 0 -1
    outer loop
      vertex -6 30.4122 0
      vertex -2.74385 26.8334 0
      vertex -2.85788 26.65 0
    endloop
  endfacet
  facet normal 0 0 -1
    outer loop
      vertex -6 30.4122 0
      vertex -2.85788 26.65 0
      vertex -2.95968 26.4596 0
    endloop
  endfacet
  facet normal 0 0 -1
    outer loop
      vertex -6.0478 30.4043 0
      vertex -2.95968 26.4596 0
      vertex -3.0488 26.2629 0
    endloop
  endfacet
  facet normal 0 0 -1
    outer loop
      vertex -6.0478 30.4043 0
      vertex -3.0488 26.2629 0
      vertex -3.12487 26.0607 0
    endloop
  endfacet
  facet normal 0 0 -1
    outer loop
      vertex -6.0478 30.4043 0
      vertex -3.29293 24.7842 0
      vertex -3.27177 24.5693 0
    endloop
  endfacet
  facet normal 0 0 -1
    outer loop
      vertex -6.0478 30.4043 0
      vertex -3.3 25 0
      vertex -3.29293 24.7842 0
    endloop
  endfacet
  facet normal 0 0 -1
    outer loop
      vertex -6.0478 30.4043 0
      vertex -3.29293 25.2158 0
      vertex -3.3 25 0
    endloop
  endfacet
  facet normal 0 0 -1
    outer loop
      vertex -6.0478 30.4043 0
      vertex -3.27177 25.4307 0
      vertex -3.29293 25.2158 0
    endloop
  endfacet
  facet normal 0 0 -1
    outer loop
      vertex -6.0478 30.4043 0
      vertex -3.23659 25.6438 0
      vertex -3.27177 25.4307 0
    endloop
  endfacet
  facet normal 0 0 -1
    outer loop
      vertex -6.0478 30.4043 0
      vertex -3.18755 25.8541 0
      vertex -3.23659 25.6438 0
    endloop
  endfacet
  facet normal 0 0 -1
    outer loop
      vertex -6.0478 30.4043 0
      vertex -3.12487 26.0607 0
      vertex -3.18755 25.8541 0
    endloop
  endfacet
  facet normal 0 0 -1
    outer loop
      vertex 6 30.4122 0
      vertex -6 30.4122 0
      vertex 6 55 0
    endloop
  endfacet
  facet normal -0 0 -1
    outer loop
      vertex 6 55 0
      vertex -6 30.4122 0
      vertex -6 55 0
    endloop
  endfacet
  facet normal -0 0 -1
    outer loop
      vertex 17.6777 14.3777 0
      vertex 13.8564 8 0
      vertex 17.4618 14.3847 0
    endloop
  endfacet
  facet normal -0 0 -1
    outer loop
      vertex 17.4618 14.3847 0
      vertex 13.8564 8 0
      vertex 17.2469 14.4059 0
    endloop
  endfacet
  facet normal 0 0 -1
    outer loop
      vertex 13.3035 8.88912 0
      vertex 17.2469 14.4059 0
      vertex 13.8564 8 0
    endloop
  endfacet
  facet normal -0 0 -1
    outer loop
      vertex 17.2469 14.4059 0
      vertex 13.3035 8.88912 0
      vertex 17.0339 14.4411 0
    endloop
  endfacet
  facet normal -0 0 -1
    outer loop
      vertex 17.0339 14.4411 0
      vertex 13.3035 8.88912 0
      vertex 16.8236 14.4901 0
    endloop
  endfacet
  facet normal -0 0 -1
    outer loop
      vertex 16.8236 14.4901 0
      vertex 13.3035 8.88912 0
      vertex 16.6169 14.5528 0
    endloop
  endfacet
  facet normal 0 0 -1
    outer loop
      vertex 12.6937 9.74018 0
      vertex 16.6169 14.5528 0
      vertex 13.3035 8.88912 0
    endloop
  endfacet
  facet normal -0 0 -1
    outer loop
      vertex 16.6169 14.5528 0
      vertex 12.6937 9.74018 0
      vertex 16.4148 14.6289 0
    endloop
  endfacet
  facet normal -0 0 -1
    outer loop
      vertex 16.4148 14.6289 0
      vertex 12.6937 9.74018 0
      vertex 16.2181 14.718 0
    endloop
  endfacet
  facet normal -0 0 -1
    outer loop
      vertex 16.2181 14.718 0
      vertex 12.6937 9.74018 0
      vertex 16.0277 14.8198 0
    endloop
  endfacet
  facet normal 0 0 -1
    outer loop
      vertex 12.0294 10.5495 0
      vertex 16.0277 14.8198 0
      vertex 12.6937 9.74018 0
    endloop
  endfacet
  facet normal -0 0 -1
    outer loop
      vertex 16.0277 14.8198 0
      vertex 12.0294 10.5495 0
      vertex 15.8443 14.9338 0
    endloop
  endfacet
  facet normal -0 0 -1
    outer loop
      vertex 15.8443 14.9338 0
      vertex 12.0294 10.5495 0
      vertex 15.6688 15.0596 0
    endloop
  endfacet
  facet normal -0 0 -1
    outer loop
      vertex 15.6688 15.0596 0
      vertex 12.0294 10.5495 0
      vertex 15.5018 15.1966 0
    endloop
  endfacet
  facet normal 0 0 -1
    outer loop
      vertex 11.3137 11.3137 0
      vertex 15.5018 15.1966 0
      vertex 12.0294 10.5495 0
    endloop
  endfacet
  facet normal -0 0 -1
    outer loop
      vertex 15.5018 15.1966 0
      vertex 11.3137 11.3137 0
      vertex 15.3442 15.3442 0
    endloop
  endfacet
  facet normal -0 0 -1
    outer loop
      vertex 15.3442 15.3442 0
      vertex 11.3137 11.3137 0
      vertex 15.1966 15.5018 0
    endloop
  endfacet
  facet normal -0 0 -1
    outer loop
      vertex 15.1966 15.5018 0
      vertex 11.3137 11.3137 0
      vertex 15.0596 15.6688 0
    endloop
  endfacet
  facet normal 0 0 -1
    outer loop
      vertex 10.5495 12.0294 0
      vertex 15.0596 15.6688 0
      vertex 11.3137 11.3137 0
    endloop
  endfacet
  facet normal -0 0 -1
    outer loop
      vertex 15.0596 15.6688 0
      vertex 10.5495 12.0294 0
      vertex 14.9338 15.8443 0
    endloop
  endfacet
  facet normal -0 0 -1
    outer loop
      vertex 14.9338 15.8443 0
      vertex 10.5495 12.0294 0
      vertex 14.8198 16.0277 0
    endloop
  endfacet
  facet normal 0 0 -1
    outer loop
      vertex 9.74018 12.6937 0
      vertex 14.718 16.2181 0
      vertex 10.5495 12.0294 0
    endloop
  endfacet
  facet normal -0 0 -1
    outer loop
      vertex 14.8198 16.0277 0
      vertex 10.5495 12.0294 0
      vertex 14.718 16.2181 0
    endloop
  endfacet
  facet normal 0 -1 0
    outer loop
      vertex 29.3415 -10 0
      vertex 55 -10 4
      vertex 29.3415 -10 4
    endloop
  endfacet
  facet normal 0 -1 -0
    outer loop
      vertex 55 -10 4
      vertex 29.3415 -10 0
      vertex 55 -10 0
    endloop
  endfacet
  facet normal 0 1 -0
    outer loop
      vertex 6 55 0
      vertex -6 55 4
      vertex 6 55 4
    endloop
  endfacet
  facet normal 0 1 0
    outer loop
      vertex -6 55 4
      vertex 6 55 0
      vertex -6 55 0
    endloop
  endfacet
  facet normal -1 0 0
    outer loop
      vertex -6 30.4122 0
      vertex -6 55 4
      vertex -6 55 0
    endloop
  endfacet
  facet normal -1 -0 0
    outer loop
      vertex -6 55 4
      vertex -6 30.4122 0
      vertex -6 30.4122 4
    endloop
  endfacet
  facet normal 1 -0 0
    outer loop
      vertex 6 30.4122 4
      vertex 6 55 0
      vertex 6 55 4
    endloop
  endfacet
  facet normal 1 0 0
    outer loop
      vertex 6 55 0
      vertex 6 30.4122 4
      vertex 6 30.4122 0
    endloop
  endfacet
  facet normal -1 0 0
    outer loop
      vertex -55 -6 0
      vertex -55 6 4
      vertex -55 6 0
    endloop
  endfacet
  facet normal -1 -0 0
    outer loop
      vertex -55 6 4
      vertex -55 -6 0
      vertex -55 -6 4
    endloop
  endfacet
  facet normal 0 1 -0
    outer loop
      vertex -30.4122 6 0
      vertex -55 6 4
      vertex -30.4122 6 4
    endloop
  endfacet
  facet normal 0 1 0
    outer loop
      vertex -55 6 4
      vertex -30.4122 6 0
      vertex -55 6 0
    endloop
  endfacet
  facet normal 0 -1 0
    outer loop
      vertex -55 -6 0
      vertex -30.4122 -6 4
      vertex -55 -6 4
    endloop
  endfacet
  facet normal 0 -1 -0
    outer loop
      vertex -30.4122 -6 4
      vertex -55 -6 0
      vertex -30.4122 -6 0
    endloop
  endfacet
  facet normal 0 -1 0
    outer loop
      vertex -6 -55 0
      vertex 6 -55 4
      vertex -6 -55 4
    endloop
  endfacet
  facet normal 0 -1 -0
    outer loop
      vertex 6 -55 4
      vertex -6 -55 0
      vertex 6 -55 0
    endloop
  endfacet
  facet normal -1 0 0
    outer loop
      vertex -6 -55 0
      vertex -6 -30.4122 4
      vertex -6 -30.4122 0
    endloop
  endfacet
  facet normal -1 -0 0
    outer loop
      vertex -6 -30.4122 4
      vertex -6 -55 0
      vertex -6 -55 4
    endloop
  endfacet
  facet normal 1 -0 0
    outer loop
      vertex 6 -55 4
      vertex 6 -30.4122 0
      vertex 6 -30.4122 4
    endloop
  endfacet
  facet normal 1 0 0
    outer loop
      vertex 6 -30.4122 0
      vertex 6 -55 4
      vertex 6 -55 0
    endloop
  endfacet
  facet normal 0.729872 0.683584 0
    outer loop
      vertex 23.307 20.4397 4
      vertex 21.9203 21.9203 0
      vertex 21.9203 21.9203 4
    endloop
  endfacet
  facet normal 0.729872 0.683584 0
    outer loop
      vertex 21.9203 21.9203 0
      vertex 23.307 20.4397 4
      vertex 23.307 20.4397 0
    endloop
  endfacet
  facet normal -0.683584 0.729872 0
    outer loop
      vertex -20.4397 23.307 0
      vertex -21.9203 21.9203 4
      vertex -20.4397 23.307 4
    endloop
  endfacet
  facet normal -0.683584 0.729872 0
    outer loop
      vertex -21.9203 21.9203 4
      vertex -20.4397 23.307 0
      vertex -21.9203 21.9203 0
    endloop
  endfacet
  facet normal -0.352218 0.935918 0
    outer loop
      vertex -9.96462 29.3548 0
      vertex -11.8632 28.6403 4
      vertex -9.96462 29.3548 4
    endloop
  endfacet
  facet normal -0.352218 0.935918 0
    outer loop
      vertex -11.8632 28.6403 4
      vertex -9.96462 29.3548 0
      vertex -11.8632 28.6403 0
    endloop
  endfacet
  facet normal 0.935916 0.352224 0
    outer loop
      vertex 29.3415 10 4
      vertex 28.6403 11.8632 0
      vertex 28.6403 11.8632 4
    endloop
  endfacet
  facet normal 0.935916 0.352224 0
    outer loop
      vertex 28.6403 11.8632 0
      vertex 29.3415 10 4
      vertex 29.3415 10 0
    endloop
  endfacet
  facet normal -0.849212 0.528052 0
    outer loop
      vertex -26.8468 15.5 0
      vertex -25.7756 17.2227 4
      vertex -25.7756 17.2227 0
    endloop
  endfacet
  facet normal -0.849212 0.528052 0
    outer loop
      vertex -25.7756 17.2227 4
      vertex -26.8468 15.5 0
      vertex -26.8468 15.5 4
    endloop
  endfacet
  facet normal -0.812843 0.582483 0
    outer loop
      vertex -25.7756 17.2227 0
      vertex -24.594 18.8716 4
      vertex -24.594 18.8716 0
    endloop
  endfacet
  facet normal -0.812843 0.582483 0
    outer loop
      vertex -24.594 18.8716 4
      vertex -25.7756 17.2227 0
      vertex -25.7756 17.2227 4
    endloop
  endfacet
  facet normal -0.634421 0.772988 0
    outer loop
      vertex -18.8716 24.594 0
      vertex -20.4397 23.307 4
      vertex -18.8716 24.594 4
    endloop
  endfacet
  facet normal -0.634421 0.772988 0
    outer loop
      vertex -20.4397 23.307 4
      vertex -18.8716 24.594 0
      vertex -20.4397 23.307 0
    endloop
  endfacet
  facet normal 0.849212 -0.528052 0
    outer loop
      vertex 25.7756 -17.2227 4
      vertex 26.8468 -15.5 0
      vertex 26.8468 -15.5 4
    endloop
  endfacet
  facet normal 0.849212 -0.528052 0
    outer loop
      vertex 26.8468 -15.5 0
      vertex 25.7756 -17.2227 4
      vertex 25.7756 -17.2227 0
    endloop
  endfacet
  facet normal 0.227056 -0.973882 0
    outer loop
      vertex 6.0478 -30.4043 0
      vertex 8.02339 -29.9437 4
      vertex 6.0478 -30.4043 4
    endloop
  endfacet
  facet normal 0.227056 -0.973882 0
    outer loop
      vertex 8.02339 -29.9437 4
      vertex 6.0478 -30.4043 0
      vertex 8.02339 -29.9437 0
    endloop
  endfacet
  facet normal 0.634421 -0.772988 0
    outer loop
      vertex 18.8716 -24.594 0
      vertex 20.4397 -23.307 4
      vertex 18.8716 -24.594 4
    endloop
  endfacet
  facet normal 0.634421 -0.772988 0
    outer loop
      vertex 20.4397 -23.307 4
      vertex 18.8716 -24.594 0
      vertex 20.4397 -23.307 0
    endloop
  endfacet
  facet normal 0.935916 -0.352224 0
    outer loop
      vertex 28.6403 -11.8632 4
      vertex 29.3415 -10 0
      vertex 29.3415 -10 4
    endloop
  endfacet
  facet normal 0.935916 -0.352224 0
    outer loop
      vertex 29.3415 -10 0
      vertex 28.6403 -11.8632 4
      vertex 28.6403 -11.8632 0
    endloop
  endfacet
  facet normal -0.352218 -0.935918 0
    outer loop
      vertex -11.8632 -28.6403 0
      vertex -9.96462 -29.3548 4
      vertex -11.8632 -28.6403 4
    endloop
  endfacet
  facet normal -0.352218 -0.935918 -0
    outer loop
      vertex -9.96462 -29.3548 4
      vertex -11.8632 -28.6403 0
      vertex -9.96462 -29.3548 0
    endloop
  endfacet
  facet normal -0.772988 -0.634421 0
    outer loop
      vertex -23.307 -20.4397 0
      vertex -24.594 -18.8716 4
      vertex -24.594 -18.8716 0
    endloop
  endfacet
  facet normal -0.772988 -0.634421 0
    outer loop
      vertex -24.594 -18.8716 4
      vertex -23.307 -20.4397 0
      vertex -23.307 -20.4397 4
    endloop
  endfacet
  facet normal -0.812843 -0.582483 0
    outer loop
      vertex -24.594 -18.8716 0
      vertex -25.7756 -17.2227 4
      vertex -25.7756 -17.2227 0
    endloop
  endfacet
  facet normal -0.812843 -0.582483 0
    outer loop
      vertex -25.7756 -17.2227 4
      vertex -24.594 -18.8716 0
      vertex -24.594 -18.8716 4
    endloop
  endfacet
  facet normal 0.849212 0.528052 0
    outer loop
      vertex 26.8468 15.5 4
      vertex 25.7756 17.2227 0
      vertex 25.7756 17.2227 4
    endloop
  endfacet
  facet normal 0.849212 0.528052 0
    outer loop
      vertex 25.7756 17.2227 0
      vertex 26.8468 15.5 4
      vertex 26.8468 15.5 0
    endloop
  endfacet
  facet normal 0.227056 0.973882 -0
    outer loop
      vertex 8.02339 29.9437 0
      vertex 6.0478 30.4043 4
      vertex 8.02339 29.9437 4
    endloop
  endfacet
  facet normal 0.227056 0.973882 0
    outer loop
      vertex 6.0478 30.4043 4
      vertex 8.02339 29.9437 0
      vertex 6.0478 30.4043 0
    endloop
  endfacet
  facet normal 0.352218 0.935918 -0
    outer loop
      vertex 11.8632 28.6403 0
      vertex 9.96462 29.3548 4
      vertex 11.8632 28.6403 4
    endloop
  endfacet
  facet normal 0.352218 0.935918 0
    outer loop
      vertex 9.96462 29.3548 4
      vertex 11.8632 28.6403 0
      vertex 9.96462 29.3548 0
    endloop
  endfacet
  facet normal 0.582483 0.812843 -0
    outer loop
      vertex 18.8716 24.594 0
      vertex 17.2227 25.7756 4
      vertex 18.8716 24.594 4
    endloop
  endfacet
  facet normal 0.582483 0.812843 0
    outer loop
      vertex 17.2227 25.7756 4
      vertex 18.8716 24.594 0
      vertex 17.2227 25.7756 0
    endloop
  endfacet
  facet normal -0.973882 0.227056 0
    outer loop
      vertex -30.4043 6.0478 0
      vertex -29.9437 8.02339 4
      vertex -29.9437 8.02339 0
    endloop
  endfacet
  facet normal -0.973882 0.227056 0
    outer loop
      vertex -29.9437 8.02339 4
      vertex -30.4043 6.0478 0
      vertex -30.4043 6.0478 4
    endloop
  endfacet
  facet normal -0.935918 0.352218 0
    outer loop
      vertex -29.3548 9.96462 0
      vertex -28.6403 11.8632 4
      vertex -28.6403 11.8632 0
    endloop
  endfacet
  facet normal -0.935918 0.352218 0
    outer loop
      vertex -28.6403 11.8632 4
      vertex -29.3548 9.96462 0
      vertex -29.3548 9.96462 4
    endloop
  endfacet
  facet normal -0.528052 0.849212 0
    outer loop
      vertex -15.5 26.8468 0
      vertex -17.2227 25.7756 4
      vertex -15.5 26.8468 4
    endloop
  endfacet
  facet normal -0.528052 0.849212 0
    outer loop
      vertex -17.2227 25.7756 4
      vertex -15.5 26.8468 0
      vertex -17.2227 25.7756 0
    endloop
  endfacet
  facet normal -0.582483 0.812843 0
    outer loop
      vertex -17.2227 25.7756 0
      vertex -18.8716 24.594 4
      vertex -17.2227 25.7756 4
    endloop
  endfacet
  facet normal -0.582483 0.812843 0
    outer loop
      vertex -18.8716 24.594 4
      vertex -17.2227 25.7756 0
      vertex -18.8716 24.594 0
    endloop
  endfacet
  facet normal 0.471399 -0.88192 0
    outer loop
      vertex 13.7109 -27.8031 0
      vertex 15.5 -26.8468 4
      vertex 13.7109 -27.8031 4
    endloop
  endfacet
  facet normal 0.471399 -0.88192 0
    outer loop
      vertex 15.5 -26.8468 4
      vertex 13.7109 -27.8031 0
      vertex 15.5 -26.8468 0
    endloop
  endfacet
  facet normal 0.582483 -0.812843 0
    outer loop
      vertex 17.2227 -25.7756 0
      vertex 18.8716 -24.594 4
      vertex 17.2227 -25.7756 4
    endloop
  endfacet
  facet normal 0.582483 -0.812843 0
    outer loop
      vertex 18.8716 -24.594 4
      vertex 17.2227 -25.7756 0
      vertex 18.8716 -24.594 0
    endloop
  endfacet
  facet normal 0.528052 -0.849212 0
    outer loop
      vertex 15.5 -26.8468 0
      vertex 17.2227 -25.7756 4
      vertex 15.5 -26.8468 4
    endloop
  endfacet
  facet normal 0.528052 -0.849212 0
    outer loop
      vertex 17.2227 -25.7756 4
      vertex 15.5 -26.8468 0
      vertex 17.2227 -25.7756 0
    endloop
  endfacet
  facet normal 0.812843 -0.582483 0
    outer loop
      vertex 24.594 -18.8716 4
      vertex 25.7756 -17.2227 0
      vertex 25.7756 -17.2227 4
    endloop
  endfacet
  facet normal 0.812843 -0.582483 0
    outer loop
      vertex 25.7756 -17.2227 0
      vertex 24.594 -18.8716 4
      vertex 24.594 -18.8716 0
    endloop
  endfacet
  facet normal -0.582483 -0.812843 0
    outer loop
      vertex -18.8716 -24.594 0
      vertex -17.2227 -25.7756 4
      vertex -18.8716 -24.594 4
    endloop
  endfacet
  facet normal -0.582483 -0.812843 -0
    outer loop
      vertex -17.2227 -25.7756 4
      vertex -18.8716 -24.594 0
      vertex -17.2227 -25.7756 0
    endloop
  endfacet
  facet normal -0.528052 -0.849212 0
    outer loop
      vertex -17.2227 -25.7756 0
      vertex -15.5 -26.8468 4
      vertex -17.2227 -25.7756 4
    endloop
  endfacet
  facet normal -0.528052 -0.849212 -0
    outer loop
      vertex -15.5 -26.8468 4
      vertex -17.2227 -25.7756 0
      vertex -15.5 -26.8468 0
    endloop
  endfacet
  facet normal -0.91086 -0.412714 0
    outer loop
      vertex -27.8031 -13.7109 0
      vertex -28.6403 -11.8632 4
      vertex -28.6403 -11.8632 0
    endloop
  endfacet
  facet normal -0.91086 -0.412714 0
    outer loop
      vertex -28.6403 -11.8632 4
      vertex -27.8031 -13.7109 0
      vertex -27.8031 -13.7109 4
    endloop
  endfacet
  facet normal 0.812843 0.582483 0
    outer loop
      vertex 25.7756 17.2227 4
      vertex 24.594 18.8716 0
      vertex 24.594 18.8716 4
    endloop
  endfacet
  facet normal 0.812843 0.582483 0
    outer loop
      vertex 24.594 18.8716 0
      vertex 25.7756 17.2227 4
      vertex 25.7756 17.2227 0
    endloop
  endfacet
  facet normal 0.88192 0.471399 0
    outer loop
      vertex 27.8031 13.7109 4
      vertex 26.8468 15.5 0
      vertex 26.8468 15.5 4
    endloop
  endfacet
  facet normal 0.88192 0.471399 0
    outer loop
      vertex 26.8468 15.5 0
      vertex 27.8031 13.7109 4
      vertex 27.8031 13.7109 0
    endloop
  endfacet
  facet normal 0.91086 0.412714 0
    outer loop
      vertex 28.6403 11.8632 4
      vertex 27.8031 13.7109 0
      vertex 27.8031 13.7109 4
    endloop
  endfacet
  facet normal 0.91086 0.412714 0
    outer loop
      vertex 27.8031 13.7109 0
      vertex 28.6403 11.8632 4
      vertex 28.6403 11.8632 0
    endloop
  endfacet
  facet normal 0.2903 0.956936 -0
    outer loop
      vertex 9.96462 29.3548 0
      vertex 8.02339 29.9437 4
      vertex 9.96462 29.3548 4
    endloop
  endfacet
  facet normal 0.2903 0.956936 0
    outer loop
      vertex 8.02339 29.9437 4
      vertex 9.96462 29.3548 0
      vertex 8.02339 29.9437 0
    endloop
  endfacet
  facet normal 0.16306 0.986616 -0
    outer loop
      vertex 6.0478 30.4043 0
      vertex 6 30.4122 4
      vertex 6.0478 30.4043 4
    endloop
  endfacet
  facet normal 0.16306 0.986616 0
    outer loop
      vertex 6 30.4122 4
      vertex 6.0478 30.4043 0
      vertex 6 30.4122 0
    endloop
  endfacet
  facet normal 0.412714 0.91086 -0
    outer loop
      vertex 13.7109 27.8031 0
      vertex 11.8632 28.6403 4
      vertex 13.7109 27.8031 4
    endloop
  endfacet
  facet normal 0.412714 0.91086 0
    outer loop
      vertex 11.8632 28.6403 4
      vertex 13.7109 27.8031 0
      vertex 11.8632 28.6403 0
    endloop
  endfacet
  facet normal 0.528052 0.849212 -0
    outer loop
      vertex 17.2227 25.7756 0
      vertex 15.5 26.8468 4
      vertex 17.2227 25.7756 4
    endloop
  endfacet
  facet normal 0.528052 0.849212 0
    outer loop
      vertex 15.5 26.8468 4
      vertex 17.2227 25.7756 0
      vertex 15.5 26.8468 0
    endloop
  endfacet
  facet normal 0.634421 0.772988 -0
    outer loop
      vertex 20.4397 23.307 0
      vertex 18.8716 24.594 4
      vertex 20.4397 23.307 4
    endloop
  endfacet
  facet normal 0.634421 0.772988 0
    outer loop
      vertex 18.8716 24.594 4
      vertex 20.4397 23.307 0
      vertex 18.8716 24.594 0
    endloop
  endfacet
  facet normal 0.683584 0.729872 -0
    outer loop
      vertex 21.9203 21.9203 0
      vertex 20.4397 23.307 4
      vertex 21.9203 21.9203 4
    endloop
  endfacet
  facet normal 0.683584 0.729872 0
    outer loop
      vertex 20.4397 23.307 4
      vertex 21.9203 21.9203 0
      vertex 20.4397 23.307 0
    endloop
  endfacet
  facet normal -0.772988 0.634421 0
    outer loop
      vertex -24.594 18.8716 0
      vertex -23.307 20.4397 4
      vertex -23.307 20.4397 0
    endloop
  endfacet
  facet normal -0.772988 0.634421 0
    outer loop
      vertex -23.307 20.4397 4
      vertex -24.594 18.8716 0
      vertex -24.594 18.8716 4
    endloop
  endfacet
  facet normal -0.91086 0.412714 0
    outer loop
      vertex -28.6403 11.8632 0
      vertex -27.8031 13.7109 4
      vertex -27.8031 13.7109 0
    endloop
  endfacet
  facet normal -0.91086 0.412714 0
    outer loop
      vertex -27.8031 13.7109 4
      vertex -28.6403 11.8632 0
      vertex -28.6403 11.8632 4
    endloop
  endfacet
  facet normal -0.956936 0.2903 0
    outer loop
      vertex -29.9437 8.02339 0
      vertex -29.3548 9.96462 4
      vertex -29.3548 9.96462 0
    endloop
  endfacet
  facet normal -0.956936 0.2903 0
    outer loop
      vertex -29.3548 9.96462 4
      vertex -29.9437 8.02339 0
      vertex -29.9437 8.02339 4
    endloop
  endfacet
  facet normal -0.986616 0.16306 0
    outer loop
      vertex -30.4122 6 0
      vertex -30.4043 6.0478 4
      vertex -30.4043 6.0478 0
    endloop
  endfacet
  facet normal -0.986616 0.16306 0
    outer loop
      vertex -30.4043 6.0478 4
      vertex -30.4122 6 0
      vertex -30.4122 6 4
    endloop
  endfacet
  facet normal -0.412714 0.91086 0
    outer loop
      vertex -11.8632 28.6403 0
      vertex -13.7109 27.8031 4
      vertex -11.8632 28.6403 4
    endloop
  endfacet
  facet normal -0.412714 0.91086 0
    outer loop
      vertex -13.7109 27.8031 4
      vertex -11.8632 28.6403 0
      vertex -13.7109 27.8031 0
    endloop
  endfacet
  facet normal -0.471399 0.88192 0
    outer loop
      vertex -13.7109 27.8031 0
      vertex -15.5 26.8468 4
      vertex -13.7109 27.8031 4
    endloop
  endfacet
  facet normal -0.471399 0.88192 0
    outer loop
      vertex -15.5 26.8468 4
      vertex -13.7109 27.8031 0
      vertex -15.5 26.8468 0
    endloop
  endfacet
  facet normal -0.227056 0.973882 0
    outer loop
      vertex -6.0478 30.4043 0
      vertex -8.02339 29.9437 4
      vertex -6.0478 30.4043 4
    endloop
  endfacet
  facet normal -0.227056 0.973882 0
    outer loop
      vertex -8.02339 29.9437 4
      vertex -6.0478 30.4043 0
      vertex -8.02339 29.9437 0
    endloop
  endfacet
  facet normal -0.2903 0.956936 0
    outer loop
      vertex -8.02339 29.9437 0
      vertex -9.96462 29.3548 4
      vertex -8.02339 29.9437 4
    endloop
  endfacet
  facet normal -0.2903 0.956936 0
    outer loop
      vertex -9.96462 29.3548 4
      vertex -8.02339 29.9437 0
      vertex -9.96462 29.3548 0
    endloop
  endfacet
  facet normal -0.16306 0.986616 0
    outer loop
      vertex -6 30.4122 0
      vertex -6.0478 30.4043 4
      vertex -6 30.4122 4
    endloop
  endfacet
  facet normal -0.16306 0.986616 0
    outer loop
      vertex -6.0478 30.4043 4
      vertex -6 30.4122 0
      vertex -6.0478 30.4043 0
    endloop
  endfacet
  facet normal 0.352218 -0.935918 0
    outer loop
      vertex 9.96462 -29.3548 0
      vertex 11.8632 -28.6403 4
      vertex 9.96462 -29.3548 4
    endloop
  endfacet
  facet normal 0.352218 -0.935918 0
    outer loop
      vertex 11.8632 -28.6403 4
      vertex 9.96462 -29.3548 0
      vertex 11.8632 -28.6403 0
    endloop
  endfacet
  facet normal 0.683584 -0.729872 0
    outer loop
      vertex 20.4397 -23.307 0
      vertex 21.9203 -21.9203 4
      vertex 20.4397 -23.307 4
    endloop
  endfacet
  facet normal 0.683584 -0.729872 0
    outer loop
      vertex 21.9203 -21.9203 4
      vertex 20.4397 -23.307 0
      vertex 21.9203 -21.9203 0
    endloop
  endfacet
  facet normal 0.412714 -0.91086 0
    outer loop
      vertex 11.8632 -28.6403 0
      vertex 13.7109 -27.8031 4
      vertex 11.8632 -28.6403 4
    endloop
  endfacet
  facet normal 0.412714 -0.91086 0
    outer loop
      vertex 13.7109 -27.8031 4
      vertex 11.8632 -28.6403 0
      vertex 13.7109 -27.8031 0
    endloop
  endfacet
  facet normal 0.729872 -0.683584 0
    outer loop
      vertex 21.9203 -21.9203 4
      vertex 23.307 -20.4397 0
      vertex 23.307 -20.4397 4
    endloop
  endfacet
  facet normal 0.729872 -0.683584 0
    outer loop
      vertex 23.307 -20.4397 0
      vertex 21.9203 -21.9203 4
      vertex 21.9203 -21.9203 0
    endloop
  endfacet
  facet normal 0.772988 -0.634421 0
    outer loop
      vertex 23.307 -20.4397 4
      vertex 24.594 -18.8716 0
      vertex 24.594 -18.8716 4
    endloop
  endfacet
  facet normal 0.772988 -0.634421 0
    outer loop
      vertex 24.594 -18.8716 0
      vertex 23.307 -20.4397 4
      vertex 23.307 -20.4397 0
    endloop
  endfacet
  facet normal 0.88192 -0.471399 0
    outer loop
      vertex 26.8468 -15.5 4
      vertex 27.8031 -13.7109 0
      vertex 27.8031 -13.7109 4
    endloop
  endfacet
  facet normal 0.88192 -0.471399 0
    outer loop
      vertex 27.8031 -13.7109 0
      vertex 26.8468 -15.5 4
      vertex 26.8468 -15.5 0
    endloop
  endfacet
  facet normal 0.91086 -0.412714 0
    outer loop
      vertex 27.8031 -13.7109 4
      vertex 28.6403 -11.8632 0
      vertex 28.6403 -11.8632 4
    endloop
  endfacet
  facet normal 0.91086 -0.412714 0
    outer loop
      vertex 28.6403 -11.8632 0
      vertex 27.8031 -13.7109 4
      vertex 27.8031 -13.7109 0
    endloop
  endfacet
  facet normal -0.683584 -0.729872 0
    outer loop
      vertex -21.9203 -21.9203 0
      vertex -20.4397 -23.307 4
      vertex -21.9203 -21.9203 4
    endloop
  endfacet
  facet normal -0.683584 -0.729872 -0
    outer loop
      vertex -20.4397 -23.307 4
      vertex -21.9203 -21.9203 0
      vertex -20.4397 -23.307 0
    endloop
  endfacet
  facet normal -0.634421 -0.772988 0
    outer loop
      vertex -20.4397 -23.307 0
      vertex -18.8716 -24.594 4
      vertex -20.4397 -23.307 4
    endloop
  endfacet
  facet normal -0.634421 -0.772988 -0
    outer loop
      vertex -18.8716 -24.594 4
      vertex -20.4397 -23.307 0
      vertex -18.8716 -24.594 0
    endloop
  endfacet
  facet normal -0.471399 -0.88192 0
    outer loop
      vertex -15.5 -26.8468 0
      vertex -13.7109 -27.8031 4
      vertex -15.5 -26.8468 4
    endloop
  endfacet
  facet normal -0.471399 -0.88192 -0
    outer loop
      vertex -13.7109 -27.8031 4
      vertex -15.5 -26.8468 0
      vertex -13.7109 -27.8031 0
    endloop
  endfacet
  facet normal -0.2903 -0.956936 0
    outer loop
      vertex -9.96462 -29.3548 0
      vertex -8.02339 -29.9437 4
      vertex -9.96462 -29.3548 4
    endloop
  endfacet
  facet normal -0.2903 -0.956936 -0
    outer loop
      vertex -8.02339 -29.9437 4
      vertex -9.96462 -29.3548 0
      vertex -8.02339 -29.9437 0
    endloop
  endfacet
  facet normal -0.16306 -0.986616 0
    outer loop
      vertex -6.0478 -30.4043 0
      vertex -6 -30.4122 4
      vertex -6.0478 -30.4043 4
    endloop
  endfacet
  facet normal -0.16306 -0.986616 -0
    outer loop
      vertex -6 -30.4122 4
      vertex -6.0478 -30.4043 0
      vertex -6 -30.4122 0
    endloop
  endfacet
  facet normal -0.729872 -0.683584 0
    outer loop
      vertex -21.9203 -21.9203 0
      vertex -23.307 -20.4397 4
      vertex -23.307 -20.4397 0
    endloop
  endfacet
  facet normal -0.729872 -0.683584 0
    outer loop
      vertex -23.307 -20.4397 4
      vertex -21.9203 -21.9203 0
      vertex -21.9203 -21.9203 4
    endloop
  endfacet
  facet normal -0.849212 -0.528052 0
    outer loop
      vertex -25.7756 -17.2227 0
      vertex -26.8468 -15.5 4
      vertex -26.8468 -15.5 0
    endloop
  endfacet
  facet normal -0.849212 -0.528052 0
    outer loop
      vertex -26.8468 -15.5 4
      vertex -25.7756 -17.2227 0
      vertex -25.7756 -17.2227 4
    endloop
  endfacet
  facet normal -0.973882 -0.227056 0
    outer loop
      vertex -29.9437 -8.02339 0
      vertex -30.4043 -6.0478 4
      vertex -30.4043 -6.0478 0
    endloop
  endfacet
  facet normal -0.973882 -0.227056 0
    outer loop
      vertex -30.4043 -6.0478 4
      vertex -29.9437 -8.02339 0
      vertex -29.9437 -8.02339 4
    endloop
  endfacet
  facet normal -0.935918 -0.352218 0
    outer loop
      vertex -28.6403 -11.8632 0
      vertex -29.3548 -9.96462 4
      vertex -29.3548 -9.96462 0
    endloop
  endfacet
  facet normal -0.935918 -0.352218 0
    outer loop
      vertex -29.3548 -9.96462 4
      vertex -28.6403 -11.8632 0
      vertex -28.6403 -11.8632 4
    endloop
  endfacet
  facet normal 0.772988 0.634421 0
    outer loop
      vertex 24.594 18.8716 4
      vertex 23.307 20.4397 0
      vertex 23.307 20.4397 4
    endloop
  endfacet
  facet normal 0.772988 0.634421 0
    outer loop
      vertex 23.307 20.4397 0
      vertex 24.594 18.8716 4
      vertex 24.594 18.8716 0
    endloop
  endfacet
  facet normal 0.471399 0.88192 -0
    outer loop
      vertex 15.5 26.8468 0
      vertex 13.7109 27.8031 4
      vertex 15.5 26.8468 4
    endloop
  endfacet
  facet normal 0.471399 0.88192 0
    outer loop
      vertex 13.7109 27.8031 4
      vertex 15.5 26.8468 0
      vertex 13.7109 27.8031 0
    endloop
  endfacet
  facet normal -0.729872 0.683584 0
    outer loop
      vertex -23.307 20.4397 0
      vertex -21.9203 21.9203 4
      vertex -21.9203 21.9203 0
    endloop
  endfacet
  facet normal -0.729872 0.683584 0
    outer loop
      vertex -21.9203 21.9203 4
      vertex -23.307 20.4397 0
      vertex -23.307 20.4397 4
    endloop
  endfacet
  facet normal -0.88192 0.471399 0
    outer loop
      vertex -27.8031 13.7109 0
      vertex -26.8468 15.5 4
      vertex -26.8468 15.5 0
    endloop
  endfacet
  facet normal -0.88192 0.471399 0
    outer loop
      vertex -26.8468 15.5 4
      vertex -27.8031 13.7109 0
      vertex -27.8031 13.7109 4
    endloop
  endfacet
  facet normal 0.16306 -0.986616 0
    outer loop
      vertex 6 -30.4122 0
      vertex 6.0478 -30.4043 4
      vertex 6 -30.4122 4
    endloop
  endfacet
  facet normal 0.16306 -0.986616 0
    outer loop
      vertex 6.0478 -30.4043 4
      vertex 6 -30.4122 0
      vertex 6.0478 -30.4043 0
    endloop
  endfacet
  facet normal 0.2903 -0.956936 0
    outer loop
      vertex 8.02339 -29.9437 0
      vertex 9.96462 -29.3548 4
      vertex 8.02339 -29.9437 4
    endloop
  endfacet
  facet normal 0.2903 -0.956936 0
    outer loop
      vertex 9.96462 -29.3548 4
      vertex 8.02339 -29.9437 0
      vertex 9.96462 -29.3548 0
    endloop
  endfacet
  facet normal -0.412714 -0.91086 0
    outer loop
      vertex -13.7109 -27.8031 0
      vertex -11.8632 -28.6403 4
      vertex -13.7109 -27.8031 4
    endloop
  endfacet
  facet normal -0.412714 -0.91086 -0
    outer loop
      vertex -11.8632 -28.6403 4
      vertex -13.7109 -27.8031 0
      vertex -11.8632 -28.6403 0
    endloop
  endfacet
  facet normal -0.227056 -0.973882 0
    outer loop
      vertex -8.02339 -29.9437 0
      vertex -6.0478 -30.4043 4
      vertex -8.02339 -29.9437 4
    endloop
  endfacet
  facet normal -0.227056 -0.973882 -0
    outer loop
      vertex -6.0478 -30.4043 4
      vertex -8.02339 -29.9437 0
      vertex -6.0478 -30.4043 0
    endloop
  endfacet
  facet normal -0.88192 -0.471399 0
    outer loop
      vertex -26.8468 -15.5 0
      vertex -27.8031 -13.7109 4
      vertex -27.8031 -13.7109 0
    endloop
  endfacet
  facet normal -0.88192 -0.471399 0
    outer loop
      vertex -27.8031 -13.7109 4
      vertex -26.8468 -15.5 0
      vertex -26.8468 -15.5 4
    endloop
  endfacet
  facet normal -0.956936 -0.2903 0
    outer loop
      vertex -29.3548 -9.96462 0
      vertex -29.9437 -8.02339 4
      vertex -29.9437 -8.02339 0
    endloop
  endfacet
  facet normal -0.956936 -0.2903 0
    outer loop
      vertex -29.9437 -8.02339 4
      vertex -29.3548 -9.96462 0
      vertex -29.3548 -9.96462 4
    endloop
  endfacet
  facet normal -0.986616 -0.16306 0
    outer loop
      vertex -30.4043 -6.0478 0
      vertex -30.4122 -6 4
      vertex -30.4122 -6 0
    endloop
  endfacet
  facet normal -0.986616 -0.16306 0
    outer loop
      vertex -30.4122 -6 4
      vertex -30.4043 -6.0478 0
      vertex -30.4043 -6.0478 4
    endloop
  endfacet
  facet normal -0.683571 -0.729884 0
    outer loop
      vertex 19.8535 20.1587 0
      vertex 20.0111 20.0111 4
      vertex 19.8535 20.1587 4
    endloop
  endfacet
  facet normal -0.683571 -0.729884 -0
    outer loop
      vertex 20.0111 20.0111 4
      vertex 19.8535 20.1587 0
      vertex 20.0111 20.0111 0
    endloop
  endfacet
  facet normal 0.683571 -0.729884 0
    outer loop
      vertex 15.3442 20.0111 0
      vertex 15.5018 20.1587 4
      vertex 15.3442 20.0111 4
    endloop
  endfacet
  facet normal 0.683571 -0.729884 0
    outer loop
      vertex 15.5018 20.1587 4
      vertex 15.3442 20.0111 0
      vertex 15.5018 20.1587 0
    endloop
  endfacet
  facet normal -0.683571 0.729884 0
    outer loop
      vertex 20.0111 15.3442 0
      vertex 19.8535 15.1966 4
      vertex 20.0111 15.3442 4
    endloop
  endfacet
  facet normal -0.683571 0.729884 0
    outer loop
      vertex 19.8535 15.1966 4
      vertex 20.0111 15.3442 0
      vertex 19.8535 15.1966 0
    endloop
  endfacet
  facet normal 0.0328678 -0.99946 0
    outer loop
      vertex 17.4618 20.9706 0
      vertex 17.6777 20.9777 4
      vertex 17.4618 20.9706 4
    endloop
  endfacet
  facet normal 0.0328678 -0.99946 0
    outer loop
      vertex 17.6777 20.9777 4
      vertex 17.4618 20.9706 0
      vertex 17.6777 20.9777 0
    endloop
  endfacet
  facet normal 0.999474 -0.0324204 0
    outer loop
      vertex 14.3777 17.6777 4
      vertex 14.3847 17.8935 0
      vertex 14.3847 17.8935 4
    endloop
  endfacet
  facet normal 0.999474 -0.0324204 0
    outer loop
      vertex 14.3847 17.8935 0
      vertex 14.3777 17.6777 4
      vertex 14.3777 17.6777 0
    endloop
  endfacet
  facet normal -0.999459 -0.032883 0
    outer loop
      vertex 20.9777 17.6777 0
      vertex 20.9706 17.8935 4
      vertex 20.9706 17.8935 0
    endloop
  endfacet
  facet normal -0.999459 -0.032883 0
    outer loop
      vertex 20.9706 17.8935 4
      vertex 20.9777 17.6777 0
      vertex 20.9777 17.6777 4
    endloop
  endfacet
  facet normal 0.527916 0.849297 -0
    outer loop
      vertex 16.0277 14.8198 0
      vertex 15.8443 14.9338 4
      vertex 16.0277 14.8198 4
    endloop
  endfacet
  facet normal 0.527916 0.849297 0
    outer loop
      vertex 15.8443 14.9338 4
      vertex 16.0277 14.8198 0
      vertex 15.8443 14.9338 0
    endloop
  endfacet
  facet normal -0.351986 -0.936005 0
    outer loop
      vertex 18.7384 20.8025 0
      vertex 18.9405 20.7265 4
      vertex 18.7384 20.8025 4
    endloop
  endfacet
  facet normal -0.351986 -0.936005 -0
    outer loop
      vertex 18.9405 20.7265 4
      vertex 18.7384 20.8025 0
      vertex 18.9405 20.7265 0
    endloop
  endfacet
  facet normal -0.032883 -0.999459 0
    outer loop
      vertex 17.6777 20.9777 0
      vertex 17.8935 20.9706 4
      vertex 17.6777 20.9777 4
    endloop
  endfacet
  facet normal -0.032883 -0.999459 -0
    outer loop
      vertex 17.8935 20.9706 4
      vertex 17.6777 20.9777 0
      vertex 17.8935 20.9706 0
    endloop
  endfacet
  facet normal 0.351986 -0.936005 0
    outer loop
      vertex 16.4148 20.7265 0
      vertex 16.6169 20.8025 4
      vertex 16.4148 20.7265 4
    endloop
  endfacet
  facet normal 0.351986 -0.936005 0
    outer loop
      vertex 16.6169 20.8025 4
      vertex 16.4148 20.7265 0
      vertex 16.6169 20.8025 0
    endloop
  endfacet
  facet normal 0.973913 0.226922 0
    outer loop
      vertex 14.4901 16.8236 4
      vertex 14.4411 17.0339 0
      vertex 14.4411 17.0339 4
    endloop
  endfacet
  facet normal 0.973913 0.226922 0
    outer loop
      vertex 14.4411 17.0339 0
      vertex 14.4901 16.8236 4
      vertex 14.4901 16.8236 0
    endloop
  endfacet
  facet normal 0.812762 -0.582595 0
    outer loop
      vertex 14.9338 19.5111 4
      vertex 15.0596 19.6866 0
      vertex 15.0596 19.6866 4
    endloop
  endfacet
  facet normal 0.812762 -0.582595 0
    outer loop
      vertex 15.0596 19.6866 0
      vertex 14.9338 19.5111 4
      vertex 14.9338 19.5111 0
    endloop
  endfacet
  facet normal -0.956904 -0.290406 0
    outer loop
      vertex 20.8652 18.5318 0
      vertex 20.8025 18.7384 4
      vertex 20.8025 18.7384 0
    endloop
  endfacet
  facet normal -0.956904 -0.290406 0
    outer loop
      vertex 20.8025 18.7384 4
      vertex 20.8652 18.5318 0
      vertex 20.8652 18.5318 4
    endloop
  endfacet
  facet normal -0.882058 0.471141 0
    outer loop
      vertex 20.5356 16.0277 0
      vertex 20.6373 16.2181 4
      vertex 20.6373 16.2181 0
    endloop
  endfacet
  facet normal -0.882058 0.471141 0
    outer loop
      vertex 20.6373 16.2181 4
      vertex 20.5356 16.0277 0
      vertex 20.5356 16.0277 4
    endloop
  endfacet
  facet normal -0.99946 0.0328678 0
    outer loop
      vertex 20.9706 17.4618 0
      vertex 20.9777 17.6777 4
      vertex 20.9777 17.6777 0
    endloop
  endfacet
  facet normal -0.99946 0.0328678 0
    outer loop
      vertex 20.9777 17.6777 4
      vertex 20.9706 17.4618 0
      vertex 20.9706 17.4618 4
    endloop
  endfacet
  facet normal -0.97381 -0.227361 0
    outer loop
      vertex 20.9143 18.3215 0
      vertex 20.8652 18.5318 4
      vertex 20.8652 18.5318 0
    endloop
  endfacet
  facet normal -0.97381 -0.227361 0
    outer loop
      vertex 20.8652 18.5318 4
      vertex 20.9143 18.3215 0
      vertex 20.9143 18.3215 4
    endloop
  endfacet
  facet normal -0.412616 0.910905 0
    outer loop
      vertex 19.1372 14.718 0
      vertex 18.9405 14.6289 4
      vertex 19.1372 14.718 4
    endloop
  endfacet
  facet normal -0.412616 0.910905 0
    outer loop
      vertex 18.9405 14.6289 4
      vertex 19.1372 14.718 0
      vertex 18.9405 14.6289 0
    endloop
  endfacet
  facet normal -0.634473 -0.772945 0
    outer loop
      vertex 19.6866 20.2957 0
      vertex 19.8535 20.1587 4
      vertex 19.6866 20.2957 4
    endloop
  endfacet
  facet normal -0.634473 -0.772945 -0
    outer loop
      vertex 19.8535 20.1587 4
      vertex 19.6866 20.2957 0
      vertex 19.8535 20.1587 0
    endloop
  endfacet
  facet normal -0.470949 -0.882161 0
    outer loop
      vertex 19.1372 20.6373 0
      vertex 19.3277 20.5356 4
      vertex 19.1372 20.6373 4
    endloop
  endfacet
  facet normal -0.470949 -0.882161 -0
    outer loop
      vertex 19.3277 20.5356 4
      vertex 19.1372 20.6373 0
      vertex 19.3277 20.5356 0
    endloop
  endfacet
  facet normal -0.162522 -0.986705 0
    outer loop
      vertex 18.1084 20.9494 0
      vertex 18.3215 20.9143 4
      vertex 18.1084 20.9494 4
    endloop
  endfacet
  facet normal -0.162522 -0.986705 -0
    outer loop
      vertex 18.3215 20.9143 4
      vertex 18.1084 20.9494 0
      vertex 18.3215 20.9143 0
    endloop
  endfacet
  facet normal 0.52825 -0.849089 0
    outer loop
      vertex 15.8443 20.4215 0
      vertex 16.0277 20.5356 4
      vertex 15.8443 20.4215 4
    endloop
  endfacet
  facet normal 0.52825 -0.849089 0
    outer loop
      vertex 16.0277 20.5356 4
      vertex 15.8443 20.4215 0
      vertex 16.0277 20.5356 0
    endloop
  endfacet
  facet normal 0.582595 -0.812762 0
    outer loop
      vertex 15.6688 20.2957 0
      vertex 15.8443 20.4215 4
      vertex 15.6688 20.2957 4
    endloop
  endfacet
  facet normal 0.582595 -0.812762 0
    outer loop
      vertex 15.8443 20.4215 4
      vertex 15.6688 20.2957 0
      vertex 15.8443 20.4215 0
    endloop
  endfacet
  facet normal 0.162596 -0.986693 0
    outer loop
      vertex 17.0339 20.9143 0
      vertex 17.2469 20.9494 4
      vertex 17.0339 20.9143 4
    endloop
  endfacet
  facet normal 0.162596 -0.986693 0
    outer loop
      vertex 17.2469 20.9494 4
      vertex 17.0339 20.9143 0
      vertex 17.2469 20.9494 0
    endloop
  endfacet
  facet normal 0.290277 -0.956943 0
    outer loop
      vertex 16.6169 20.8025 0
      vertex 16.8236 20.8652 4
      vertex 16.6169 20.8025 4
    endloop
  endfacet
  facet normal 0.290277 -0.956943 0
    outer loop
      vertex 16.8236 20.8652 4
      vertex 16.6169 20.8025 0
      vertex 16.8236 20.8652 0
    endloop
  endfacet
  facet normal 0.098174 -0.995169 0
    outer loop
      vertex 17.2469 20.9494 0
      vertex 17.4618 20.9706 4
      vertex 17.2469 20.9494 4
    endloop
  endfacet
  facet normal 0.098174 -0.995169 0
    outer loop
      vertex 17.4618 20.9706 4
      vertex 17.2469 20.9494 0
      vertex 17.4618 20.9706 0
    endloop
  endfacet
  facet normal 0.999475 0.0324054 0
    outer loop
      vertex 14.3847 17.4618 4
      vertex 14.3777 17.6777 0
      vertex 14.3777 17.6777 4
    endloop
  endfacet
  facet normal 0.999475 0.0324054 0
    outer loop
      vertex 14.3777 17.6777 0
      vertex 14.3847 17.4618 4
      vertex 14.3847 17.4618 0
    endloop
  endfacet
  facet normal 0.849297 0.527916 0
    outer loop
      vertex 14.9338 15.8443 4
      vertex 14.8198 16.0277 0
      vertex 14.8198 16.0277 4
    endloop
  endfacet
  facet normal 0.849297 0.527916 0
    outer loop
      vertex 14.8198 16.0277 0
      vertex 14.9338 15.8443 4
      vertex 14.9338 15.8443 0
    endloop
  endfacet
  facet normal 0.812762 0.582595 0
    outer loop
      vertex 15.0596 15.6688 4
      vertex 14.9338 15.8443 0
      vertex 14.9338 15.8443 4
    endloop
  endfacet
  facet normal 0.812762 0.582595 0
    outer loop
      vertex 14.9338 15.8443 0
      vertex 15.0596 15.6688 4
      vertex 15.0596 15.6688 0
    endloop
  endfacet
  facet normal 0.973913 -0.226922 0
    outer loop
      vertex 14.4411 18.3215 4
      vertex 14.4901 18.5318 0
      vertex 14.4901 18.5318 4
    endloop
  endfacet
  facet normal 0.973913 -0.226922 0
    outer loop
      vertex 14.4901 18.5318 0
      vertex 14.4411 18.3215 4
      vertex 14.4411 18.3215 0
    endloop
  endfacet
  facet normal 0.935853 -0.352392 0
    outer loop
      vertex 14.5528 18.7384 4
      vertex 14.6289 18.9405 0
      vertex 14.6289 18.9405 4
    endloop
  endfacet
  facet normal 0.935853 -0.352392 0
    outer loop
      vertex 14.6289 18.9405 0
      vertex 14.5528 18.7384 4
      vertex 14.5528 18.7384 0
    endloop
  endfacet
  facet normal 0.995169 -0.098174 0
    outer loop
      vertex 14.3847 17.8935 4
      vertex 14.4059 18.1084 0
      vertex 14.4059 18.1084 4
    endloop
  endfacet
  facet normal 0.995169 -0.098174 0
    outer loop
      vertex 14.4059 18.1084 0
      vertex 14.3847 17.8935 4
      vertex 14.3847 17.8935 0
    endloop
  endfacet
  facet normal 0.881968 -0.471309 0
    outer loop
      vertex 14.718 19.1372 4
      vertex 14.8198 19.3277 0
      vertex 14.8198 19.3277 4
    endloop
  endfacet
  facet normal 0.881968 -0.471309 0
    outer loop
      vertex 14.8198 19.3277 0
      vertex 14.718 19.1372 4
      vertex 14.718 19.1372 0
    endloop
  endfacet
  facet normal 0.772945 -0.634473 0
    outer loop
      vertex 15.0596 19.6866 4
      vertex 15.1966 19.8535 0
      vertex 15.1966 19.8535 4
    endloop
  endfacet
  facet normal 0.772945 -0.634473 0
    outer loop
      vertex 15.1966 19.8535 0
      vertex 15.0596 19.6866 4
      vertex 15.0596 19.6866 0
    endloop
  endfacet
  facet normal -0.995169 0.098174 0
    outer loop
      vertex 20.9494 17.2469 0
      vertex 20.9706 17.4618 4
      vertex 20.9706 17.4618 0
    endloop
  endfacet
  facet normal -0.995169 0.098174 0
    outer loop
      vertex 20.9706 17.4618 4
      vertex 20.9494 17.2469 0
      vertex 20.9494 17.2469 4
    endloop
  endfacet
  facet normal -0.986693 0.162596 0
    outer loop
      vertex 20.9143 17.0339 0
      vertex 20.9494 17.2469 4
      vertex 20.9494 17.2469 0
    endloop
  endfacet
  facet normal -0.986693 0.162596 0
    outer loop
      vertex 20.9494 17.2469 4
      vertex 20.9143 17.0339 0
      vertex 20.9143 17.0339 4
    endloop
  endfacet
  facet normal -0.882161 -0.470949 0
    outer loop
      vertex 20.6373 19.1372 0
      vertex 20.5356 19.3277 4
      vertex 20.5356 19.3277 0
    endloop
  endfacet
  facet normal -0.882161 -0.470949 0
    outer loop
      vertex 20.5356 19.3277 4
      vertex 20.6373 19.1372 0
      vertex 20.6373 19.1372 4
    endloop
  endfacet
  facet normal -0.0324204 0.999474 0
    outer loop
      vertex 17.8935 14.3847 0
      vertex 17.6777 14.3777 4
      vertex 17.8935 14.3847 4
    endloop
  endfacet
  facet normal -0.0324204 0.999474 0
    outer loop
      vertex 17.6777 14.3777 4
      vertex 17.8935 14.3847 0
      vertex 17.6777 14.3777 0
    endloop
  endfacet
  facet normal -0.582595 0.812762 0
    outer loop
      vertex 19.6866 15.0596 0
      vertex 19.5111 14.9338 4
      vertex 19.6866 15.0596 4
    endloop
  endfacet
  facet normal -0.582595 0.812762 0
    outer loop
      vertex 19.5111 14.9338 4
      vertex 19.6866 15.0596 0
      vertex 19.5111 14.9338 0
    endloop
  endfacet
  facet normal 0.352392 0.935853 -0
    outer loop
      vertex 16.6169 14.5528 0
      vertex 16.4148 14.6289 4
      vertex 16.6169 14.5528 4
    endloop
  endfacet
  facet normal 0.352392 0.935853 0
    outer loop
      vertex 16.4148 14.6289 4
      vertex 16.6169 14.5528 0
      vertex 16.4148 14.6289 0
    endloop
  endfacet
  facet normal 0.290277 0.956943 -0
    outer loop
      vertex 16.8236 14.4901 0
      vertex 16.6169 14.5528 4
      vertex 16.8236 14.4901 4
    endloop
  endfacet
  facet normal 0.290277 0.956943 0
    outer loop
      vertex 16.6169 14.5528 4
      vertex 16.8236 14.4901 0
      vertex 16.6169 14.5528 0
    endloop
  endfacet
  facet normal 0.412616 0.910905 -0
    outer loop
      vertex 16.4148 14.6289 0
      vertex 16.2181 14.718 4
      vertex 16.4148 14.6289 4
    endloop
  endfacet
  facet normal 0.412616 0.910905 0
    outer loop
      vertex 16.2181 14.718 4
      vertex 16.4148 14.6289 0
      vertex 16.2181 14.718 0
    endloop
  endfacet
  facet normal -0.52825 -0.849089 0
    outer loop
      vertex 19.3277 20.5356 0
      vertex 19.5111 20.4215 4
      vertex 19.3277 20.5356 4
    endloop
  endfacet
  facet normal -0.52825 -0.849089 -0
    outer loop
      vertex 19.5111 20.4215 4
      vertex 19.3277 20.5356 0
      vertex 19.5111 20.4215 0
    endloop
  endfacet
  facet normal -0.582595 -0.812762 0
    outer loop
      vertex 19.5111 20.4215 0
      vertex 19.6866 20.2957 4
      vertex 19.5111 20.4215 4
    endloop
  endfacet
  facet normal -0.582595 -0.812762 -0
    outer loop
      vertex 19.6866 20.2957 4
      vertex 19.5111 20.4215 0
      vertex 19.6866 20.2957 0
    endloop
  endfacet
  facet normal -0.413 -0.910731 0
    outer loop
      vertex 18.9405 20.7265 0
      vertex 19.1372 20.6373 4
      vertex 18.9405 20.7265 4
    endloop
  endfacet
  facet normal -0.413 -0.910731 -0
    outer loop
      vertex 19.1372 20.6373 4
      vertex 18.9405 20.7265 0
      vertex 19.1372 20.6373 0
    endloop
  endfacet
  facet normal -0.098174 -0.995169 0
    outer loop
      vertex 17.8935 20.9706 0
      vertex 18.1084 20.9494 4
      vertex 17.8935 20.9706 4
    endloop
  endfacet
  facet normal -0.098174 -0.995169 -0
    outer loop
      vertex 18.1084 20.9494 4
      vertex 17.8935 20.9706 0
      vertex 18.1084 20.9494 0
    endloop
  endfacet
  facet normal -0.227361 -0.97381 0
    outer loop
      vertex 18.3215 20.9143 0
      vertex 18.5318 20.8652 4
      vertex 18.3215 20.9143 4
    endloop
  endfacet
  facet normal -0.227361 -0.97381 -0
    outer loop
      vertex 18.5318 20.8652 4
      vertex 18.3215 20.9143 0
      vertex 18.5318 20.8652 0
    endloop
  endfacet
  facet normal -0.290406 -0.956904 0
    outer loop
      vertex 18.5318 20.8652 0
      vertex 18.7384 20.8025 4
      vertex 18.5318 20.8652 4
    endloop
  endfacet
  facet normal -0.290406 -0.956904 -0
    outer loop
      vertex 18.7384 20.8025 4
      vertex 18.5318 20.8652 0
      vertex 18.7384 20.8025 0
    endloop
  endfacet
  facet normal 0.413 -0.910731 0
    outer loop
      vertex 16.2181 20.6373 0
      vertex 16.4148 20.7265 4
      vertex 16.2181 20.6373 4
    endloop
  endfacet
  facet normal 0.413 -0.910731 0
    outer loop
      vertex 16.4148 20.7265 4
      vertex 16.2181 20.6373 0
      vertex 16.4148 20.7265 0
    endloop
  endfacet
  facet normal 0.471141 -0.882058 0
    outer loop
      vertex 16.0277 20.5356 0
      vertex 16.2181 20.6373 4
      vertex 16.0277 20.5356 4
    endloop
  endfacet
  facet normal 0.471141 -0.882058 0
    outer loop
      vertex 16.2181 20.6373 4
      vertex 16.0277 20.5356 0
      vertex 16.2181 20.6373 0
    endloop
  endfacet
  facet normal 0.634246 -0.773132 0
    outer loop
      vertex 15.5018 20.1587 0
      vertex 15.6688 20.2957 4
      vertex 15.5018 20.1587 4
    endloop
  endfacet
  facet normal 0.634246 -0.773132 0
    outer loop
      vertex 15.6688 20.2957 4
      vertex 15.5018 20.1587 0
      vertex 15.6688 20.2957 0
    endloop
  endfacet
  facet normal 0.227361 -0.97381 0
    outer loop
      vertex 16.8236 20.8652 0
      vertex 17.0339 20.9143 4
      vertex 16.8236 20.8652 4
    endloop
  endfacet
  facet normal 0.227361 -0.97381 0
    outer loop
      vertex 17.0339 20.9143 4
      vertex 16.8236 20.8652 0
      vertex 17.0339 20.9143 0
    endloop
  endfacet
  facet normal 0.995169 0.098174 0
    outer loop
      vertex 14.4059 17.2469 4
      vertex 14.3847 17.4618 0
      vertex 14.3847 17.4618 4
    endloop
  endfacet
  facet normal 0.995169 0.098174 0
    outer loop
      vertex 14.3847 17.4618 0
      vertex 14.4059 17.2469 4
      vertex 14.4059 17.2469 0
    endloop
  endfacet
  facet normal 0.935853 0.352392 0
    outer loop
      vertex 14.6289 16.4148 4
      vertex 14.5528 16.6169 0
      vertex 14.5528 16.6169 4
    endloop
  endfacet
  facet normal 0.935853 0.352392 0
    outer loop
      vertex 14.5528 16.6169 0
      vertex 14.6289 16.4148 4
      vertex 14.6289 16.4148 0
    endloop
  endfacet
  facet normal 0.910905 0.412616 0
    outer loop
      vertex 14.718 16.2181 4
      vertex 14.6289 16.4148 0
      vertex 14.6289 16.4148 4
    endloop
  endfacet
  facet normal 0.910905 0.412616 0
    outer loop
      vertex 14.6289 16.4148 0
      vertex 14.718 16.2181 4
      vertex 14.718 16.2181 0
    endloop
  endfacet
  facet normal 0.773132 0.634246 0
    outer loop
      vertex 15.1966 15.5018 4
      vertex 15.0596 15.6688 0
      vertex 15.0596 15.6688 4
    endloop
  endfacet
  facet normal 0.773132 0.634246 0
    outer loop
      vertex 15.0596 15.6688 0
      vertex 15.1966 15.5018 4
      vertex 15.1966 15.5018 0
    endloop
  endfacet
  facet normal 0.956904 -0.290406 0
    outer loop
      vertex 14.4901 18.5318 4
      vertex 14.5528 18.7384 0
      vertex 14.5528 18.7384 4
    endloop
  endfacet
  facet normal 0.956904 -0.290406 0
    outer loop
      vertex 14.5528 18.7384 0
      vertex 14.4901 18.5318 4
      vertex 14.4901 18.5318 0
    endloop
  endfacet
  facet normal 0.986631 -0.162972 0
    outer loop
      vertex 14.4059 18.1084 4
      vertex 14.4411 18.3215 0
      vertex 14.4411 18.3215 4
    endloop
  endfacet
  facet normal 0.986631 -0.162972 0
    outer loop
      vertex 14.4411 18.3215 0
      vertex 14.4059 18.1084 4
      vertex 14.4059 18.1084 0
    endloop
  endfacet
  facet normal 0.910905 -0.412616 0
    outer loop
      vertex 14.6289 18.9405 4
      vertex 14.718 19.1372 0
      vertex 14.718 19.1372 4
    endloop
  endfacet
  facet normal 0.910905 -0.412616 0
    outer loop
      vertex 14.718 19.1372 0
      vertex 14.6289 18.9405 4
      vertex 14.6289 18.9405 0
    endloop
  endfacet
  facet normal 0.849297 -0.527916 0
    outer loop
      vertex 14.8198 19.3277 4
      vertex 14.9338 19.5111 0
      vertex 14.9338 19.5111 4
    endloop
  endfacet
  facet normal 0.849297 -0.527916 0
    outer loop
      vertex 14.9338 19.5111 0
      vertex 14.8198 19.3277 4
      vertex 14.8198 19.3277 0
    endloop
  endfacet
  facet normal 0.729884 -0.683571 0
    outer loop
      vertex 15.1966 19.8535 4
      vertex 15.3442 20.0111 0
      vertex 15.3442 20.0111 4
    endloop
  endfacet
  facet normal 0.729884 -0.683571 0
    outer loop
      vertex 15.3442 20.0111 0
      vertex 15.1966 19.8535 4
      vertex 15.1966 19.8535 0
    endloop
  endfacet
  facet normal -0.729884 -0.683571 0
    outer loop
      vertex 20.1587 19.8535 0
      vertex 20.0111 20.0111 4
      vertex 20.0111 20.0111 0
    endloop
  endfacet
  facet normal -0.729884 -0.683571 0
    outer loop
      vertex 20.0111 20.0111 4
      vertex 20.1587 19.8535 0
      vertex 20.1587 19.8535 4
    endloop
  endfacet
  facet normal -0.729884 0.683571 0
    outer loop
      vertex 20.0111 15.3442 0
      vertex 20.1587 15.5018 4
      vertex 20.1587 15.5018 0
    endloop
  endfacet
  facet normal -0.729884 0.683571 0
    outer loop
      vertex 20.1587 15.5018 4
      vertex 20.0111 15.3442 0
      vertex 20.0111 15.3442 4
    endloop
  endfacet
  facet normal -0.812762 0.582595 0
    outer loop
      vertex 20.2957 15.6688 0
      vertex 20.4215 15.8443 4
      vertex 20.4215 15.8443 0
    endloop
  endfacet
  facet normal -0.812762 0.582595 0
    outer loop
      vertex 20.4215 15.8443 4
      vertex 20.2957 15.6688 0
      vertex 20.2957 15.6688 4
    endloop
  endfacet
  facet normal -0.936005 0.351986 0
    outer loop
      vertex 20.7265 16.4148 0
      vertex 20.8025 16.6169 4
      vertex 20.8025 16.6169 0
    endloop
  endfacet
  facet normal -0.936005 0.351986 0
    outer loop
      vertex 20.8025 16.6169 4
      vertex 20.7265 16.4148 0
      vertex 20.7265 16.4148 4
    endloop
  endfacet
  facet normal -0.956943 0.290277 0
    outer loop
      vertex 20.8025 16.6169 0
      vertex 20.8652 16.8236 4
      vertex 20.8652 16.8236 0
    endloop
  endfacet
  facet normal -0.956943 0.290277 0
    outer loop
      vertex 20.8652 16.8236 4
      vertex 20.8025 16.6169 0
      vertex 20.8025 16.6169 4
    endloop
  endfacet
  facet normal -0.995169 -0.098174 0
    outer loop
      vertex 20.9706 17.8935 0
      vertex 20.9494 18.1084 4
      vertex 20.9494 18.1084 0
    endloop
  endfacet
  facet normal -0.995169 -0.098174 0
    outer loop
      vertex 20.9494 18.1084 4
      vertex 20.9706 17.8935 0
      vertex 20.9706 17.8935 4
    endloop
  endfacet
  facet normal -0.986705 -0.162522 0
    outer loop
      vertex 20.9494 18.1084 0
      vertex 20.9143 18.3215 4
      vertex 20.9143 18.3215 0
    endloop
  endfacet
  facet normal -0.986705 -0.162522 0
    outer loop
      vertex 20.9143 18.3215 4
      vertex 20.9494 18.1084 0
      vertex 20.9494 18.1084 4
    endloop
  endfacet
  facet normal -0.910731 -0.413 0
    outer loop
      vertex 20.7265 18.9405 0
      vertex 20.6373 19.1372 4
      vertex 20.6373 19.1372 0
    endloop
  endfacet
  facet normal -0.910731 -0.413 0
    outer loop
      vertex 20.6373 19.1372 4
      vertex 20.7265 18.9405 0
      vertex 20.7265 18.9405 4
    endloop
  endfacet
  facet normal -0.936005 -0.351986 0
    outer loop
      vertex 20.8025 18.7384 0
      vertex 20.7265 18.9405 4
      vertex 20.7265 18.9405 0
    endloop
  endfacet
  facet normal -0.936005 -0.351986 0
    outer loop
      vertex 20.7265 18.9405 4
      vertex 20.8025 18.7384 0
      vertex 20.8025 18.7384 4
    endloop
  endfacet
  facet normal -0.849089 -0.52825 0
    outer loop
      vertex 20.5356 19.3277 0
      vertex 20.4215 19.5111 4
      vertex 20.4215 19.5111 0
    endloop
  endfacet
  facet normal -0.849089 -0.52825 0
    outer loop
      vertex 20.4215 19.5111 4
      vertex 20.5356 19.3277 0
      vertex 20.5356 19.3277 4
    endloop
  endfacet
  facet normal -0.772945 -0.634473 0
    outer loop
      vertex 20.2957 19.6866 0
      vertex 20.1587 19.8535 4
      vertex 20.1587 19.8535 0
    endloop
  endfacet
  facet normal -0.772945 -0.634473 0
    outer loop
      vertex 20.1587 19.8535 4
      vertex 20.2957 19.6866 0
      vertex 20.2957 19.6866 4
    endloop
  endfacet
  facet normal -0.098174 0.995169 0
    outer loop
      vertex 18.1084 14.4059 0
      vertex 17.8935 14.3847 4
      vertex 18.1084 14.4059 4
    endloop
  endfacet
  facet normal -0.098174 0.995169 0
    outer loop
      vertex 17.8935 14.3847 4
      vertex 18.1084 14.4059 0
      vertex 17.8935 14.3847 0
    endloop
  endfacet
  facet normal -0.352392 0.935853 0
    outer loop
      vertex 18.9405 14.6289 0
      vertex 18.7384 14.5528 4
      vertex 18.9405 14.6289 4
    endloop
  endfacet
  facet normal -0.352392 0.935853 0
    outer loop
      vertex 18.7384 14.5528 4
      vertex 18.9405 14.6289 0
      vertex 18.7384 14.5528 0
    endloop
  endfacet
  facet normal -0.226922 0.973913 0
    outer loop
      vertex 18.5318 14.4901 0
      vertex 18.3215 14.4411 4
      vertex 18.5318 14.4901 4
    endloop
  endfacet
  facet normal -0.226922 0.973913 0
    outer loop
      vertex 18.3215 14.4411 4
      vertex 18.5318 14.4901 0
      vertex 18.3215 14.4411 0
    endloop
  endfacet
  facet normal -0.527916 0.849297 0
    outer loop
      vertex 19.5111 14.9338 0
      vertex 19.3277 14.8198 4
      vertex 19.5111 14.9338 4
    endloop
  endfacet
  facet normal -0.527916 0.849297 0
    outer loop
      vertex 19.3277 14.8198 4
      vertex 19.5111 14.9338 0
      vertex 19.3277 14.8198 0
    endloop
  endfacet
  facet normal -0.634473 0.772945 0
    outer loop
      vertex 19.8535 15.1966 0
      vertex 19.6866 15.0596 4
      vertex 19.8535 15.1966 4
    endloop
  endfacet
  facet normal -0.634473 0.772945 0
    outer loop
      vertex 19.6866 15.0596 4
      vertex 19.8535 15.1966 0
      vertex 19.6866 15.0596 0
    endloop
  endfacet
  facet normal 0.163047 0.986618 -0
    outer loop
      vertex 17.2469 14.4059 0
      vertex 17.0339 14.4411 4
      vertex 17.2469 14.4059 4
    endloop
  endfacet
  facet normal 0.163047 0.986618 0
    outer loop
      vertex 17.0339 14.4411 4
      vertex 17.2469 14.4059 0
      vertex 17.0339 14.4411 0
    endloop
  endfacet
  facet normal 0.0324054 0.999475 -0
    outer loop
      vertex 17.6777 14.3777 0
      vertex 17.4618 14.3847 4
      vertex 17.6777 14.3777 4
    endloop
  endfacet
  facet normal 0.0324054 0.999475 0
    outer loop
      vertex 17.4618 14.3847 4
      vertex 17.6777 14.3777 0
      vertex 17.4618 14.3847 0
    endloop
  endfacet
  facet normal 0.471501 0.881865 -0
    outer loop
      vertex 16.2181 14.718 0
      vertex 16.0277 14.8198 4
      vertex 16.2181 14.718 4
    endloop
  endfacet
  facet normal 0.471501 0.881865 0
    outer loop
      vertex 16.0277 14.8198 4
      vertex 16.2181 14.718 0
      vertex 16.0277 14.8198 0
    endloop
  endfacet
  facet normal 0.582595 0.812762 -0
    outer loop
      vertex 15.8443 14.9338 0
      vertex 15.6688 15.0596 4
      vertex 15.8443 14.9338 4
    endloop
  endfacet
  facet normal 0.582595 0.812762 0
    outer loop
      vertex 15.6688 15.0596 4
      vertex 15.8443 14.9338 0
      vertex 15.6688 15.0596 0
    endloop
  endfacet
  facet normal 0.683571 0.729884 -0
    outer loop
      vertex 15.5018 15.1966 0
      vertex 15.3442 15.3442 4
      vertex 15.5018 15.1966 4
    endloop
  endfacet
  facet normal 0.683571 0.729884 0
    outer loop
      vertex 15.3442 15.3442 4
      vertex 15.5018 15.1966 0
      vertex 15.3442 15.3442 0
    endloop
  endfacet
  facet normal 0.986618 0.163047 0
    outer loop
      vertex 14.4411 17.0339 4
      vertex 14.4059 17.2469 0
      vertex 14.4059 17.2469 4
    endloop
  endfacet
  facet normal 0.986618 0.163047 0
    outer loop
      vertex 14.4059 17.2469 0
      vertex 14.4411 17.0339 4
      vertex 14.4411 17.0339 0
    endloop
  endfacet
  facet normal 0.956943 0.290277 0
    outer loop
      vertex 14.5528 16.6169 4
      vertex 14.4901 16.8236 0
      vertex 14.4901 16.8236 4
    endloop
  endfacet
  facet normal 0.956943 0.290277 0
    outer loop
      vertex 14.4901 16.8236 0
      vertex 14.5528 16.6169 4
      vertex 14.5528 16.6169 0
    endloop
  endfacet
  facet normal 0.881865 0.471501 0
    outer loop
      vertex 14.8198 16.0277 4
      vertex 14.718 16.2181 0
      vertex 14.718 16.2181 4
    endloop
  endfacet
  facet normal 0.881865 0.471501 0
    outer loop
      vertex 14.718 16.2181 0
      vertex 14.8198 16.0277 4
      vertex 14.8198 16.0277 0
    endloop
  endfacet
  facet normal 0.729884 0.683571 0
    outer loop
      vertex 15.3442 15.3442 4
      vertex 15.1966 15.5018 0
      vertex 15.1966 15.5018 4
    endloop
  endfacet
  facet normal 0.729884 0.683571 0
    outer loop
      vertex 15.1966 15.5018 0
      vertex 15.3442 15.3442 4
      vertex 15.3442 15.3442 0
    endloop
  endfacet
  facet normal -0.773132 0.634246 0
    outer loop
      vertex 20.1587 15.5018 0
      vertex 20.2957 15.6688 4
      vertex 20.2957 15.6688 0
    endloop
  endfacet
  facet normal -0.773132 0.634246 0
    outer loop
      vertex 20.2957 15.6688 4
      vertex 20.1587 15.5018 0
      vertex 20.1587 15.5018 4
    endloop
  endfacet
  facet normal -0.849089 0.52825 0
    outer loop
      vertex 20.4215 15.8443 0
      vertex 20.5356 16.0277 4
      vertex 20.5356 16.0277 0
    endloop
  endfacet
  facet normal -0.849089 0.52825 0
    outer loop
      vertex 20.5356 16.0277 4
      vertex 20.4215 15.8443 0
      vertex 20.4215 15.8443 4
    endloop
  endfacet
  facet normal -0.910731 0.413 0
    outer loop
      vertex 20.6373 16.2181 0
      vertex 20.7265 16.4148 4
      vertex 20.7265 16.4148 0
    endloop
  endfacet
  facet normal -0.910731 0.413 0
    outer loop
      vertex 20.7265 16.4148 4
      vertex 20.6373 16.2181 0
      vertex 20.6373 16.2181 4
    endloop
  endfacet
  facet normal -0.97381 0.227361 0
    outer loop
      vertex 20.8652 16.8236 0
      vertex 20.9143 17.0339 4
      vertex 20.9143 17.0339 0
    endloop
  endfacet
  facet normal -0.97381 0.227361 0
    outer loop
      vertex 20.9143 17.0339 4
      vertex 20.8652 16.8236 0
      vertex 20.8652 16.8236 4
    endloop
  endfacet
  facet normal -0.812762 -0.582595 0
    outer loop
      vertex 20.4215 19.5111 0
      vertex 20.2957 19.6866 4
      vertex 20.2957 19.6866 0
    endloop
  endfacet
  facet normal -0.812762 -0.582595 0
    outer loop
      vertex 20.2957 19.6866 4
      vertex 20.4215 19.5111 0
      vertex 20.4215 19.5111 4
    endloop
  endfacet
  facet normal -0.162972 0.986631 0
    outer loop
      vertex 18.3215 14.4411 0
      vertex 18.1084 14.4059 4
      vertex 18.3215 14.4411 4
    endloop
  endfacet
  facet normal -0.162972 0.986631 0
    outer loop
      vertex 18.1084 14.4059 4
      vertex 18.3215 14.4411 0
      vertex 18.1084 14.4059 0
    endloop
  endfacet
  facet normal -0.290406 0.956904 0
    outer loop
      vertex 18.7384 14.5528 0
      vertex 18.5318 14.4901 4
      vertex 18.7384 14.5528 4
    endloop
  endfacet
  facet normal -0.290406 0.956904 0
    outer loop
      vertex 18.5318 14.4901 4
      vertex 18.7384 14.5528 0
      vertex 18.5318 14.4901 0
    endloop
  endfacet
  facet normal -0.471309 0.881968 0
    outer loop
      vertex 19.3277 14.8198 0
      vertex 19.1372 14.718 4
      vertex 19.3277 14.8198 4
    endloop
  endfacet
  facet normal -0.471309 0.881968 0
    outer loop
      vertex 19.1372 14.718 4
      vertex 19.3277 14.8198 0
      vertex 19.1372 14.718 0
    endloop
  endfacet
  facet normal 0.098174 0.995169 -0
    outer loop
      vertex 17.4618 14.3847 0
      vertex 17.2469 14.4059 4
      vertex 17.4618 14.3847 4
    endloop
  endfacet
  facet normal 0.098174 0.995169 0
    outer loop
      vertex 17.2469 14.4059 4
      vertex 17.4618 14.3847 0
      vertex 17.2469 14.4059 0
    endloop
  endfacet
  facet normal 0.226922 0.973913 -0
    outer loop
      vertex 17.0339 14.4411 0
      vertex 16.8236 14.4901 4
      vertex 17.0339 14.4411 4
    endloop
  endfacet
  facet normal 0.226922 0.973913 0
    outer loop
      vertex 16.8236 14.4901 4
      vertex 17.0339 14.4411 0
      vertex 16.8236 14.4901 0
    endloop
  endfacet
  facet normal 0.634246 0.773132 -0
    outer loop
      vertex 15.6688 15.0596 0
      vertex 15.5018 15.1966 4
      vertex 15.6688 15.0596 4
    endloop
  endfacet
  facet normal 0.634246 0.773132 0
    outer loop
      vertex 15.5018 15.1966 4
      vertex 15.6688 15.0596 0
      vertex 15.5018 15.1966 0
    endloop
  endfacet
  facet normal 0.729884 -0.683571 0
    outer loop
      vertex -20.1587 19.8535 4
      vertex -20.0111 20.0111 0
      vertex -20.0111 20.0111 4
    endloop
  endfacet
  facet normal 0.729884 -0.683571 0
    outer loop
      vertex -20.0111 20.0111 0
      vertex -20.1587 19.8535 4
      vertex -20.1587 19.8535 0
    endloop
  endfacet
  facet normal -0.729884 -0.683571 0
    outer loop
      vertex -15.1966 19.8535 0
      vertex -15.3442 20.0111 4
      vertex -15.3442 20.0111 0
    endloop
  endfacet
  facet normal -0.729884 -0.683571 0
    outer loop
      vertex -15.3442 20.0111 4
      vertex -15.1966 19.8535 0
      vertex -15.1966 19.8535 4
    endloop
  endfacet
  facet normal 0.032883 -0.999459 0
    outer loop
      vertex -17.8935 20.9706 0
      vertex -17.6777 20.9777 4
      vertex -17.8935 20.9706 4
    endloop
  endfacet
  facet normal 0.032883 -0.999459 0
    outer loop
      vertex -17.6777 20.9777 4
      vertex -17.8935 20.9706 0
      vertex -17.6777 20.9777 0
    endloop
  endfacet
  facet normal -0.849297 0.527916 0
    outer loop
      vertex -14.9338 15.8443 0
      vertex -14.8198 16.0277 4
      vertex -14.8198 16.0277 0
    endloop
  endfacet
  facet normal -0.849297 0.527916 0
    outer loop
      vertex -14.8198 16.0277 4
      vertex -14.9338 15.8443 0
      vertex -14.9338 15.8443 4
    endloop
  endfacet
  facet normal 0.936005 -0.351986 0
    outer loop
      vertex -20.8025 18.7384 4
      vertex -20.7265 18.9405 0
      vertex -20.7265 18.9405 4
    endloop
  endfacet
  facet normal 0.936005 -0.351986 0
    outer loop
      vertex -20.7265 18.9405 0
      vertex -20.8025 18.7384 4
      vertex -20.8025 18.7384 0
    endloop
  endfacet
  facet normal 0.99946 0.0328678 0
    outer loop
      vertex -20.9706 17.4618 4
      vertex -20.9777 17.6777 0
      vertex -20.9777 17.6777 4
    endloop
  endfacet
  facet normal 0.99946 0.0328678 0
    outer loop
      vertex -20.9777 17.6777 0
      vertex -20.9706 17.4618 4
      vertex -20.9706 17.4618 0
    endloop
  endfacet
  facet normal 0.936005 0.351986 0
    outer loop
      vertex -20.7265 16.4148 4
      vertex -20.8025 16.6169 0
      vertex -20.8025 16.6169 4
    endloop
  endfacet
  facet normal 0.936005 0.351986 0
    outer loop
      vertex -20.8025 16.6169 0
      vertex -20.7265 16.4148 4
      vertex -20.7265 16.4148 0
    endloop
  endfacet
  facet normal -0.226922 0.973913 0
    outer loop
      vertex -16.8236 14.4901 0
      vertex -17.0339 14.4411 4
      vertex -16.8236 14.4901 4
    endloop
  endfacet
  facet normal -0.226922 0.973913 0
    outer loop
      vertex -17.0339 14.4411 4
      vertex -16.8236 14.4901 0
      vertex -17.0339 14.4411 0
    endloop
  endfacet
  facet normal -0.098174 0.995169 0
    outer loop
      vertex -17.2469 14.4059 0
      vertex -17.4618 14.3847 4
      vertex -17.2469 14.4059 4
    endloop
  endfacet
  facet normal -0.098174 0.995169 0
    outer loop
      vertex -17.4618 14.3847 4
      vertex -17.2469 14.4059 0
      vertex -17.4618 14.3847 0
    endloop
  endfacet
  facet normal 0.0324204 0.999474 -0
    outer loop
      vertex -17.6777 14.3777 0
      vertex -17.8935 14.3847 4
      vertex -17.6777 14.3777 4
    endloop
  endfacet
  facet normal 0.0324204 0.999474 0
    outer loop
      vertex -17.8935 14.3847 4
      vertex -17.6777 14.3777 0
      vertex -17.8935 14.3847 0
    endloop
  endfacet
  facet normal 0.290406 -0.956904 0
    outer loop
      vertex -18.7384 20.8025 0
      vertex -18.5318 20.8652 4
      vertex -18.7384 20.8025 4
    endloop
  endfacet
  facet normal 0.290406 -0.956904 0
    outer loop
      vertex -18.5318 20.8652 4
      vertex -18.7384 20.8025 0
      vertex -18.5318 20.8652 0
    endloop
  endfacet
  facet normal 0.227361 -0.97381 0
    outer loop
      vertex -18.5318 20.8652 0
      vertex -18.3215 20.9143 4
      vertex -18.5318 20.8652 4
    endloop
  endfacet
  facet normal 0.227361 -0.97381 0
    outer loop
      vertex -18.3215 20.9143 4
      vertex -18.5318 20.8652 0
      vertex -18.3215 20.9143 0
    endloop
  endfacet
  facet normal -0.935853 -0.352392 0
    outer loop
      vertex -14.5528 18.7384 0
      vertex -14.6289 18.9405 4
      vertex -14.6289 18.9405 0
    endloop
  endfacet
  facet normal -0.935853 -0.352392 0
    outer loop
      vertex -14.6289 18.9405 4
      vertex -14.5528 18.7384 0
      vertex -14.5528 18.7384 4
    endloop
  endfacet
  facet normal -0.999475 0.0324054 0
    outer loop
      vertex -14.3847 17.4618 0
      vertex -14.3777 17.6777 4
      vertex -14.3777 17.6777 0
    endloop
  endfacet
  facet normal -0.999475 0.0324054 0
    outer loop
      vertex -14.3777 17.6777 4
      vertex -14.3847 17.4618 0
      vertex -14.3847 17.4618 4
    endloop
  endfacet
  facet normal 0.812762 -0.582595 0
    outer loop
      vertex -20.4215 19.5111 4
      vertex -20.2957 19.6866 0
      vertex -20.2957 19.6866 4
    endloop
  endfacet
  facet normal 0.812762 -0.582595 0
    outer loop
      vertex -20.2957 19.6866 0
      vertex -20.4215 19.5111 4
      vertex -20.4215 19.5111 0
    endloop
  endfacet
  facet normal 0.772945 -0.634473 0
    outer loop
      vertex -20.2957 19.6866 4
      vertex -20.1587 19.8535 0
      vertex -20.1587 19.8535 4
    endloop
  endfacet
  facet normal 0.772945 -0.634473 0
    outer loop
      vertex -20.1587 19.8535 0
      vertex -20.2957 19.6866 4
      vertex -20.2957 19.6866 0
    endloop
  endfacet
  facet normal 0.882161 -0.470949 0
    outer loop
      vertex -20.6373 19.1372 4
      vertex -20.5356 19.3277 0
      vertex -20.5356 19.3277 4
    endloop
  endfacet
  facet normal 0.882161 -0.470949 0
    outer loop
      vertex -20.5356 19.3277 0
      vertex -20.6373 19.1372 4
      vertex -20.6373 19.1372 0
    endloop
  endfacet
  facet normal 0.986705 -0.162522 0
    outer loop
      vertex -20.9494 18.1084 4
      vertex -20.9143 18.3215 0
      vertex -20.9143 18.3215 4
    endloop
  endfacet
  facet normal 0.986705 -0.162522 0
    outer loop
      vertex -20.9143 18.3215 0
      vertex -20.9494 18.1084 4
      vertex -20.9494 18.1084 0
    endloop
  endfacet
  facet normal 0.995169 -0.098174 0
    outer loop
      vertex -20.9706 17.8935 4
      vertex -20.9494 18.1084 0
      vertex -20.9494 18.1084 4
    endloop
  endfacet
  facet normal 0.995169 -0.098174 0
    outer loop
      vertex -20.9494 18.1084 0
      vertex -20.9706 17.8935 4
      vertex -20.9706 17.8935 0
    endloop
  endfacet
  facet normal 0.849089 0.52825 0
    outer loop
      vertex -20.4215 15.8443 4
      vertex -20.5356 16.0277 0
      vertex -20.5356 16.0277 4
    endloop
  endfacet
  facet normal 0.849089 0.52825 0
    outer loop
      vertex -20.5356 16.0277 0
      vertex -20.4215 15.8443 4
      vertex -20.4215 15.8443 0
    endloop
  endfacet
  facet normal 0.812762 0.582595 0
    outer loop
      vertex -20.2957 15.6688 4
      vertex -20.4215 15.8443 0
      vertex -20.4215 15.8443 4
    endloop
  endfacet
  facet normal 0.812762 0.582595 0
    outer loop
      vertex -20.4215 15.8443 0
      vertex -20.2957 15.6688 4
      vertex -20.2957 15.6688 0
    endloop
  endfacet
  facet normal 0.995169 0.098174 0
    outer loop
      vertex -20.9494 17.2469 4
      vertex -20.9706 17.4618 0
      vertex -20.9706 17.4618 4
    endloop
  endfacet
  facet normal 0.995169 0.098174 0
    outer loop
      vertex -20.9706 17.4618 0
      vertex -20.9494 17.2469 4
      vertex -20.9494 17.2469 0
    endloop
  endfacet
  facet normal -0.0324054 0.999475 0
    outer loop
      vertex -17.4618 14.3847 0
      vertex -17.6777 14.3777 4
      vertex -17.4618 14.3847 4
    endloop
  endfacet
  facet normal -0.0324054 0.999475 0
    outer loop
      vertex -17.6777 14.3777 4
      vertex -17.4618 14.3847 0
      vertex -17.6777 14.3777 0
    endloop
  endfacet
  facet normal -0.527916 0.849297 0
    outer loop
      vertex -15.8443 14.9338 0
      vertex -16.0277 14.8198 4
      vertex -15.8443 14.9338 4
    endloop
  endfacet
  facet normal -0.527916 0.849297 0
    outer loop
      vertex -16.0277 14.8198 4
      vertex -15.8443 14.9338 0
      vertex -16.0277 14.8198 0
    endloop
  endfacet
  facet normal -0.582595 0.812762 0
    outer loop
      vertex -15.6688 15.0596 0
      vertex -15.8443 14.9338 4
      vertex -15.6688 15.0596 4
    endloop
  endfacet
  facet normal -0.582595 0.812762 0
    outer loop
      vertex -15.8443 14.9338 4
      vertex -15.6688 15.0596 0
      vertex -15.8443 14.9338 0
    endloop
  endfacet
  facet normal 0.352392 0.935853 -0
    outer loop
      vertex -18.7384 14.5528 0
      vertex -18.9405 14.6289 4
      vertex -18.7384 14.5528 4
    endloop
  endfacet
  facet normal 0.352392 0.935853 0
    outer loop
      vertex -18.9405 14.6289 4
      vertex -18.7384 14.5528 0
      vertex -18.9405 14.6289 0
    endloop
  endfacet
  facet normal 0.290406 0.956904 -0
    outer loop
      vertex -18.5318 14.4901 0
      vertex -18.7384 14.5528 4
      vertex -18.5318 14.4901 4
    endloop
  endfacet
  facet normal 0.290406 0.956904 0
    outer loop
      vertex -18.7384 14.5528 4
      vertex -18.5318 14.4901 0
      vertex -18.7384 14.5528 0
    endloop
  endfacet
  facet normal 0.527916 0.849297 -0
    outer loop
      vertex -19.3277 14.8198 0
      vertex -19.5111 14.9338 4
      vertex -19.3277 14.8198 4
    endloop
  endfacet
  facet normal 0.527916 0.849297 0
    outer loop
      vertex -19.5111 14.9338 4
      vertex -19.3277 14.8198 0
      vertex -19.5111 14.9338 0
    endloop
  endfacet
  facet normal 0.412616 0.910905 -0
    outer loop
      vertex -18.9405 14.6289 0
      vertex -19.1372 14.718 4
      vertex -18.9405 14.6289 4
    endloop
  endfacet
  facet normal 0.412616 0.910905 0
    outer loop
      vertex -19.1372 14.718 4
      vertex -18.9405 14.6289 0
      vertex -19.1372 14.718 0
    endloop
  endfacet
  facet normal 0.582595 -0.812762 0
    outer loop
      vertex -19.6866 20.2957 0
      vertex -19.5111 20.4215 4
      vertex -19.6866 20.2957 4
    endloop
  endfacet
  facet normal 0.582595 -0.812762 0
    outer loop
      vertex -19.5111 20.4215 4
      vertex -19.6866 20.2957 0
      vertex -19.5111 20.4215 0
    endloop
  endfacet
  facet normal -0.582595 -0.812762 0
    outer loop
      vertex -15.8443 20.4215 0
      vertex -15.6688 20.2957 4
      vertex -15.8443 20.4215 4
    endloop
  endfacet
  facet normal -0.582595 -0.812762 -0
    outer loop
      vertex -15.6688 20.2957 4
      vertex -15.8443 20.4215 0
      vertex -15.6688 20.2957 0
    endloop
  endfacet
  facet normal -0.351986 -0.936005 0
    outer loop
      vertex -16.6169 20.8025 0
      vertex -16.4148 20.7265 4
      vertex -16.6169 20.8025 4
    endloop
  endfacet
  facet normal -0.351986 -0.936005 -0
    outer loop
      vertex -16.4148 20.7265 4
      vertex -16.6169 20.8025 0
      vertex -16.4148 20.7265 0
    endloop
  endfacet
  facet normal -0.413 -0.910731 0
    outer loop
      vertex -16.4148 20.7265 0
      vertex -16.2181 20.6373 4
      vertex -16.4148 20.7265 4
    endloop
  endfacet
  facet normal -0.413 -0.910731 -0
    outer loop
      vertex -16.2181 20.6373 4
      vertex -16.4148 20.7265 0
      vertex -16.2181 20.6373 0
    endloop
  endfacet
  facet normal -0.098174 -0.995169 0
    outer loop
      vertex -17.4618 20.9706 0
      vertex -17.2469 20.9494 4
      vertex -17.4618 20.9706 4
    endloop
  endfacet
  facet normal -0.098174 -0.995169 -0
    outer loop
      vertex -17.2469 20.9494 4
      vertex -17.4618 20.9706 0
      vertex -17.2469 20.9494 0
    endloop
  endfacet
  facet normal -0.162596 -0.986693 0
    outer loop
      vertex -17.2469 20.9494 0
      vertex -17.0339 20.9143 4
      vertex -17.2469 20.9494 4
    endloop
  endfacet
  facet normal -0.162596 -0.986693 -0
    outer loop
      vertex -17.0339 20.9143 4
      vertex -17.2469 20.9494 0
      vertex -17.0339 20.9143 0
    endloop
  endfacet
  facet normal 0.162522 -0.986705 0
    outer loop
      vertex -18.3215 20.9143 0
      vertex -18.1084 20.9494 4
      vertex -18.3215 20.9143 4
    endloop
  endfacet
  facet normal 0.162522 -0.986705 0
    outer loop
      vertex -18.1084 20.9494 4
      vertex -18.3215 20.9143 0
      vertex -18.1084 20.9494 0
    endloop
  endfacet
  facet normal 0.470949 -0.882161 0
    outer loop
      vertex -19.3277 20.5356 0
      vertex -19.1372 20.6373 4
      vertex -19.3277 20.5356 4
    endloop
  endfacet
  facet normal 0.470949 -0.882161 0
    outer loop
      vertex -19.1372 20.6373 4
      vertex -19.3277 20.5356 0
      vertex -19.1372 20.6373 0
    endloop
  endfacet
  facet normal -0.849297 -0.527916 0
    outer loop
      vertex -14.8198 19.3277 0
      vertex -14.9338 19.5111 4
      vertex -14.9338 19.5111 0
    endloop
  endfacet
  facet normal -0.849297 -0.527916 0
    outer loop
      vertex -14.9338 19.5111 4
      vertex -14.8198 19.3277 0
      vertex -14.8198 19.3277 4
    endloop
  endfacet
  facet normal -0.999474 -0.0324204 0
    outer loop
      vertex -14.3777 17.6777 0
      vertex -14.3847 17.8935 4
      vertex -14.3847 17.8935 0
    endloop
  endfacet
  facet normal -0.999474 -0.0324204 0
    outer loop
      vertex -14.3847 17.8935 4
      vertex -14.3777 17.6777 0
      vertex -14.3777 17.6777 4
    endloop
  endfacet
  facet normal -0.995169 -0.098174 0
    outer loop
      vertex -14.3847 17.8935 0
      vertex -14.4059 18.1084 4
      vertex -14.4059 18.1084 0
    endloop
  endfacet
  facet normal -0.995169 -0.098174 0
    outer loop
      vertex -14.4059 18.1084 4
      vertex -14.3847 17.8935 0
      vertex -14.3847 17.8935 4
    endloop
  endfacet
  facet normal -0.881968 -0.471309 0
    outer loop
      vertex -14.718 19.1372 0
      vertex -14.8198 19.3277 4
      vertex -14.8198 19.3277 0
    endloop
  endfacet
  facet normal -0.881968 -0.471309 0
    outer loop
      vertex -14.8198 19.3277 4
      vertex -14.718 19.1372 0
      vertex -14.718 19.1372 4
    endloop
  endfacet
  facet normal -0.812762 -0.582595 0
    outer loop
      vertex -14.9338 19.5111 0
      vertex -15.0596 19.6866 4
      vertex -15.0596 19.6866 0
    endloop
  endfacet
  facet normal -0.812762 -0.582595 0
    outer loop
      vertex -15.0596 19.6866 4
      vertex -14.9338 19.5111 0
      vertex -14.9338 19.5111 4
    endloop
  endfacet
  facet normal -0.935853 0.352392 0
    outer loop
      vertex -14.6289 16.4148 0
      vertex -14.5528 16.6169 4
      vertex -14.5528 16.6169 0
    endloop
  endfacet
  facet normal -0.935853 0.352392 0
    outer loop
      vertex -14.5528 16.6169 4
      vertex -14.6289 16.4148 0
      vertex -14.6289 16.4148 4
    endloop
  endfacet
  facet normal -0.881865 0.471501 0
    outer loop
      vertex -14.8198 16.0277 0
      vertex -14.718 16.2181 4
      vertex -14.718 16.2181 0
    endloop
  endfacet
  facet normal -0.881865 0.471501 0
    outer loop
      vertex -14.718 16.2181 4
      vertex -14.8198 16.0277 0
      vertex -14.8198 16.0277 4
    endloop
  endfacet
  facet normal 0.849089 -0.52825 0
    outer loop
      vertex -20.5356 19.3277 4
      vertex -20.4215 19.5111 0
      vertex -20.4215 19.5111 4
    endloop
  endfacet
  facet normal 0.849089 -0.52825 0
    outer loop
      vertex -20.4215 19.5111 0
      vertex -20.5356 19.3277 4
      vertex -20.5356 19.3277 0
    endloop
  endfacet
  facet normal 0.910731 -0.413 0
    outer loop
      vertex -20.7265 18.9405 4
      vertex -20.6373 19.1372 0
      vertex -20.6373 19.1372 4
    endloop
  endfacet
  facet normal 0.910731 -0.413 0
    outer loop
      vertex -20.6373 19.1372 0
      vertex -20.7265 18.9405 4
      vertex -20.7265 18.9405 0
    endloop
  endfacet
  facet normal 0.97381 -0.227361 0
    outer loop
      vertex -20.9143 18.3215 4
      vertex -20.8652 18.5318 0
      vertex -20.8652 18.5318 4
    endloop
  endfacet
  facet normal 0.97381 -0.227361 0
    outer loop
      vertex -20.8652 18.5318 0
      vertex -20.9143 18.3215 4
      vertex -20.9143 18.3215 0
    endloop
  endfacet
  facet normal 0.956904 -0.290406 0
    outer loop
      vertex -20.8652 18.5318 4
      vertex -20.8025 18.7384 0
      vertex -20.8025 18.7384 4
    endloop
  endfacet
  facet normal 0.956904 -0.290406 0
    outer loop
      vertex -20.8025 18.7384 0
      vertex -20.8652 18.5318 4
      vertex -20.8652 18.5318 0
    endloop
  endfacet
  facet normal 0.910731 0.413 0
    outer loop
      vertex -20.6373 16.2181 4
      vertex -20.7265 16.4148 0
      vertex -20.7265 16.4148 4
    endloop
  endfacet
  facet normal 0.910731 0.413 0
    outer loop
      vertex -20.7265 16.4148 0
      vertex -20.6373 16.2181 4
      vertex -20.6373 16.2181 0
    endloop
  endfacet
  facet normal 0.882058 0.471141 0
    outer loop
      vertex -20.5356 16.0277 4
      vertex -20.6373 16.2181 0
      vertex -20.6373 16.2181 4
    endloop
  endfacet
  facet normal 0.882058 0.471141 0
    outer loop
      vertex -20.6373 16.2181 0
      vertex -20.5356 16.0277 4
      vertex -20.5356 16.0277 0
    endloop
  endfacet
  facet normal 0.773132 0.634246 0
    outer loop
      vertex -20.1587 15.5018 4
      vertex -20.2957 15.6688 0
      vertex -20.2957 15.6688 4
    endloop
  endfacet
  facet normal 0.773132 0.634246 0
    outer loop
      vertex -20.2957 15.6688 0
      vertex -20.1587 15.5018 4
      vertex -20.1587 15.5018 0
    endloop
  endfacet
  facet normal 0.97381 0.227361 0
    outer loop
      vertex -20.8652 16.8236 4
      vertex -20.9143 17.0339 0
      vertex -20.9143 17.0339 4
    endloop
  endfacet
  facet normal 0.97381 0.227361 0
    outer loop
      vertex -20.9143 17.0339 0
      vertex -20.8652 16.8236 4
      vertex -20.8652 16.8236 0
    endloop
  endfacet
  facet normal 0.956943 0.290277 0
    outer loop
      vertex -20.8025 16.6169 4
      vertex -20.8652 16.8236 0
      vertex -20.8652 16.8236 4
    endloop
  endfacet
  facet normal 0.956943 0.290277 0
    outer loop
      vertex -20.8652 16.8236 0
      vertex -20.8025 16.6169 4
      vertex -20.8025 16.6169 0
    endloop
  endfacet
  facet normal 0.986693 0.162596 0
    outer loop
      vertex -20.9143 17.0339 4
      vertex -20.9494 17.2469 0
      vertex -20.9494 17.2469 4
    endloop
  endfacet
  facet normal 0.986693 0.162596 0
    outer loop
      vertex -20.9494 17.2469 0
      vertex -20.9143 17.0339 4
      vertex -20.9143 17.0339 0
    endloop
  endfacet
  facet normal -0.352392 0.935853 0
    outer loop
      vertex -16.4148 14.6289 0
      vertex -16.6169 14.5528 4
      vertex -16.4148 14.6289 4
    endloop
  endfacet
  facet normal -0.352392 0.935853 0
    outer loop
      vertex -16.6169 14.5528 4
      vertex -16.4148 14.6289 0
      vertex -16.6169 14.5528 0
    endloop
  endfacet
  facet normal -0.290277 0.956943 0
    outer loop
      vertex -16.6169 14.5528 0
      vertex -16.8236 14.4901 4
      vertex -16.6169 14.5528 4
    endloop
  endfacet
  facet normal -0.290277 0.956943 0
    outer loop
      vertex -16.8236 14.4901 4
      vertex -16.6169 14.5528 0
      vertex -16.8236 14.4901 0
    endloop
  endfacet
  facet normal -0.412616 0.910905 0
    outer loop
      vertex -16.2181 14.718 0
      vertex -16.4148 14.6289 4
      vertex -16.2181 14.718 4
    endloop
  endfacet
  facet normal -0.412616 0.910905 0
    outer loop
      vertex -16.4148 14.6289 4
      vertex -16.2181 14.718 0
      vertex -16.4148 14.6289 0
    endloop
  endfacet
  facet normal -0.471501 0.881865 0
    outer loop
      vertex -16.0277 14.8198 0
      vertex -16.2181 14.718 4
      vertex -16.0277 14.8198 4
    endloop
  endfacet
  facet normal -0.471501 0.881865 0
    outer loop
      vertex -16.2181 14.718 4
      vertex -16.0277 14.8198 0
      vertex -16.2181 14.718 0
    endloop
  endfacet
  facet normal -0.634246 0.773132 0
    outer loop
      vertex -15.5018 15.1966 0
      vertex -15.6688 15.0596 4
      vertex -15.5018 15.1966 4
    endloop
  endfacet
  facet normal -0.634246 0.773132 0
    outer loop
      vertex -15.6688 15.0596 4
      vertex -15.5018 15.1966 0
      vertex -15.6688 15.0596 0
    endloop
  endfacet
  facet normal 0.162972 0.986631 -0
    outer loop
      vertex -18.1084 14.4059 0
      vertex -18.3215 14.4411 4
      vertex -18.1084 14.4059 4
    endloop
  endfacet
  facet normal 0.162972 0.986631 0
    outer loop
      vertex -18.3215 14.4411 4
      vertex -18.1084 14.4059 0
      vertex -18.3215 14.4411 0
    endloop
  endfacet
  facet normal 0.098174 0.995169 -0
    outer loop
      vertex -17.8935 14.3847 0
      vertex -18.1084 14.4059 4
      vertex -17.8935 14.3847 4
    endloop
  endfacet
  facet normal 0.098174 0.995169 0
    outer loop
      vertex -18.1084 14.4059 4
      vertex -17.8935 14.3847 0
      vertex -18.1084 14.4059 0
    endloop
  endfacet
  facet normal 0.471309 0.881968 -0
    outer loop
      vertex -19.1372 14.718 0
      vertex -19.3277 14.8198 4
      vertex -19.1372 14.718 4
    endloop
  endfacet
  facet normal 0.471309 0.881968 0
    outer loop
      vertex -19.3277 14.8198 4
      vertex -19.1372 14.718 0
      vertex -19.3277 14.8198 0
    endloop
  endfacet
  facet normal 0.582595 0.812762 -0
    outer loop
      vertex -19.5111 14.9338 0
      vertex -19.6866 15.0596 4
      vertex -19.5111 14.9338 4
    endloop
  endfacet
  facet normal 0.582595 0.812762 0
    outer loop
      vertex -19.6866 15.0596 4
      vertex -19.5111 14.9338 0
      vertex -19.6866 15.0596 0
    endloop
  endfacet
  facet normal 0.683571 0.729884 -0
    outer loop
      vertex -19.8535 15.1966 0
      vertex -20.0111 15.3442 4
      vertex -19.8535 15.1966 4
    endloop
  endfacet
  facet normal 0.683571 0.729884 0
    outer loop
      vertex -20.0111 15.3442 4
      vertex -19.8535 15.1966 0
      vertex -20.0111 15.3442 0
    endloop
  endfacet
  facet normal 0.683571 -0.729884 0
    outer loop
      vertex -20.0111 20.0111 0
      vertex -19.8535 20.1587 4
      vertex -20.0111 20.0111 4
    endloop
  endfacet
  facet normal 0.683571 -0.729884 0
    outer loop
      vertex -19.8535 20.1587 4
      vertex -20.0111 20.0111 0
      vertex -19.8535 20.1587 0
    endloop
  endfacet
  facet normal -0.634246 -0.773132 0
    outer loop
      vertex -15.6688 20.2957 0
      vertex -15.5018 20.1587 4
      vertex -15.6688 20.2957 4
    endloop
  endfacet
  facet normal -0.634246 -0.773132 -0
    outer loop
      vertex -15.5018 20.1587 4
      vertex -15.6688 20.2957 0
      vertex -15.5018 20.1587 0
    endloop
  endfacet
  facet normal -0.683571 -0.729884 0
    outer loop
      vertex -15.5018 20.1587 0
      vertex -15.3442 20.0111 4
      vertex -15.5018 20.1587 4
    endloop
  endfacet
  facet normal -0.683571 -0.729884 -0
    outer loop
      vertex -15.3442 20.0111 4
      vertex -15.5018 20.1587 0
      vertex -15.3442 20.0111 0
    endloop
  endfacet
  facet normal -0.52825 -0.849089 0
    outer loop
      vertex -16.0277 20.5356 0
      vertex -15.8443 20.4215 4
      vertex -16.0277 20.5356 4
    endloop
  endfacet
  facet normal -0.52825 -0.849089 -0
    outer loop
      vertex -15.8443 20.4215 4
      vertex -16.0277 20.5356 0
      vertex -15.8443 20.4215 0
    endloop
  endfacet
  facet normal -0.290277 -0.956943 0
    outer loop
      vertex -16.8236 20.8652 0
      vertex -16.6169 20.8025 4
      vertex -16.8236 20.8652 4
    endloop
  endfacet
  facet normal -0.290277 -0.956943 -0
    outer loop
      vertex -16.6169 20.8025 4
      vertex -16.8236 20.8652 0
      vertex -16.6169 20.8025 0
    endloop
  endfacet
  facet normal -0.227361 -0.97381 0
    outer loop
      vertex -17.0339 20.9143 0
      vertex -16.8236 20.8652 4
      vertex -17.0339 20.9143 4
    endloop
  endfacet
  facet normal -0.227361 -0.97381 -0
    outer loop
      vertex -16.8236 20.8652 4
      vertex -17.0339 20.9143 0
      vertex -16.8236 20.8652 0
    endloop
  endfacet
  facet normal 0.413 -0.910731 0
    outer loop
      vertex -19.1372 20.6373 0
      vertex -18.9405 20.7265 4
      vertex -19.1372 20.6373 4
    endloop
  endfacet
  facet normal 0.413 -0.910731 0
    outer loop
      vertex -18.9405 20.7265 4
      vertex -19.1372 20.6373 0
      vertex -18.9405 20.7265 0
    endloop
  endfacet
  facet normal 0.634473 -0.772945 0
    outer loop
      vertex -19.8535 20.1587 0
      vertex -19.6866 20.2957 4
      vertex -19.8535 20.1587 4
    endloop
  endfacet
  facet normal 0.634473 -0.772945 0
    outer loop
      vertex -19.6866 20.2957 4
      vertex -19.8535 20.1587 0
      vertex -19.6866 20.2957 0
    endloop
  endfacet
  facet normal -0.986631 -0.162972 0
    outer loop
      vertex -14.4059 18.1084 0
      vertex -14.4411 18.3215 4
      vertex -14.4411 18.3215 0
    endloop
  endfacet
  facet normal -0.986631 -0.162972 0
    outer loop
      vertex -14.4411 18.3215 4
      vertex -14.4059 18.1084 0
      vertex -14.4059 18.1084 4
    endloop
  endfacet
  facet normal -0.973913 -0.226922 0
    outer loop
      vertex -14.4411 18.3215 0
      vertex -14.4901 18.5318 4
      vertex -14.4901 18.5318 0
    endloop
  endfacet
  facet normal -0.973913 -0.226922 0
    outer loop
      vertex -14.4901 18.5318 4
      vertex -14.4411 18.3215 0
      vertex -14.4411 18.3215 4
    endloop
  endfacet
  facet normal -0.956904 -0.290406 0
    outer loop
      vertex -14.4901 18.5318 0
      vertex -14.5528 18.7384 4
      vertex -14.5528 18.7384 0
    endloop
  endfacet
  facet normal -0.956904 -0.290406 0
    outer loop
      vertex -14.5528 18.7384 4
      vertex -14.4901 18.5318 0
      vertex -14.4901 18.5318 4
    endloop
  endfacet
  facet normal -0.772945 -0.634473 0
    outer loop
      vertex -15.0596 19.6866 0
      vertex -15.1966 19.8535 4
      vertex -15.1966 19.8535 0
    endloop
  endfacet
  facet normal -0.772945 -0.634473 0
    outer loop
      vertex -15.1966 19.8535 4
      vertex -15.0596 19.6866 0
      vertex -15.0596 19.6866 4
    endloop
  endfacet
  facet normal -0.956943 0.290277 0
    outer loop
      vertex -14.5528 16.6169 0
      vertex -14.4901 16.8236 4
      vertex -14.4901 16.8236 0
    endloop
  endfacet
  facet normal -0.956943 0.290277 0
    outer loop
      vertex -14.4901 16.8236 4
      vertex -14.5528 16.6169 0
      vertex -14.5528 16.6169 4
    endloop
  endfacet
  facet normal -0.986618 0.163047 0
    outer loop
      vertex -14.4411 17.0339 0
      vertex -14.4059 17.2469 4
      vertex -14.4059 17.2469 0
    endloop
  endfacet
  facet normal -0.986618 0.163047 0
    outer loop
      vertex -14.4059 17.2469 4
      vertex -14.4411 17.0339 0
      vertex -14.4411 17.0339 4
    endloop
  endfacet
  facet normal -0.910905 0.412616 0
    outer loop
      vertex -14.718 16.2181 0
      vertex -14.6289 16.4148 4
      vertex -14.6289 16.4148 0
    endloop
  endfacet
  facet normal -0.910905 0.412616 0
    outer loop
      vertex -14.6289 16.4148 4
      vertex -14.718 16.2181 0
      vertex -14.718 16.2181 4
    endloop
  endfacet
  facet normal -0.812762 0.582595 0
    outer loop
      vertex -15.0596 15.6688 0
      vertex -14.9338 15.8443 4
      vertex -14.9338 15.8443 0
    endloop
  endfacet
  facet normal -0.812762 0.582595 0
    outer loop
      vertex -14.9338 15.8443 4
      vertex -15.0596 15.6688 0
      vertex -15.0596 15.6688 4
    endloop
  endfacet
  facet normal -0.729884 0.683571 0
    outer loop
      vertex -15.3442 15.3442 0
      vertex -15.1966 15.5018 4
      vertex -15.1966 15.5018 0
    endloop
  endfacet
  facet normal -0.729884 0.683571 0
    outer loop
      vertex -15.1966 15.5018 4
      vertex -15.3442 15.3442 0
      vertex -15.3442 15.3442 4
    endloop
  endfacet
  facet normal 0.999459 -0.032883 0
    outer loop
      vertex -20.9777 17.6777 4
      vertex -20.9706 17.8935 0
      vertex -20.9706 17.8935 4
    endloop
  endfacet
  facet normal 0.999459 -0.032883 0
    outer loop
      vertex -20.9706 17.8935 0
      vertex -20.9777 17.6777 4
      vertex -20.9777 17.6777 0
    endloop
  endfacet
  facet normal 0.729884 0.683571 0
    outer loop
      vertex -20.0111 15.3442 4
      vertex -20.1587 15.5018 0
      vertex -20.1587 15.5018 4
    endloop
  endfacet
  facet normal 0.729884 0.683571 0
    outer loop
      vertex -20.1587 15.5018 0
      vertex -20.0111 15.3442 4
      vertex -20.0111 15.3442 0
    endloop
  endfacet
  facet normal -0.163047 0.986618 0
    outer loop
      vertex -17.0339 14.4411 0
      vertex -17.2469 14.4059 4
      vertex -17.0339 14.4411 4
    endloop
  endfacet
  facet normal -0.163047 0.986618 0
    outer loop
      vertex -17.2469 14.4059 4
      vertex -17.0339 14.4411 0
      vertex -17.2469 14.4059 0
    endloop
  endfacet
  facet normal -0.683571 0.729884 0
    outer loop
      vertex -15.3442 15.3442 0
      vertex -15.5018 15.1966 4
      vertex -15.3442 15.3442 4
    endloop
  endfacet
  facet normal -0.683571 0.729884 0
    outer loop
      vertex -15.5018 15.1966 4
      vertex -15.3442 15.3442 0
      vertex -15.5018 15.1966 0
    endloop
  endfacet
  facet normal 0.226922 0.973913 -0
    outer loop
      vertex -18.3215 14.4411 0
      vertex -18.5318 14.4901 4
      vertex -18.3215 14.4411 4
    endloop
  endfacet
  facet normal 0.226922 0.973913 0
    outer loop
      vertex -18.5318 14.4901 4
      vertex -18.3215 14.4411 0
      vertex -18.5318 14.4901 0
    endloop
  endfacet
  facet normal 0.634473 0.772945 -0
    outer loop
      vertex -19.6866 15.0596 0
      vertex -19.8535 15.1966 4
      vertex -19.6866 15.0596 4
    endloop
  endfacet
  facet normal 0.634473 0.772945 0
    outer loop
      vertex -19.8535 15.1966 4
      vertex -19.6866 15.0596 0
      vertex -19.8535 15.1966 0
    endloop
  endfacet
  facet normal -0.471141 -0.882058 0
    outer loop
      vertex -16.2181 20.6373 0
      vertex -16.0277 20.5356 4
      vertex -16.2181 20.6373 4
    endloop
  endfacet
  facet normal -0.471141 -0.882058 -0
    outer loop
      vertex -16.0277 20.5356 4
      vertex -16.2181 20.6373 0
      vertex -16.0277 20.5356 0
    endloop
  endfacet
  facet normal -0.0328678 -0.99946 0
    outer loop
      vertex -17.6777 20.9777 0
      vertex -17.4618 20.9706 4
      vertex -17.6777 20.9777 4
    endloop
  endfacet
  facet normal -0.0328678 -0.99946 -0
    outer loop
      vertex -17.4618 20.9706 4
      vertex -17.6777 20.9777 0
      vertex -17.4618 20.9706 0
    endloop
  endfacet
  facet normal 0.098174 -0.995169 0
    outer loop
      vertex -18.1084 20.9494 0
      vertex -17.8935 20.9706 4
      vertex -18.1084 20.9494 4
    endloop
  endfacet
  facet normal 0.098174 -0.995169 0
    outer loop
      vertex -17.8935 20.9706 4
      vertex -18.1084 20.9494 0
      vertex -17.8935 20.9706 0
    endloop
  endfacet
  facet normal 0.351986 -0.936005 0
    outer loop
      vertex -18.9405 20.7265 0
      vertex -18.7384 20.8025 4
      vertex -18.9405 20.7265 4
    endloop
  endfacet
  facet normal 0.351986 -0.936005 0
    outer loop
      vertex -18.7384 20.8025 4
      vertex -18.9405 20.7265 0
      vertex -18.7384 20.8025 0
    endloop
  endfacet
  facet normal 0.52825 -0.849089 0
    outer loop
      vertex -19.5111 20.4215 0
      vertex -19.3277 20.5356 4
      vertex -19.5111 20.4215 4
    endloop
  endfacet
  facet normal 0.52825 -0.849089 0
    outer loop
      vertex -19.3277 20.5356 4
      vertex -19.5111 20.4215 0
      vertex -19.3277 20.5356 0
    endloop
  endfacet
  facet normal -0.910905 -0.412616 0
    outer loop
      vertex -14.6289 18.9405 0
      vertex -14.718 19.1372 4
      vertex -14.718 19.1372 0
    endloop
  endfacet
  facet normal -0.910905 -0.412616 0
    outer loop
      vertex -14.718 19.1372 4
      vertex -14.6289 18.9405 0
      vertex -14.6289 18.9405 4
    endloop
  endfacet
  facet normal -0.973913 0.226922 0
    outer loop
      vertex -14.4901 16.8236 0
      vertex -14.4411 17.0339 4
      vertex -14.4411 17.0339 0
    endloop
  endfacet
  facet normal -0.973913 0.226922 0
    outer loop
      vertex -14.4411 17.0339 4
      vertex -14.4901 16.8236 0
      vertex -14.4901 16.8236 4
    endloop
  endfacet
  facet normal -0.995169 0.098174 0
    outer loop
      vertex -14.4059 17.2469 0
      vertex -14.3847 17.4618 4
      vertex -14.3847 17.4618 0
    endloop
  endfacet
  facet normal -0.995169 0.098174 0
    outer loop
      vertex -14.3847 17.4618 4
      vertex -14.4059 17.2469 0
      vertex -14.4059 17.2469 4
    endloop
  endfacet
  facet normal -0.773132 0.634246 0
    outer loop
      vertex -15.1966 15.5018 0
      vertex -15.0596 15.6688 4
      vertex -15.0596 15.6688 0
    endloop
  endfacet
  facet normal -0.773132 0.634246 0
    outer loop
      vertex -15.0596 15.6688 4
      vertex -15.1966 15.5018 0
      vertex -15.1966 15.5018 4
    endloop
  endfacet
  facet normal 0.683571 0.729884 -0
    outer loop
      vertex -19.8535 -20.1587 0
      vertex -20.0111 -20.0111 4
      vertex -19.8535 -20.1587 4
    endloop
  endfacet
  facet normal 0.683571 0.729884 0
    outer loop
      vertex -20.0111 -20.0111 4
      vertex -19.8535 -20.1587 0
      vertex -20.0111 -20.0111 0
    endloop
  endfacet
  facet normal -0.729884 -0.683571 0
    outer loop
      vertex -15.1966 -15.5018 0
      vertex -15.3442 -15.3442 4
      vertex -15.3442 -15.3442 0
    endloop
  endfacet
  facet normal -0.729884 -0.683571 0
    outer loop
      vertex -15.3442 -15.3442 4
      vertex -15.1966 -15.5018 0
      vertex -15.1966 -15.5018 4
    endloop
  endfacet
  facet normal 0.683571 -0.729884 0
    outer loop
      vertex -20.0111 -15.3442 0
      vertex -19.8535 -15.1966 4
      vertex -20.0111 -15.3442 4
    endloop
  endfacet
  facet normal 0.683571 -0.729884 0
    outer loop
      vertex -19.8535 -15.1966 4
      vertex -20.0111 -15.3442 0
      vertex -19.8535 -15.1966 0
    endloop
  endfacet
  facet normal -0.0324054 -0.999475 0
    outer loop
      vertex -17.6777 -14.3777 0
      vertex -17.4618 -14.3847 4
      vertex -17.6777 -14.3777 4
    endloop
  endfacet
  facet normal -0.0324054 -0.999475 -0
    outer loop
      vertex -17.4618 -14.3847 4
      vertex -17.6777 -14.3777 0
      vertex -17.4618 -14.3847 0
    endloop
  endfacet
  facet normal -0.0328678 0.99946 0
    outer loop
      vertex -17.4618 -20.9706 0
      vertex -17.6777 -20.9777 4
      vertex -17.4618 -20.9706 4
    endloop
  endfacet
  facet normal -0.0328678 0.99946 0
    outer loop
      vertex -17.6777 -20.9777 4
      vertex -17.4618 -20.9706 0
      vertex -17.6777 -20.9777 0
    endloop
  endfacet
  facet normal -0.910905 0.412616 0
    outer loop
      vertex -14.718 -19.1372 0
      vertex -14.6289 -18.9405 4
      vertex -14.6289 -18.9405 0
    endloop
  endfacet
  facet normal -0.910905 0.412616 0
    outer loop
      vertex -14.6289 -18.9405 4
      vertex -14.718 -19.1372 0
      vertex -14.718 -19.1372 4
    endloop
  endfacet
  facet normal -0.412616 -0.910905 0
    outer loop
      vertex -16.4148 -14.6289 0
      vertex -16.2181 -14.718 4
      vertex -16.4148 -14.6289 4
    endloop
  endfacet
  facet normal -0.412616 -0.910905 -0
    outer loop
      vertex -16.2181 -14.718 4
      vertex -16.4148 -14.6289 0
      vertex -16.2181 -14.718 0
    endloop
  endfacet
  facet normal -0.935853 -0.352392 0
    outer loop
      vertex -14.5528 -16.6169 0
      vertex -14.6289 -16.4148 4
      vertex -14.6289 -16.4148 0
    endloop
  endfacet
  facet normal -0.935853 -0.352392 0
    outer loop
      vertex -14.6289 -16.4148 4
      vertex -14.5528 -16.6169 0
      vertex -14.5528 -16.6169 4
    endloop
  endfacet
  facet normal 0.910731 0.413 0
    outer loop
      vertex -20.6373 -19.1372 4
      vertex -20.7265 -18.9405 0
      vertex -20.7265 -18.9405 4
    endloop
  endfacet
  facet normal 0.910731 0.413 0
    outer loop
      vertex -20.7265 -18.9405 0
      vertex -20.6373 -19.1372 4
      vertex -20.6373 -19.1372 0
    endloop
  endfacet
  facet normal 0.936005 -0.351986 0
    outer loop
      vertex -20.8025 -16.6169 4
      vertex -20.7265 -16.4148 0
      vertex -20.7265 -16.4148 4
    endloop
  endfacet
  facet normal 0.936005 -0.351986 0
    outer loop
      vertex -20.7265 -16.4148 0
      vertex -20.8025 -16.6169 4
      vertex -20.8025 -16.6169 0
    endloop
  endfacet
  facet normal 0.882161 0.470949 0
    outer loop
      vertex -20.5356 -19.3277 4
      vertex -20.6373 -19.1372 0
      vertex -20.6373 -19.1372 4
    endloop
  endfacet
  facet normal 0.882161 0.470949 0
    outer loop
      vertex -20.6373 -19.1372 0
      vertex -20.5356 -19.3277 4
      vertex -20.5356 -19.3277 0
    endloop
  endfacet
  facet normal 0.352392 -0.935853 0
    outer loop
      vertex -18.9405 -14.6289 0
      vertex -18.7384 -14.5528 4
      vertex -18.9405 -14.6289 4
    endloop
  endfacet
  facet normal 0.352392 -0.935853 0
    outer loop
      vertex -18.7384 -14.5528 4
      vertex -18.9405 -14.6289 0
      vertex -18.7384 -14.5528 0
    endloop
  endfacet
  facet normal -0.582595 -0.812762 0
    outer loop
      vertex -15.8443 -14.9338 0
      vertex -15.6688 -15.0596 4
      vertex -15.8443 -14.9338 4
    endloop
  endfacet
  facet normal -0.582595 -0.812762 -0
    outer loop
      vertex -15.6688 -15.0596 4
      vertex -15.8443 -14.9338 0
      vertex -15.6688 -15.0596 0
    endloop
  endfacet
  facet normal 0.634473 0.772945 -0
    outer loop
      vertex -19.6866 -20.2957 0
      vertex -19.8535 -20.1587 4
      vertex -19.6866 -20.2957 4
    endloop
  endfacet
  facet normal 0.634473 0.772945 0
    outer loop
      vertex -19.8535 -20.1587 4
      vertex -19.6866 -20.2957 0
      vertex -19.8535 -20.1587 0
    endloop
  endfacet
  facet normal 0.098174 0.995169 -0
    outer loop
      vertex -17.8935 -20.9706 0
      vertex -18.1084 -20.9494 4
      vertex -17.8935 -20.9706 4
    endloop
  endfacet
  facet normal 0.098174 0.995169 0
    outer loop
      vertex -18.1084 -20.9494 4
      vertex -17.8935 -20.9706 0
      vertex -18.1084 -20.9494 0
    endloop
  endfacet
  facet normal -0.582595 0.812762 0
    outer loop
      vertex -15.6688 -20.2957 0
      vertex -15.8443 -20.4215 4
      vertex -15.6688 -20.2957 4
    endloop
  endfacet
  facet normal -0.582595 0.812762 0
    outer loop
      vertex -15.8443 -20.4215 4
      vertex -15.6688 -20.2957 0
      vertex -15.8443 -20.4215 0
    endloop
  endfacet
  facet normal -0.098174 0.995169 0
    outer loop
      vertex -17.2469 -20.9494 0
      vertex -17.4618 -20.9706 4
      vertex -17.2469 -20.9494 4
    endloop
  endfacet
  facet normal -0.098174 0.995169 0
    outer loop
      vertex -17.4618 -20.9706 4
      vertex -17.2469 -20.9494 0
      vertex -17.4618 -20.9706 0
    endloop
  endfacet
  facet normal -0.849297 -0.527916 0
    outer loop
      vertex -14.8198 -16.0277 0
      vertex -14.9338 -15.8443 4
      vertex -14.9338 -15.8443 0
    endloop
  endfacet
  facet normal -0.849297 -0.527916 0
    outer loop
      vertex -14.9338 -15.8443 4
      vertex -14.8198 -16.0277 0
      vertex -14.8198 -16.0277 4
    endloop
  endfacet
  facet normal -0.986618 -0.163047 0
    outer loop
      vertex -14.4059 -17.2469 0
      vertex -14.4411 -17.0339 4
      vertex -14.4411 -17.0339 0
    endloop
  endfacet
  facet normal -0.986618 -0.163047 0
    outer loop
      vertex -14.4411 -17.0339 4
      vertex -14.4059 -17.2469 0
      vertex -14.4059 -17.2469 4
    endloop
  endfacet
  facet normal -0.999475 -0.0324054 0
    outer loop
      vertex -14.3777 -17.6777 0
      vertex -14.3847 -17.4618 4
      vertex -14.3847 -17.4618 0
    endloop
  endfacet
  facet normal -0.999475 -0.0324054 0
    outer loop
      vertex -14.3847 -17.4618 4
      vertex -14.3777 -17.6777 0
      vertex -14.3777 -17.6777 4
    endloop
  endfacet
  facet normal -0.812762 -0.582595 0
    outer loop
      vertex -14.9338 -15.8443 0
      vertex -15.0596 -15.6688 4
      vertex -15.0596 -15.6688 0
    endloop
  endfacet
  facet normal -0.812762 -0.582595 0
    outer loop
      vertex -15.0596 -15.6688 4
      vertex -14.9338 -15.8443 0
      vertex -14.9338 -15.8443 4
    endloop
  endfacet
  facet normal -0.935853 0.352392 0
    outer loop
      vertex -14.6289 -18.9405 0
      vertex -14.5528 -18.7384 4
      vertex -14.5528 -18.7384 0
    endloop
  endfacet
  facet normal -0.935853 0.352392 0
    outer loop
      vertex -14.5528 -18.7384 4
      vertex -14.6289 -18.9405 0
      vertex -14.6289 -18.9405 4
    endloop
  endfacet
  facet normal -0.849297 0.527916 0
    outer loop
      vertex -14.9338 -19.5111 0
      vertex -14.8198 -19.3277 4
      vertex -14.8198 -19.3277 0
    endloop
  endfacet
  facet normal -0.849297 0.527916 0
    outer loop
      vertex -14.8198 -19.3277 4
      vertex -14.9338 -19.5111 0
      vertex -14.9338 -19.5111 4
    endloop
  endfacet
  facet normal 0.849089 -0.52825 0
    outer loop
      vertex -20.5356 -16.0277 4
      vertex -20.4215 -15.8443 0
      vertex -20.4215 -15.8443 4
    endloop
  endfacet
  facet normal 0.849089 -0.52825 0
    outer loop
      vertex -20.4215 -15.8443 0
      vertex -20.5356 -16.0277 4
      vertex -20.5356 -16.0277 0
    endloop
  endfacet
  facet normal 0.986693 -0.162596 0
    outer loop
      vertex -20.9494 -17.2469 4
      vertex -20.9143 -17.0339 0
      vertex -20.9143 -17.0339 4
    endloop
  endfacet
  facet normal 0.986693 -0.162596 0
    outer loop
      vertex -20.9143 -17.0339 0
      vertex -20.9494 -17.2469 4
      vertex -20.9494 -17.2469 0
    endloop
  endfacet
  facet normal 0.995169 -0.098174 0
    outer loop
      vertex -20.9706 -17.4618 4
      vertex -20.9494 -17.2469 0
      vertex -20.9494 -17.2469 4
    endloop
  endfacet
  facet normal 0.995169 -0.098174 0
    outer loop
      vertex -20.9494 -17.2469 0
      vertex -20.9706 -17.4618 4
      vertex -20.9706 -17.4618 0
    endloop
  endfacet
  facet normal 0.97381 -0.227361 0
    outer loop
      vertex -20.9143 -17.0339 4
      vertex -20.8652 -16.8236 0
      vertex -20.8652 -16.8236 4
    endloop
  endfacet
  facet normal 0.97381 -0.227361 0
    outer loop
      vertex -20.8652 -16.8236 0
      vertex -20.9143 -17.0339 4
      vertex -20.9143 -17.0339 0
    endloop
  endfacet
  facet normal 0.956904 0.290406 0
    outer loop
      vertex -20.8025 -18.7384 4
      vertex -20.8652 -18.5318 0
      vertex -20.8652 -18.5318 4
    endloop
  endfacet
  facet normal 0.956904 0.290406 0
    outer loop
      vertex -20.8652 -18.5318 0
      vertex -20.8025 -18.7384 4
      vertex -20.8025 -18.7384 0
    endloop
  endfacet
  facet normal 0.527916 -0.849297 0
    outer loop
      vertex -19.5111 -14.9338 0
      vertex -19.3277 -14.8198 4
      vertex -19.5111 -14.9338 4
    endloop
  endfacet
  facet normal 0.527916 -0.849297 0
    outer loop
      vertex -19.3277 -14.8198 4
      vertex -19.5111 -14.9338 0
      vertex -19.3277 -14.8198 0
    endloop
  endfacet
  facet normal 0.162972 -0.986631 0
    outer loop
      vertex -18.3215 -14.4411 0
      vertex -18.1084 -14.4059 4
      vertex -18.3215 -14.4411 4
    endloop
  endfacet
  facet normal 0.162972 -0.986631 0
    outer loop
      vertex -18.1084 -14.4059 4
      vertex -18.3215 -14.4411 0
      vertex -18.1084 -14.4059 0
    endloop
  endfacet
  facet normal 0.0324204 -0.999474 0
    outer loop
      vertex -17.8935 -14.3847 0
      vertex -17.6777 -14.3777 4
      vertex -17.8935 -14.3847 4
    endloop
  endfacet
  facet normal 0.0324204 -0.999474 0
    outer loop
      vertex -17.6777 -14.3777 4
      vertex -17.8935 -14.3847 0
      vertex -17.6777 -14.3777 0
    endloop
  endfacet
  facet normal 0.582595 -0.812762 0
    outer loop
      vertex -19.6866 -15.0596 0
      vertex -19.5111 -14.9338 4
      vertex -19.6866 -15.0596 4
    endloop
  endfacet
  facet normal 0.582595 -0.812762 0
    outer loop
      vertex -19.5111 -14.9338 4
      vertex -19.6866 -15.0596 0
      vertex -19.5111 -14.9338 0
    endloop
  endfacet
  facet normal -0.226922 -0.973913 0
    outer loop
      vertex -17.0339 -14.4411 0
      vertex -16.8236 -14.4901 4
      vertex -17.0339 -14.4411 4
    endloop
  endfacet
  facet normal -0.226922 -0.973913 -0
    outer loop
      vertex -16.8236 -14.4901 4
      vertex -17.0339 -14.4411 0
      vertex -16.8236 -14.4901 0
    endloop
  endfacet
  facet normal -0.352392 -0.935853 0
    outer loop
      vertex -16.6169 -14.5528 0
      vertex -16.4148 -14.6289 4
      vertex -16.6169 -14.5528 4
    endloop
  endfacet
  facet normal -0.352392 -0.935853 -0
    outer loop
      vertex -16.4148 -14.6289 4
      vertex -16.6169 -14.5528 0
      vertex -16.4148 -14.6289 0
    endloop
  endfacet
  facet normal -0.527916 -0.849297 0
    outer loop
      vertex -16.0277 -14.8198 0
      vertex -15.8443 -14.9338 4
      vertex -16.0277 -14.8198 4
    endloop
  endfacet
  facet normal -0.527916 -0.849297 -0
    outer loop
      vertex -15.8443 -14.9338 4
      vertex -16.0277 -14.8198 0
      vertex -15.8443 -14.9338 0
    endloop
  endfacet
  facet normal -0.634246 -0.773132 0
    outer loop
      vertex -15.6688 -15.0596 0
      vertex -15.5018 -15.1966 4
      vertex -15.6688 -15.0596 4
    endloop
  endfacet
  facet normal -0.634246 -0.773132 -0
    outer loop
      vertex -15.5018 -15.1966 4
      vertex -15.6688 -15.0596 0
      vertex -15.5018 -15.1966 0
    endloop
  endfacet
  facet normal 0.582595 0.812762 -0
    outer loop
      vertex -19.5111 -20.4215 0
      vertex -19.6866 -20.2957 4
      vertex -19.5111 -20.4215 4
    endloop
  endfacet
  facet normal 0.582595 0.812762 0
    outer loop
      vertex -19.6866 -20.2957 4
      vertex -19.5111 -20.4215 0
      vertex -19.6866 -20.2957 0
    endloop
  endfacet
  facet normal 0.351986 0.936005 -0
    outer loop
      vertex -18.7384 -20.8025 0
      vertex -18.9405 -20.7265 4
      vertex -18.7384 -20.8025 4
    endloop
  endfacet
  facet normal 0.351986 0.936005 0
    outer loop
      vertex -18.9405 -20.7265 4
      vertex -18.7384 -20.8025 0
      vertex -18.9405 -20.7265 0
    endloop
  endfacet
  facet normal 0.470949 0.882161 -0
    outer loop
      vertex -19.1372 -20.6373 0
      vertex -19.3277 -20.5356 4
      vertex -19.1372 -20.6373 4
    endloop
  endfacet
  facet normal 0.470949 0.882161 0
    outer loop
      vertex -19.3277 -20.5356 4
      vertex -19.1372 -20.6373 0
      vertex -19.3277 -20.5356 0
    endloop
  endfacet
  facet normal 0.032883 0.999459 -0
    outer loop
      vertex -17.6777 -20.9777 0
      vertex -17.8935 -20.9706 4
      vertex -17.6777 -20.9777 4
    endloop
  endfacet
  facet normal 0.032883 0.999459 0
    outer loop
      vertex -17.8935 -20.9706 4
      vertex -17.6777 -20.9777 0
      vertex -17.8935 -20.9706 0
    endloop
  endfacet
  facet normal 0.162522 0.986705 -0
    outer loop
      vertex -18.1084 -20.9494 0
      vertex -18.3215 -20.9143 4
      vertex -18.1084 -20.9494 4
    endloop
  endfacet
  facet normal 0.162522 0.986705 0
    outer loop
      vertex -18.3215 -20.9143 4
      vertex -18.1084 -20.9494 0
      vertex -18.3215 -20.9143 0
    endloop
  endfacet
  facet normal 0.290406 0.956904 -0
    outer loop
      vertex -18.5318 -20.8652 0
      vertex -18.7384 -20.8025 4
      vertex -18.5318 -20.8652 4
    endloop
  endfacet
  facet normal 0.290406 0.956904 0
    outer loop
      vertex -18.7384 -20.8025 4
      vertex -18.5318 -20.8652 0
      vertex -18.7384 -20.8025 0
    endloop
  endfacet
  facet normal -0.413 0.910731 0
    outer loop
      vertex -16.2181 -20.6373 0
      vertex -16.4148 -20.7265 4
      vertex -16.2181 -20.6373 4
    endloop
  endfacet
  facet normal -0.413 0.910731 0
    outer loop
      vertex -16.4148 -20.7265 4
      vertex -16.2181 -20.6373 0
      vertex -16.4148 -20.7265 0
    endloop
  endfacet
  facet normal -0.52825 0.849089 0
    outer loop
      vertex -15.8443 -20.4215 0
      vertex -16.0277 -20.5356 4
      vertex -15.8443 -20.4215 4
    endloop
  endfacet
  facet normal -0.52825 0.849089 0
    outer loop
      vertex -16.0277 -20.5356 4
      vertex -15.8443 -20.4215 0
      vertex -16.0277 -20.5356 0
    endloop
  endfacet
  facet normal -0.634246 0.773132 0
    outer loop
      vertex -15.5018 -20.1587 0
      vertex -15.6688 -20.2957 4
      vertex -15.5018 -20.1587 4
    endloop
  endfacet
  facet normal -0.634246 0.773132 0
    outer loop
      vertex -15.6688 -20.2957 4
      vertex -15.5018 -20.1587 0
      vertex -15.6688 -20.2957 0
    endloop
  endfacet
  facet normal -0.227361 0.97381 0
    outer loop
      vertex -16.8236 -20.8652 0
      vertex -17.0339 -20.9143 4
      vertex -16.8236 -20.8652 4
    endloop
  endfacet
  facet normal -0.227361 0.97381 0
    outer loop
      vertex -17.0339 -20.9143 4
      vertex -16.8236 -20.8652 0
      vertex -17.0339 -20.9143 0
    endloop
  endfacet
  facet normal -0.351986 0.936005 0
    outer loop
      vertex -16.4148 -20.7265 0
      vertex -16.6169 -20.8025 4
      vertex -16.4148 -20.7265 4
    endloop
  endfacet
  facet normal -0.351986 0.936005 0
    outer loop
      vertex -16.6169 -20.8025 4
      vertex -16.4148 -20.7265 0
      vertex -16.6169 -20.8025 0
    endloop
  endfacet
  facet normal -0.162596 0.986693 0
    outer loop
      vertex -17.0339 -20.9143 0
      vertex -17.2469 -20.9494 4
      vertex -17.0339 -20.9143 4
    endloop
  endfacet
  facet normal -0.162596 0.986693 0
    outer loop
      vertex -17.2469 -20.9494 4
      vertex -17.0339 -20.9143 0
      vertex -17.2469 -20.9494 0
    endloop
  endfacet
  facet normal -0.995169 -0.098174 0
    outer loop
      vertex -14.3847 -17.4618 0
      vertex -14.4059 -17.2469 4
      vertex -14.4059 -17.2469 0
    endloop
  endfacet
  facet normal -0.995169 -0.098174 0
    outer loop
      vertex -14.4059 -17.2469 4
      vertex -14.3847 -17.4618 0
      vertex -14.3847 -17.4618 4
    endloop
  endfacet
  facet normal -0.956943 -0.290277 0
    outer loop
      vertex -14.4901 -16.8236 0
      vertex -14.5528 -16.6169 4
      vertex -14.5528 -16.6169 0
    endloop
  endfacet
  facet normal -0.956943 -0.290277 0
    outer loop
      vertex -14.5528 -16.6169 4
      vertex -14.4901 -16.8236 0
      vertex -14.4901 -16.8236 4
    endloop
  endfacet
  facet normal -0.973913 -0.226922 0
    outer loop
      vertex -14.4411 -17.0339 0
      vertex -14.4901 -16.8236 4
      vertex -14.4901 -16.8236 0
    endloop
  endfacet
  facet normal -0.973913 -0.226922 0
    outer loop
      vertex -14.4901 -16.8236 4
      vertex -14.4411 -17.0339 0
      vertex -14.4411 -17.0339 4
    endloop
  endfacet
  facet normal -0.881865 -0.471501 0
    outer loop
      vertex -14.718 -16.2181 0
      vertex -14.8198 -16.0277 4
      vertex -14.8198 -16.0277 0
    endloop
  endfacet
  facet normal -0.881865 -0.471501 0
    outer loop
      vertex -14.8198 -16.0277 4
      vertex -14.718 -16.2181 0
      vertex -14.718 -16.2181 4
    endloop
  endfacet
  facet normal -0.910905 -0.412616 0
    outer loop
      vertex -14.6289 -16.4148 0
      vertex -14.718 -16.2181 4
      vertex -14.718 -16.2181 0
    endloop
  endfacet
  facet normal -0.910905 -0.412616 0
    outer loop
      vertex -14.718 -16.2181 4
      vertex -14.6289 -16.4148 0
      vertex -14.6289 -16.4148 4
    endloop
  endfacet
  facet normal -0.773132 -0.634246 0
    outer loop
      vertex -15.0596 -15.6688 0
      vertex -15.1966 -15.5018 4
      vertex -15.1966 -15.5018 0
    endloop
  endfacet
  facet normal -0.773132 -0.634246 0
    outer loop
      vertex -15.1966 -15.5018 4
      vertex -15.0596 -15.6688 0
      vertex -15.0596 -15.6688 4
    endloop
  endfacet
  facet normal -0.956904 0.290406 0
    outer loop
      vertex -14.5528 -18.7384 0
      vertex -14.4901 -18.5318 4
      vertex -14.4901 -18.5318 0
    endloop
  endfacet
  facet normal -0.956904 0.290406 0
    outer loop
      vertex -14.4901 -18.5318 4
      vertex -14.5528 -18.7384 0
      vertex -14.5528 -18.7384 4
    endloop
  endfacet
  facet normal -0.986631 0.162972 0
    outer loop
      vertex -14.4411 -18.3215 0
      vertex -14.4059 -18.1084 4
      vertex -14.4059 -18.1084 0
    endloop
  endfacet
  facet normal -0.986631 0.162972 0
    outer loop
      vertex -14.4059 -18.1084 4
      vertex -14.4411 -18.3215 0
      vertex -14.4411 -18.3215 4
    endloop
  endfacet
  facet normal -0.999474 0.0324204 0
    outer loop
      vertex -14.3847 -17.8935 0
      vertex -14.3777 -17.6777 4
      vertex -14.3777 -17.6777 0
    endloop
  endfacet
  facet normal -0.999474 0.0324204 0
    outer loop
      vertex -14.3777 -17.6777 4
      vertex -14.3847 -17.8935 0
      vertex -14.3847 -17.8935 4
    endloop
  endfacet
  facet normal -0.881968 0.471309 0
    outer loop
      vertex -14.8198 -19.3277 0
      vertex -14.718 -19.1372 4
      vertex -14.718 -19.1372 0
    endloop
  endfacet
  facet normal -0.881968 0.471309 0
    outer loop
      vertex -14.718 -19.1372 4
      vertex -14.8198 -19.3277 0
      vertex -14.8198 -19.3277 4
    endloop
  endfacet
  facet normal -0.812762 0.582595 0
    outer loop
      vertex -15.0596 -19.6866 0
      vertex -14.9338 -19.5111 4
      vertex -14.9338 -19.5111 0
    endloop
  endfacet
  facet normal -0.812762 0.582595 0
    outer loop
      vertex -14.9338 -19.5111 4
      vertex -15.0596 -19.6866 0
      vertex -15.0596 -19.6866 4
    endloop
  endfacet
  facet normal -0.729884 0.683571 0
    outer loop
      vertex -15.3442 -20.0111 0
      vertex -15.1966 -19.8535 4
      vertex -15.1966 -19.8535 0
    endloop
  endfacet
  facet normal -0.729884 0.683571 0
    outer loop
      vertex -15.1966 -19.8535 4
      vertex -15.3442 -20.0111 0
      vertex -15.3442 -20.0111 4
    endloop
  endfacet
  facet normal 0.729884 0.683571 0
    outer loop
      vertex -20.0111 -20.0111 4
      vertex -20.1587 -19.8535 0
      vertex -20.1587 -19.8535 4
    endloop
  endfacet
  facet normal 0.729884 0.683571 0
    outer loop
      vertex -20.1587 -19.8535 0
      vertex -20.0111 -20.0111 4
      vertex -20.0111 -20.0111 0
    endloop
  endfacet
  facet normal 0.773132 -0.634246 0
    outer loop
      vertex -20.2957 -15.6688 4
      vertex -20.1587 -15.5018 0
      vertex -20.1587 -15.5018 4
    endloop
  endfacet
  facet normal 0.773132 -0.634246 0
    outer loop
      vertex -20.1587 -15.5018 0
      vertex -20.2957 -15.6688 4
      vertex -20.2957 -15.6688 0
    endloop
  endfacet
  facet normal 0.729884 -0.683571 0
    outer loop
      vertex -20.1587 -15.5018 4
      vertex -20.0111 -15.3442 0
      vertex -20.0111 -15.3442 4
    endloop
  endfacet
  facet normal 0.729884 -0.683571 0
    outer loop
      vertex -20.0111 -15.3442 0
      vertex -20.1587 -15.5018 4
      vertex -20.1587 -15.5018 0
    endloop
  endfacet
  facet normal 0.812762 -0.582595 0
    outer loop
      vertex -20.4215 -15.8443 4
      vertex -20.2957 -15.6688 0
      vertex -20.2957 -15.6688 4
    endloop
  endfacet
  facet normal 0.812762 -0.582595 0
    outer loop
      vertex -20.2957 -15.6688 0
      vertex -20.4215 -15.8443 4
      vertex -20.4215 -15.8443 0
    endloop
  endfacet
  facet normal 0.910731 -0.413 0
    outer loop
      vertex -20.7265 -16.4148 4
      vertex -20.6373 -16.2181 0
      vertex -20.6373 -16.2181 4
    endloop
  endfacet
  facet normal 0.910731 -0.413 0
    outer loop
      vertex -20.6373 -16.2181 0
      vertex -20.7265 -16.4148 4
      vertex -20.7265 -16.4148 0
    endloop
  endfacet
  facet normal 0.882058 -0.471141 0
    outer loop
      vertex -20.6373 -16.2181 4
      vertex -20.5356 -16.0277 0
      vertex -20.5356 -16.0277 4
    endloop
  endfacet
  facet normal 0.882058 -0.471141 0
    outer loop
      vertex -20.5356 -16.0277 0
      vertex -20.6373 -16.2181 4
      vertex -20.6373 -16.2181 0
    endloop
  endfacet
  facet normal 0.99946 -0.0328678 0
    outer loop
      vertex -20.9777 -17.6777 4
      vertex -20.9706 -17.4618 0
      vertex -20.9706 -17.4618 4
    endloop
  endfacet
  facet normal 0.99946 -0.0328678 0
    outer loop
      vertex -20.9706 -17.4618 0
      vertex -20.9777 -17.6777 4
      vertex -20.9777 -17.6777 0
    endloop
  endfacet
  facet normal 0.956943 -0.290277 0
    outer loop
      vertex -20.8652 -16.8236 4
      vertex -20.8025 -16.6169 0
      vertex -20.8025 -16.6169 4
    endloop
  endfacet
  facet normal 0.956943 -0.290277 0
    outer loop
      vertex -20.8025 -16.6169 0
      vertex -20.8652 -16.8236 4
      vertex -20.8652 -16.8236 0
    endloop
  endfacet
  facet normal 0.995169 0.098174 0
    outer loop
      vertex -20.9494 -18.1084 4
      vertex -20.9706 -17.8935 0
      vertex -20.9706 -17.8935 4
    endloop
  endfacet
  facet normal 0.995169 0.098174 0
    outer loop
      vertex -20.9706 -17.8935 0
      vertex -20.9494 -18.1084 4
      vertex -20.9494 -18.1084 0
    endloop
  endfacet
  facet normal 0.97381 0.227361 0
    outer loop
      vertex -20.8652 -18.5318 4
      vertex -20.9143 -18.3215 0
      vertex -20.9143 -18.3215 4
    endloop
  endfacet
  facet normal 0.97381 0.227361 0
    outer loop
      vertex -20.9143 -18.3215 0
      vertex -20.8652 -18.5318 4
      vertex -20.8652 -18.5318 0
    endloop
  endfacet
  facet normal 0.936005 0.351986 0
    outer loop
      vertex -20.7265 -18.9405 4
      vertex -20.8025 -18.7384 0
      vertex -20.8025 -18.7384 4
    endloop
  endfacet
  facet normal 0.936005 0.351986 0
    outer loop
      vertex -20.8025 -18.7384 0
      vertex -20.7265 -18.9405 4
      vertex -20.7265 -18.9405 0
    endloop
  endfacet
  facet normal 0.772945 0.634473 0
    outer loop
      vertex -20.1587 -19.8535 4
      vertex -20.2957 -19.6866 0
      vertex -20.2957 -19.6866 4
    endloop
  endfacet
  facet normal 0.772945 0.634473 0
    outer loop
      vertex -20.2957 -19.6866 0
      vertex -20.1587 -19.8535 4
      vertex -20.1587 -19.8535 0
    endloop
  endfacet
  facet normal 0.098174 -0.995169 0
    outer loop
      vertex -18.1084 -14.4059 0
      vertex -17.8935 -14.3847 4
      vertex -18.1084 -14.4059 4
    endloop
  endfacet
  facet normal 0.098174 -0.995169 0
    outer loop
      vertex -17.8935 -14.3847 4
      vertex -18.1084 -14.4059 0
      vertex -17.8935 -14.3847 0
    endloop
  endfacet
  facet normal 0.290406 -0.956904 0
    outer loop
      vertex -18.7384 -14.5528 0
      vertex -18.5318 -14.4901 4
      vertex -18.7384 -14.5528 4
    endloop
  endfacet
  facet normal 0.290406 -0.956904 0
    outer loop
      vertex -18.5318 -14.4901 4
      vertex -18.7384 -14.5528 0
      vertex -18.5318 -14.4901 0
    endloop
  endfacet
  facet normal 0.226922 -0.973913 0
    outer loop
      vertex -18.5318 -14.4901 0
      vertex -18.3215 -14.4411 4
      vertex -18.5318 -14.4901 4
    endloop
  endfacet
  facet normal 0.226922 -0.973913 0
    outer loop
      vertex -18.3215 -14.4411 4
      vertex -18.5318 -14.4901 0
      vertex -18.3215 -14.4411 0
    endloop
  endfacet
  facet normal 0.471309 -0.881968 0
    outer loop
      vertex -19.3277 -14.8198 0
      vertex -19.1372 -14.718 4
      vertex -19.3277 -14.8198 4
    endloop
  endfacet
  facet normal 0.471309 -0.881968 0
    outer loop
      vertex -19.1372 -14.718 4
      vertex -19.3277 -14.8198 0
      vertex -19.1372 -14.718 0
    endloop
  endfacet
  facet normal 0.412616 -0.910905 0
    outer loop
      vertex -19.1372 -14.718 0
      vertex -18.9405 -14.6289 4
      vertex -19.1372 -14.718 4
    endloop
  endfacet
  facet normal 0.412616 -0.910905 0
    outer loop
      vertex -18.9405 -14.6289 4
      vertex -19.1372 -14.718 0
      vertex -18.9405 -14.6289 0
    endloop
  endfacet
  facet normal 0.634473 -0.772945 0
    outer loop
      vertex -19.8535 -15.1966 0
      vertex -19.6866 -15.0596 4
      vertex -19.8535 -15.1966 4
    endloop
  endfacet
  facet normal 0.634473 -0.772945 0
    outer loop
      vertex -19.6866 -15.0596 4
      vertex -19.8535 -15.1966 0
      vertex -19.6866 -15.0596 0
    endloop
  endfacet
  facet normal -0.290277 -0.956943 0
    outer loop
      vertex -16.8236 -14.4901 0
      vertex -16.6169 -14.5528 4
      vertex -16.8236 -14.4901 4
    endloop
  endfacet
  facet normal -0.290277 -0.956943 -0
    outer loop
      vertex -16.6169 -14.5528 4
      vertex -16.8236 -14.4901 0
      vertex -16.6169 -14.5528 0
    endloop
  endfacet
  facet normal -0.163047 -0.986618 0
    outer loop
      vertex -17.2469 -14.4059 0
      vertex -17.0339 -14.4411 4
      vertex -17.2469 -14.4059 4
    endloop
  endfacet
  facet normal -0.163047 -0.986618 -0
    outer loop
      vertex -17.0339 -14.4411 4
      vertex -17.2469 -14.4059 0
      vertex -17.0339 -14.4411 0
    endloop
  endfacet
  facet normal -0.098174 -0.995169 0
    outer loop
      vertex -17.4618 -14.3847 0
      vertex -17.2469 -14.4059 4
      vertex -17.4618 -14.3847 4
    endloop
  endfacet
  facet normal -0.098174 -0.995169 -0
    outer loop
      vertex -17.2469 -14.4059 4
      vertex -17.4618 -14.3847 0
      vertex -17.2469 -14.4059 0
    endloop
  endfacet
  facet normal -0.471501 -0.881865 0
    outer loop
      vertex -16.2181 -14.718 0
      vertex -16.0277 -14.8198 4
      vertex -16.2181 -14.718 4
    endloop
  endfacet
  facet normal -0.471501 -0.881865 -0
    outer loop
      vertex -16.0277 -14.8198 4
      vertex -16.2181 -14.718 0
      vertex -16.0277 -14.8198 0
    endloop
  endfacet
  facet normal -0.683571 -0.729884 0
    outer loop
      vertex -15.5018 -15.1966 0
      vertex -15.3442 -15.3442 4
      vertex -15.5018 -15.1966 4
    endloop
  endfacet
  facet normal -0.683571 -0.729884 -0
    outer loop
      vertex -15.3442 -15.3442 4
      vertex -15.5018 -15.1966 0
      vertex -15.3442 -15.3442 0
    endloop
  endfacet
  facet normal 0.52825 0.849089 -0
    outer loop
      vertex -19.3277 -20.5356 0
      vertex -19.5111 -20.4215 4
      vertex -19.3277 -20.5356 4
    endloop
  endfacet
  facet normal 0.52825 0.849089 0
    outer loop
      vertex -19.5111 -20.4215 4
      vertex -19.3277 -20.5356 0
      vertex -19.5111 -20.4215 0
    endloop
  endfacet
  facet normal 0.413 0.910731 -0
    outer loop
      vertex -18.9405 -20.7265 0
      vertex -19.1372 -20.6373 4
      vertex -18.9405 -20.7265 4
    endloop
  endfacet
  facet normal 0.413 0.910731 0
    outer loop
      vertex -19.1372 -20.6373 4
      vertex -18.9405 -20.7265 0
      vertex -19.1372 -20.6373 0
    endloop
  endfacet
  facet normal 0.227361 0.97381 -0
    outer loop
      vertex -18.3215 -20.9143 0
      vertex -18.5318 -20.8652 4
      vertex -18.3215 -20.9143 4
    endloop
  endfacet
  facet normal 0.227361 0.97381 0
    outer loop
      vertex -18.5318 -20.8652 4
      vertex -18.3215 -20.9143 0
      vertex -18.5318 -20.8652 0
    endloop
  endfacet
  facet normal -0.471141 0.882058 0
    outer loop
      vertex -16.0277 -20.5356 0
      vertex -16.2181 -20.6373 4
      vertex -16.0277 -20.5356 4
    endloop
  endfacet
  facet normal -0.471141 0.882058 0
    outer loop
      vertex -16.2181 -20.6373 4
      vertex -16.0277 -20.5356 0
      vertex -16.2181 -20.6373 0
    endloop
  endfacet
  facet normal -0.683571 0.729884 0
    outer loop
      vertex -15.3442 -20.0111 0
      vertex -15.5018 -20.1587 4
      vertex -15.3442 -20.0111 4
    endloop
  endfacet
  facet normal -0.683571 0.729884 0
    outer loop
      vertex -15.5018 -20.1587 4
      vertex -15.3442 -20.0111 0
      vertex -15.5018 -20.1587 0
    endloop
  endfacet
  facet normal -0.290277 0.956943 0
    outer loop
      vertex -16.6169 -20.8025 0
      vertex -16.8236 -20.8652 4
      vertex -16.6169 -20.8025 4
    endloop
  endfacet
  facet normal -0.290277 0.956943 0
    outer loop
      vertex -16.8236 -20.8652 4
      vertex -16.6169 -20.8025 0
      vertex -16.8236 -20.8652 0
    endloop
  endfacet
  facet normal -0.973913 0.226922 0
    outer loop
      vertex -14.4901 -18.5318 0
      vertex -14.4411 -18.3215 4
      vertex -14.4411 -18.3215 0
    endloop
  endfacet
  facet normal -0.973913 0.226922 0
    outer loop
      vertex -14.4411 -18.3215 4
      vertex -14.4901 -18.5318 0
      vertex -14.4901 -18.5318 4
    endloop
  endfacet
  facet normal -0.995169 0.098174 0
    outer loop
      vertex -14.4059 -18.1084 0
      vertex -14.3847 -17.8935 4
      vertex -14.3847 -17.8935 0
    endloop
  endfacet
  facet normal -0.995169 0.098174 0
    outer loop
      vertex -14.3847 -17.8935 4
      vertex -14.4059 -18.1084 0
      vertex -14.4059 -18.1084 4
    endloop
  endfacet
  facet normal -0.772945 0.634473 0
    outer loop
      vertex -15.1966 -19.8535 0
      vertex -15.0596 -19.6866 4
      vertex -15.0596 -19.6866 0
    endloop
  endfacet
  facet normal -0.772945 0.634473 0
    outer loop
      vertex -15.0596 -19.6866 4
      vertex -15.1966 -19.8535 0
      vertex -15.1966 -19.8535 4
    endloop
  endfacet
  facet normal 0.999459 0.032883 0
    outer loop
      vertex -20.9706 -17.8935 4
      vertex -20.9777 -17.6777 0
      vertex -20.9777 -17.6777 4
    endloop
  endfacet
  facet normal 0.999459 0.032883 0
    outer loop
      vertex -20.9777 -17.6777 0
      vertex -20.9706 -17.8935 4
      vertex -20.9706 -17.8935 0
    endloop
  endfacet
  facet normal 0.986705 0.162522 0
    outer loop
      vertex -20.9143 -18.3215 4
      vertex -20.9494 -18.1084 0
      vertex -20.9494 -18.1084 4
    endloop
  endfacet
  facet normal 0.986705 0.162522 0
    outer loop
      vertex -20.9494 -18.1084 0
      vertex -20.9143 -18.3215 4
      vertex -20.9143 -18.3215 0
    endloop
  endfacet
  facet normal 0.849089 0.52825 0
    outer loop
      vertex -20.4215 -19.5111 4
      vertex -20.5356 -19.3277 0
      vertex -20.5356 -19.3277 4
    endloop
  endfacet
  facet normal 0.849089 0.52825 0
    outer loop
      vertex -20.5356 -19.3277 0
      vertex -20.4215 -19.5111 4
      vertex -20.4215 -19.5111 0
    endloop
  endfacet
  facet normal 0.812762 0.582595 0
    outer loop
      vertex -20.2957 -19.6866 4
      vertex -20.4215 -19.5111 0
      vertex -20.4215 -19.5111 4
    endloop
  endfacet
  facet normal 0.812762 0.582595 0
    outer loop
      vertex -20.4215 -19.5111 0
      vertex -20.2957 -19.6866 4
      vertex -20.2957 -19.6866 0
    endloop
  endfacet
  facet normal -0.729884 0.683571 0
    outer loop
      vertex 20.0111 -20.0111 0
      vertex 20.1587 -19.8535 4
      vertex 20.1587 -19.8535 0
    endloop
  endfacet
  facet normal -0.729884 0.683571 0
    outer loop
      vertex 20.1587 -19.8535 4
      vertex 20.0111 -20.0111 0
      vertex 20.0111 -20.0111 4
    endloop
  endfacet
  facet normal 0.683571 -0.729884 0
    outer loop
      vertex 15.3442 -15.3442 0
      vertex 15.5018 -15.1966 4
      vertex 15.3442 -15.3442 4
    endloop
  endfacet
  facet normal 0.683571 -0.729884 0
    outer loop
      vertex 15.5018 -15.1966 4
      vertex 15.3442 -15.3442 0
      vertex 15.5018 -15.1966 0
    endloop
  endfacet
  facet normal -0.729884 -0.683571 0
    outer loop
      vertex 20.1587 -15.5018 0
      vertex 20.0111 -15.3442 4
      vertex 20.0111 -15.3442 0
    endloop
  endfacet
  facet normal -0.729884 -0.683571 0
    outer loop
      vertex 20.0111 -15.3442 4
      vertex 20.1587 -15.5018 0
      vertex 20.1587 -15.5018 4
    endloop
  endfacet
  facet normal 0.999475 -0.0324054 0
    outer loop
      vertex 14.3777 -17.6777 4
      vertex 14.3847 -17.4618 0
      vertex 14.3847 -17.4618 4
    endloop
  endfacet
  facet normal 0.999475 -0.0324054 0
    outer loop
      vertex 14.3847 -17.4618 0
      vertex 14.3777 -17.6777 4
      vertex 14.3777 -17.6777 0
    endloop
  endfacet
  facet normal -0.99946 -0.0328678 0
    outer loop
      vertex 20.9777 -17.6777 0
      vertex 20.9706 -17.4618 4
      vertex 20.9706 -17.4618 0
    endloop
  endfacet
  facet normal -0.99946 -0.0328678 0
    outer loop
      vertex 20.9706 -17.4618 4
      vertex 20.9777 -17.6777 0
      vertex 20.9777 -17.6777 4
    endloop
  endfacet
  facet normal -0.0324204 -0.999474 0
    outer loop
      vertex 17.6777 -14.3777 0
      vertex 17.8935 -14.3847 4
      vertex 17.6777 -14.3777 4
    endloop
  endfacet
  facet normal -0.0324204 -0.999474 -0
    outer loop
      vertex 17.8935 -14.3847 4
      vertex 17.6777 -14.3777 0
      vertex 17.8935 -14.3847 0
    endloop
  endfacet
  facet normal 0.849297 -0.527916 0
    outer loop
      vertex 14.8198 -16.0277 4
      vertex 14.9338 -15.8443 0
      vertex 14.9338 -15.8443 4
    endloop
  endfacet
  facet normal 0.849297 -0.527916 0
    outer loop
      vertex 14.9338 -15.8443 0
      vertex 14.8198 -16.0277 4
      vertex 14.8198 -16.0277 0
    endloop
  endfacet
  facet normal -0.936005 -0.351986 0
    outer loop
      vertex 20.8025 -16.6169 0
      vertex 20.7265 -16.4148 4
      vertex 20.7265 -16.4148 0
    endloop
  endfacet
  facet normal -0.936005 -0.351986 0
    outer loop
      vertex 20.7265 -16.4148 4
      vertex 20.8025 -16.6169 0
      vertex 20.8025 -16.6169 4
    endloop
  endfacet
  facet normal 0.226922 -0.973913 0
    outer loop
      vertex 16.8236 -14.4901 0
      vertex 17.0339 -14.4411 4
      vertex 16.8236 -14.4901 4
    endloop
  endfacet
  facet normal 0.226922 -0.973913 0
    outer loop
      vertex 17.0339 -14.4411 4
      vertex 16.8236 -14.4901 0
      vertex 17.0339 -14.4411 0
    endloop
  endfacet
  facet normal 0.098174 -0.995169 0
    outer loop
      vertex 17.2469 -14.4059 0
      vertex 17.4618 -14.3847 4
      vertex 17.2469 -14.4059 4
    endloop
  endfacet
  facet normal 0.098174 -0.995169 0
    outer loop
      vertex 17.4618 -14.3847 4
      vertex 17.2469 -14.4059 0
      vertex 17.4618 -14.3847 0
    endloop
  endfacet
  facet normal -0.582595 -0.812762 0
    outer loop
      vertex 19.5111 -14.9338 0
      vertex 19.6866 -15.0596 4
      vertex 19.5111 -14.9338 4
    endloop
  endfacet
  facet normal -0.582595 -0.812762 -0
    outer loop
      vertex 19.6866 -15.0596 4
      vertex 19.5111 -14.9338 0
      vertex 19.6866 -15.0596 0
    endloop
  endfacet
  facet normal -0.290406 0.956904 0
    outer loop
      vertex 18.7384 -20.8025 0
      vertex 18.5318 -20.8652 4
      vertex 18.7384 -20.8025 4
    endloop
  endfacet
  facet normal -0.290406 0.956904 0
    outer loop
      vertex 18.5318 -20.8652 4
      vertex 18.7384 -20.8025 0
      vertex 18.5318 -20.8652 0
    endloop
  endfacet
  facet normal 0.471141 0.882058 -0
    outer loop
      vertex 16.2181 -20.6373 0
      vertex 16.0277 -20.5356 4
      vertex 16.2181 -20.6373 4
    endloop
  endfacet
  facet normal 0.471141 0.882058 0
    outer loop
      vertex 16.0277 -20.5356 4
      vertex 16.2181 -20.6373 0
      vertex 16.0277 -20.5356 0
    endloop
  endfacet
  facet normal -0.032883 0.999459 0
    outer loop
      vertex 17.8935 -20.9706 0
      vertex 17.6777 -20.9777 4
      vertex 17.8935 -20.9706 4
    endloop
  endfacet
  facet normal -0.032883 0.999459 0
    outer loop
      vertex 17.6777 -20.9777 4
      vertex 17.8935 -20.9706 0
      vertex 17.6777 -20.9777 0
    endloop
  endfacet
  facet normal -0.470949 0.882161 0
    outer loop
      vertex 19.3277 -20.5356 0
      vertex 19.1372 -20.6373 4
      vertex 19.3277 -20.5356 4
    endloop
  endfacet
  facet normal -0.470949 0.882161 0
    outer loop
      vertex 19.1372 -20.6373 4
      vertex 19.3277 -20.5356 0
      vertex 19.1372 -20.6373 0
    endloop
  endfacet
  facet normal 0.910905 0.412616 0
    outer loop
      vertex 14.718 -19.1372 4
      vertex 14.6289 -18.9405 0
      vertex 14.6289 -18.9405 4
    endloop
  endfacet
  facet normal 0.910905 0.412616 0
    outer loop
      vertex 14.6289 -18.9405 0
      vertex 14.718 -19.1372 4
      vertex 14.718 -19.1372 0
    endloop
  endfacet
  facet normal 0.812762 -0.582595 0
    outer loop
      vertex 14.9338 -15.8443 4
      vertex 15.0596 -15.6688 0
      vertex 15.0596 -15.6688 4
    endloop
  endfacet
  facet normal 0.812762 -0.582595 0
    outer loop
      vertex 15.0596 -15.6688 0
      vertex 14.9338 -15.8443 4
      vertex 14.9338 -15.8443 0
    endloop
  endfacet
  facet normal -0.812762 0.582595 0
    outer loop
      vertex 20.2957 -19.6866 0
      vertex 20.4215 -19.5111 4
      vertex 20.4215 -19.5111 0
    endloop
  endfacet
  facet normal -0.812762 0.582595 0
    outer loop
      vertex 20.4215 -19.5111 4
      vertex 20.2957 -19.6866 0
      vertex 20.2957 -19.6866 4
    endloop
  endfacet
  facet normal -0.772945 0.634473 0
    outer loop
      vertex 20.1587 -19.8535 0
      vertex 20.2957 -19.6866 4
      vertex 20.2957 -19.6866 0
    endloop
  endfacet
  facet normal -0.772945 0.634473 0
    outer loop
      vertex 20.2957 -19.6866 4
      vertex 20.1587 -19.8535 0
      vertex 20.1587 -19.8535 4
    endloop
  endfacet
  facet normal -0.882161 0.470949 0
    outer loop
      vertex 20.5356 -19.3277 0
      vertex 20.6373 -19.1372 4
      vertex 20.6373 -19.1372 0
    endloop
  endfacet
  facet normal -0.882161 0.470949 0
    outer loop
      vertex 20.6373 -19.1372 4
      vertex 20.5356 -19.3277 0
      vertex 20.5356 -19.3277 4
    endloop
  endfacet
  facet normal -0.995169 0.098174 0
    outer loop
      vertex 20.9494 -18.1084 0
      vertex 20.9706 -17.8935 4
      vertex 20.9706 -17.8935 0
    endloop
  endfacet
  facet normal -0.995169 0.098174 0
    outer loop
      vertex 20.9706 -17.8935 4
      vertex 20.9494 -18.1084 0
      vertex 20.9494 -18.1084 4
    endloop
  endfacet
  facet normal -0.849089 -0.52825 0
    outer loop
      vertex 20.5356 -16.0277 0
      vertex 20.4215 -15.8443 4
      vertex 20.4215 -15.8443 0
    endloop
  endfacet
  facet normal -0.849089 -0.52825 0
    outer loop
      vertex 20.4215 -15.8443 4
      vertex 20.5356 -16.0277 0
      vertex 20.5356 -16.0277 4
    endloop
  endfacet
  facet normal -0.882058 -0.471141 0
    outer loop
      vertex 20.6373 -16.2181 0
      vertex 20.5356 -16.0277 4
      vertex 20.5356 -16.0277 0
    endloop
  endfacet
  facet normal -0.882058 -0.471141 0
    outer loop
      vertex 20.5356 -16.0277 4
      vertex 20.6373 -16.2181 0
      vertex 20.6373 -16.2181 4
    endloop
  endfacet
  facet normal -0.812762 -0.582595 0
    outer loop
      vertex 20.4215 -15.8443 0
      vertex 20.2957 -15.6688 4
      vertex 20.2957 -15.6688 0
    endloop
  endfacet
  facet normal -0.812762 -0.582595 0
    outer loop
      vertex 20.2957 -15.6688 4
      vertex 20.4215 -15.8443 0
      vertex 20.4215 -15.8443 4
    endloop
  endfacet
  facet normal -0.986693 -0.162596 0
    outer loop
      vertex 20.9494 -17.2469 0
      vertex 20.9143 -17.0339 4
      vertex 20.9143 -17.0339 0
    endloop
  endfacet
  facet normal -0.986693 -0.162596 0
    outer loop
      vertex 20.9143 -17.0339 4
      vertex 20.9494 -17.2469 0
      vertex 20.9494 -17.2469 4
    endloop
  endfacet
  facet normal -0.995169 -0.098174 0
    outer loop
      vertex 20.9706 -17.4618 0
      vertex 20.9494 -17.2469 4
      vertex 20.9494 -17.2469 0
    endloop
  endfacet
  facet normal -0.995169 -0.098174 0
    outer loop
      vertex 20.9494 -17.2469 4
      vertex 20.9706 -17.4618 0
      vertex 20.9706 -17.4618 4
    endloop
  endfacet
  facet normal 0.527916 -0.849297 0
    outer loop
      vertex 15.8443 -14.9338 0
      vertex 16.0277 -14.8198 4
      vertex 15.8443 -14.9338 4
    endloop
  endfacet
  facet normal 0.527916 -0.849297 0
    outer loop
      vertex 16.0277 -14.8198 4
      vertex 15.8443 -14.9338 0
      vertex 16.0277 -14.8198 0
    endloop
  endfacet
  facet normal 0.0324054 -0.999475 0
    outer loop
      vertex 17.4618 -14.3847 0
      vertex 17.6777 -14.3777 4
      vertex 17.4618 -14.3847 4
    endloop
  endfacet
  facet normal 0.0324054 -0.999475 0
    outer loop
      vertex 17.6777 -14.3777 4
      vertex 17.4618 -14.3847 0
      vertex 17.6777 -14.3777 0
    endloop
  endfacet
  facet normal 0.352392 -0.935853 0
    outer loop
      vertex 16.4148 -14.6289 0
      vertex 16.6169 -14.5528 4
      vertex 16.4148 -14.6289 4
    endloop
  endfacet
  facet normal 0.352392 -0.935853 0
    outer loop
      vertex 16.6169 -14.5528 4
      vertex 16.4148 -14.6289 0
      vertex 16.6169 -14.5528 0
    endloop
  endfacet
  facet normal 0.290277 -0.956943 0
    outer loop
      vertex 16.6169 -14.5528 0
      vertex 16.8236 -14.4901 4
      vertex 16.6169 -14.5528 4
    endloop
  endfacet
  facet normal 0.290277 -0.956943 0
    outer loop
      vertex 16.8236 -14.4901 4
      vertex 16.6169 -14.5528 0
      vertex 16.8236 -14.4901 0
    endloop
  endfacet
  facet normal 0.471501 -0.881865 0
    outer loop
      vertex 16.0277 -14.8198 0
      vertex 16.2181 -14.718 4
      vertex 16.0277 -14.8198 4
    endloop
  endfacet
  facet normal 0.471501 -0.881865 0
    outer loop
      vertex 16.2181 -14.718 4
      vertex 16.0277 -14.8198 0
      vertex 16.2181 -14.718 0
    endloop
  endfacet
  facet normal 0.582595 -0.812762 0
    outer loop
      vertex 15.6688 -15.0596 0
      vertex 15.8443 -14.9338 4
      vertex 15.6688 -15.0596 4
    endloop
  endfacet
  facet normal 0.582595 -0.812762 0
    outer loop
      vertex 15.8443 -14.9338 4
      vertex 15.6688 -15.0596 0
      vertex 15.8443 -14.9338 0
    endloop
  endfacet
  facet normal -0.352392 -0.935853 0
    outer loop
      vertex 18.7384 -14.5528 0
      vertex 18.9405 -14.6289 4
      vertex 18.7384 -14.5528 4
    endloop
  endfacet
  facet normal -0.352392 -0.935853 -0
    outer loop
      vertex 18.9405 -14.6289 4
      vertex 18.7384 -14.5528 0
      vertex 18.9405 -14.6289 0
    endloop
  endfacet
  facet normal -0.290406 -0.956904 0
    outer loop
      vertex 18.5318 -14.4901 0
      vertex 18.7384 -14.5528 4
      vertex 18.5318 -14.4901 4
    endloop
  endfacet
  facet normal -0.290406 -0.956904 -0
    outer loop
      vertex 18.7384 -14.5528 4
      vertex 18.5318 -14.4901 0
      vertex 18.7384 -14.5528 0
    endloop
  endfacet
  facet normal -0.527916 -0.849297 0
    outer loop
      vertex 19.3277 -14.8198 0
      vertex 19.5111 -14.9338 4
      vertex 19.3277 -14.8198 4
    endloop
  endfacet
  facet normal -0.527916 -0.849297 -0
    outer loop
      vertex 19.5111 -14.9338 4
      vertex 19.3277 -14.8198 0
      vertex 19.5111 -14.9338 0
    endloop
  endfacet
  facet normal -0.634473 -0.772945 0
    outer loop
      vertex 19.6866 -15.0596 0
      vertex 19.8535 -15.1966 4
      vertex 19.6866 -15.0596 4
    endloop
  endfacet
  facet normal -0.634473 -0.772945 -0
    outer loop
      vertex 19.8535 -15.1966 4
      vertex 19.6866 -15.0596 0
      vertex 19.8535 -15.1966 0
    endloop
  endfacet
  facet normal 0.582595 0.812762 -0
    outer loop
      vertex 15.8443 -20.4215 0
      vertex 15.6688 -20.2957 4
      vertex 15.8443 -20.4215 4
    endloop
  endfacet
  facet normal 0.582595 0.812762 0
    outer loop
      vertex 15.6688 -20.2957 4
      vertex 15.8443 -20.4215 0
      vertex 15.6688 -20.2957 0
    endloop
  endfacet
  facet normal 0.098174 0.995169 -0
    outer loop
      vertex 17.4618 -20.9706 0
      vertex 17.2469 -20.9494 4
      vertex 17.4618 -20.9706 4
    endloop
  endfacet
  facet normal 0.098174 0.995169 0
    outer loop
      vertex 17.2469 -20.9494 4
      vertex 17.4618 -20.9706 0
      vertex 17.2469 -20.9494 0
    endloop
  endfacet
  facet normal -0.413 0.910731 0
    outer loop
      vertex 19.1372 -20.6373 0
      vertex 18.9405 -20.7265 4
      vertex 19.1372 -20.6373 4
    endloop
  endfacet
  facet normal -0.413 0.910731 0
    outer loop
      vertex 18.9405 -20.7265 4
      vertex 19.1372 -20.6373 0
      vertex 18.9405 -20.7265 0
    endloop
  endfacet
  facet normal 0.999474 0.0324204 0
    outer loop
      vertex 14.3847 -17.8935 4
      vertex 14.3777 -17.6777 0
      vertex 14.3777 -17.6777 4
    endloop
  endfacet
  facet normal 0.999474 0.0324204 0
    outer loop
      vertex 14.3777 -17.6777 0
      vertex 14.3847 -17.8935 4
      vertex 14.3847 -17.8935 0
    endloop
  endfacet
  facet normal 0.995169 0.098174 0
    outer loop
      vertex 14.4059 -18.1084 4
      vertex 14.3847 -17.8935 0
      vertex 14.3847 -17.8935 4
    endloop
  endfacet
  facet normal 0.995169 0.098174 0
    outer loop
      vertex 14.3847 -17.8935 0
      vertex 14.4059 -18.1084 4
      vertex 14.4059 -18.1084 0
    endloop
  endfacet
  facet normal 0.812762 0.582595 0
    outer loop
      vertex 15.0596 -19.6866 4
      vertex 14.9338 -19.5111 0
      vertex 14.9338 -19.5111 4
    endloop
  endfacet
  facet normal 0.812762 0.582595 0
    outer loop
      vertex 14.9338 -19.5111 0
      vertex 15.0596 -19.6866 4
      vertex 15.0596 -19.6866 0
    endloop
  endfacet
  facet normal 0.973913 -0.226922 0
    outer loop
      vertex 14.4411 -17.0339 4
      vertex 14.4901 -16.8236 0
      vertex 14.4901 -16.8236 4
    endloop
  endfacet
  facet normal 0.973913 -0.226922 0
    outer loop
      vertex 14.4901 -16.8236 0
      vertex 14.4411 -17.0339 4
      vertex 14.4411 -17.0339 0
    endloop
  endfacet
  facet normal 0.935853 -0.352392 0
    outer loop
      vertex 14.5528 -16.6169 4
      vertex 14.6289 -16.4148 0
      vertex 14.6289 -16.4148 4
    endloop
  endfacet
  facet normal 0.935853 -0.352392 0
    outer loop
      vertex 14.6289 -16.4148 0
      vertex 14.5528 -16.6169 4
      vertex 14.5528 -16.6169 0
    endloop
  endfacet
  facet normal 0.995169 -0.098174 0
    outer loop
      vertex 14.3847 -17.4618 4
      vertex 14.4059 -17.2469 0
      vertex 14.4059 -17.2469 4
    endloop
  endfacet
  facet normal 0.995169 -0.098174 0
    outer loop
      vertex 14.4059 -17.2469 0
      vertex 14.3847 -17.4618 4
      vertex 14.3847 -17.4618 0
    endloop
  endfacet
  facet normal 0.881865 -0.471501 0
    outer loop
      vertex 14.718 -16.2181 4
      vertex 14.8198 -16.0277 0
      vertex 14.8198 -16.0277 4
    endloop
  endfacet
  facet normal 0.881865 -0.471501 0
    outer loop
      vertex 14.8198 -16.0277 0
      vertex 14.718 -16.2181 4
      vertex 14.718 -16.2181 0
    endloop
  endfacet
  facet normal 0.773132 -0.634246 0
    outer loop
      vertex 15.0596 -15.6688 4
      vertex 15.1966 -15.5018 0
      vertex 15.1966 -15.5018 4
    endloop
  endfacet
  facet normal 0.773132 -0.634246 0
    outer loop
      vertex 15.1966 -15.5018 0
      vertex 15.0596 -15.6688 4
      vertex 15.0596 -15.6688 0
    endloop
  endfacet
  facet normal -0.936005 0.351986 0
    outer loop
      vertex 20.7265 -18.9405 0
      vertex 20.8025 -18.7384 4
      vertex 20.8025 -18.7384 0
    endloop
  endfacet
  facet normal -0.936005 0.351986 0
    outer loop
      vertex 20.8025 -18.7384 4
      vertex 20.7265 -18.9405 0
      vertex 20.7265 -18.9405 4
    endloop
  endfacet
  facet normal -0.910731 0.413 0
    outer loop
      vertex 20.6373 -19.1372 0
      vertex 20.7265 -18.9405 4
      vertex 20.7265 -18.9405 0
    endloop
  endfacet
  facet normal -0.910731 0.413 0
    outer loop
      vertex 20.7265 -18.9405 4
      vertex 20.6373 -19.1372 0
      vertex 20.6373 -19.1372 4
    endloop
  endfacet
  facet normal -0.999459 0.032883 0
    outer loop
      vertex 20.9706 -17.8935 0
      vertex 20.9777 -17.6777 4
      vertex 20.9777 -17.6777 0
    endloop
  endfacet
  facet normal -0.999459 0.032883 0
    outer loop
      vertex 20.9777 -17.6777 4
      vertex 20.9706 -17.8935 0
      vertex 20.9706 -17.8935 4
    endloop
  endfacet
  facet normal -0.97381 0.227361 0
    outer loop
      vertex 20.8652 -18.5318 0
      vertex 20.9143 -18.3215 4
      vertex 20.9143 -18.3215 0
    endloop
  endfacet
  facet normal -0.97381 0.227361 0
    outer loop
      vertex 20.9143 -18.3215 4
      vertex 20.8652 -18.5318 0
      vertex 20.8652 -18.5318 4
    endloop
  endfacet
  facet normal -0.986705 0.162522 0
    outer loop
      vertex 20.9143 -18.3215 0
      vertex 20.9494 -18.1084 4
      vertex 20.9494 -18.1084 0
    endloop
  endfacet
  facet normal -0.986705 0.162522 0
    outer loop
      vertex 20.9494 -18.1084 4
      vertex 20.9143 -18.3215 0
      vertex 20.9143 -18.3215 4
    endloop
  endfacet
  facet normal -0.956904 0.290406 0
    outer loop
      vertex 20.8025 -18.7384 0
      vertex 20.8652 -18.5318 4
      vertex 20.8652 -18.5318 0
    endloop
  endfacet
  facet normal -0.956904 0.290406 0
    outer loop
      vertex 20.8652 -18.5318 4
      vertex 20.8025 -18.7384 0
      vertex 20.8025 -18.7384 4
    endloop
  endfacet
  facet normal -0.773132 -0.634246 0
    outer loop
      vertex 20.2957 -15.6688 0
      vertex 20.1587 -15.5018 4
      vertex 20.1587 -15.5018 0
    endloop
  endfacet
  facet normal -0.773132 -0.634246 0
    outer loop
      vertex 20.1587 -15.5018 4
      vertex 20.2957 -15.6688 0
      vertex 20.2957 -15.6688 4
    endloop
  endfacet
  facet normal -0.97381 -0.227361 0
    outer loop
      vertex 20.9143 -17.0339 0
      vertex 20.8652 -16.8236 4
      vertex 20.8652 -16.8236 0
    endloop
  endfacet
  facet normal -0.97381 -0.227361 0
    outer loop
      vertex 20.8652 -16.8236 4
      vertex 20.9143 -17.0339 0
      vertex 20.9143 -17.0339 4
    endloop
  endfacet
  facet normal -0.956943 -0.290277 0
    outer loop
      vertex 20.8652 -16.8236 0
      vertex 20.8025 -16.6169 4
      vertex 20.8025 -16.6169 0
    endloop
  endfacet
  facet normal -0.956943 -0.290277 0
    outer loop
      vertex 20.8025 -16.6169 4
      vertex 20.8652 -16.8236 0
      vertex 20.8652 -16.8236 4
    endloop
  endfacet
  facet normal 0.412616 -0.910905 0
    outer loop
      vertex 16.2181 -14.718 0
      vertex 16.4148 -14.6289 4
      vertex 16.2181 -14.718 4
    endloop
  endfacet
  facet normal 0.412616 -0.910905 0
    outer loop
      vertex 16.4148 -14.6289 4
      vertex 16.2181 -14.718 0
      vertex 16.4148 -14.6289 0
    endloop
  endfacet
  facet normal 0.634246 -0.773132 0
    outer loop
      vertex 15.5018 -15.1966 0
      vertex 15.6688 -15.0596 4
      vertex 15.5018 -15.1966 4
    endloop
  endfacet
  facet normal 0.634246 -0.773132 0
    outer loop
      vertex 15.6688 -15.0596 4
      vertex 15.5018 -15.1966 0
      vertex 15.6688 -15.0596 0
    endloop
  endfacet
  facet normal -0.162972 -0.986631 0
    outer loop
      vertex 18.1084 -14.4059 0
      vertex 18.3215 -14.4411 4
      vertex 18.1084 -14.4059 4
    endloop
  endfacet
  facet normal -0.162972 -0.986631 -0
    outer loop
      vertex 18.3215 -14.4411 4
      vertex 18.1084 -14.4059 0
      vertex 18.3215 -14.4411 0
    endloop
  endfacet
  facet normal -0.226922 -0.973913 0
    outer loop
      vertex 18.3215 -14.4411 0
      vertex 18.5318 -14.4901 4
      vertex 18.3215 -14.4411 4
    endloop
  endfacet
  facet normal -0.226922 -0.973913 -0
    outer loop
      vertex 18.5318 -14.4901 4
      vertex 18.3215 -14.4411 0
      vertex 18.5318 -14.4901 0
    endloop
  endfacet
  facet normal -0.098174 -0.995169 0
    outer loop
      vertex 17.8935 -14.3847 0
      vertex 18.1084 -14.4059 4
      vertex 17.8935 -14.3847 4
    endloop
  endfacet
  facet normal -0.098174 -0.995169 -0
    outer loop
      vertex 18.1084 -14.4059 4
      vertex 17.8935 -14.3847 0
      vertex 18.1084 -14.4059 0
    endloop
  endfacet
  facet normal -0.412616 -0.910905 0
    outer loop
      vertex 18.9405 -14.6289 0
      vertex 19.1372 -14.718 4
      vertex 18.9405 -14.6289 4
    endloop
  endfacet
  facet normal -0.412616 -0.910905 -0
    outer loop
      vertex 19.1372 -14.718 4
      vertex 18.9405 -14.6289 0
      vertex 19.1372 -14.718 0
    endloop
  endfacet
  facet normal -0.471309 -0.881968 0
    outer loop
      vertex 19.1372 -14.718 0
      vertex 19.3277 -14.8198 4
      vertex 19.1372 -14.718 4
    endloop
  endfacet
  facet normal -0.471309 -0.881968 -0
    outer loop
      vertex 19.3277 -14.8198 4
      vertex 19.1372 -14.718 0
      vertex 19.3277 -14.8198 0
    endloop
  endfacet
  facet normal -0.683571 -0.729884 0
    outer loop
      vertex 19.8535 -15.1966 0
      vertex 20.0111 -15.3442 4
      vertex 19.8535 -15.1966 4
    endloop
  endfacet
  facet normal -0.683571 -0.729884 -0
    outer loop
      vertex 20.0111 -15.3442 4
      vertex 19.8535 -15.1966 0
      vertex 20.0111 -15.3442 0
    endloop
  endfacet
  facet normal -0.683571 0.729884 0
    outer loop
      vertex 20.0111 -20.0111 0
      vertex 19.8535 -20.1587 4
      vertex 20.0111 -20.0111 4
    endloop
  endfacet
  facet normal -0.683571 0.729884 0
    outer loop
      vertex 19.8535 -20.1587 4
      vertex 20.0111 -20.0111 0
      vertex 19.8535 -20.1587 0
    endloop
  endfacet
  facet normal 0.683571 0.729884 -0
    outer loop
      vertex 15.5018 -20.1587 0
      vertex 15.3442 -20.0111 4
      vertex 15.5018 -20.1587 4
    endloop
  endfacet
  facet normal 0.683571 0.729884 0
    outer loop
      vertex 15.3442 -20.0111 4
      vertex 15.5018 -20.1587 0
      vertex 15.3442 -20.0111 0
    endloop
  endfacet
  facet normal 0.351986 0.936005 -0
    outer loop
      vertex 16.6169 -20.8025 0
      vertex 16.4148 -20.7265 4
      vertex 16.6169 -20.8025 4
    endloop
  endfacet
  facet normal 0.351986 0.936005 0
    outer loop
      vertex 16.4148 -20.7265 4
      vertex 16.6169 -20.8025 0
      vertex 16.4148 -20.7265 0
    endloop
  endfacet
  facet normal 0.413 0.910731 -0
    outer loop
      vertex 16.4148 -20.7265 0
      vertex 16.2181 -20.6373 4
      vertex 16.4148 -20.7265 4
    endloop
  endfacet
  facet normal 0.413 0.910731 0
    outer loop
      vertex 16.2181 -20.6373 4
      vertex 16.4148 -20.7265 0
      vertex 16.2181 -20.6373 0
    endloop
  endfacet
  facet normal 0.0328678 0.99946 -0
    outer loop
      vertex 17.6777 -20.9777 0
      vertex 17.4618 -20.9706 4
      vertex 17.6777 -20.9777 4
    endloop
  endfacet
  facet normal 0.0328678 0.99946 0
    outer loop
      vertex 17.4618 -20.9706 4
      vertex 17.6777 -20.9777 0
      vertex 17.4618 -20.9706 0
    endloop
  endfacet
  facet normal 0.290277 0.956943 -0
    outer loop
      vertex 16.8236 -20.8652 0
      vertex 16.6169 -20.8025 4
      vertex 16.8236 -20.8652 4
    endloop
  endfacet
  facet normal 0.290277 0.956943 0
    outer loop
      vertex 16.6169 -20.8025 4
      vertex 16.8236 -20.8652 0
      vertex 16.6169 -20.8025 0
    endloop
  endfacet
  facet normal 0.162596 0.986693 -0
    outer loop
      vertex 17.2469 -20.9494 0
      vertex 17.0339 -20.9143 4
      vertex 17.2469 -20.9494 4
    endloop
  endfacet
  facet normal 0.162596 0.986693 0
    outer loop
      vertex 17.0339 -20.9143 4
      vertex 17.2469 -20.9494 0
      vertex 17.0339 -20.9143 0
    endloop
  endfacet
  facet normal -0.227361 0.97381 0
    outer loop
      vertex 18.5318 -20.8652 0
      vertex 18.3215 -20.9143 4
      vertex 18.5318 -20.8652 4
    endloop
  endfacet
  facet normal -0.227361 0.97381 0
    outer loop
      vertex 18.3215 -20.9143 4
      vertex 18.5318 -20.8652 0
      vertex 18.3215 -20.9143 0
    endloop
  endfacet
  facet normal -0.098174 0.995169 0
    outer loop
      vertex 18.1084 -20.9494 0
      vertex 17.8935 -20.9706 4
      vertex 18.1084 -20.9494 4
    endloop
  endfacet
  facet normal -0.098174 0.995169 0
    outer loop
      vertex 17.8935 -20.9706 4
      vertex 18.1084 -20.9494 0
      vertex 17.8935 -20.9706 0
    endloop
  endfacet
  facet normal -0.162522 0.986705 0
    outer loop
      vertex 18.3215 -20.9143 0
      vertex 18.1084 -20.9494 4
      vertex 18.3215 -20.9143 4
    endloop
  endfacet
  facet normal -0.162522 0.986705 0
    outer loop
      vertex 18.1084 -20.9494 4
      vertex 18.3215 -20.9143 0
      vertex 18.1084 -20.9494 0
    endloop
  endfacet
  facet normal -0.351986 0.936005 0
    outer loop
      vertex 18.9405 -20.7265 0
      vertex 18.7384 -20.8025 4
      vertex 18.9405 -20.7265 4
    endloop
  endfacet
  facet normal -0.351986 0.936005 0
    outer loop
      vertex 18.7384 -20.8025 4
      vertex 18.9405 -20.7265 0
      vertex 18.7384 -20.8025 0
    endloop
  endfacet
  facet normal -0.634473 0.772945 0
    outer loop
      vertex 19.8535 -20.1587 0
      vertex 19.6866 -20.2957 4
      vertex 19.8535 -20.1587 4
    endloop
  endfacet
  facet normal -0.634473 0.772945 0
    outer loop
      vertex 19.6866 -20.2957 4
      vertex 19.8535 -20.1587 0
      vertex 19.6866 -20.2957 0
    endloop
  endfacet
  facet normal 0.973913 0.226922 0
    outer loop
      vertex 14.4901 -18.5318 4
      vertex 14.4411 -18.3215 0
      vertex 14.4411 -18.3215 4
    endloop
  endfacet
  facet normal 0.973913 0.226922 0
    outer loop
      vertex 14.4411 -18.3215 0
      vertex 14.4901 -18.5318 4
      vertex 14.4901 -18.5318 0
    endloop
  endfacet
  facet normal 0.935853 0.352392 0
    outer loop
      vertex 14.6289 -18.9405 4
      vertex 14.5528 -18.7384 0
      vertex 14.5528 -18.7384 4
    endloop
  endfacet
  facet normal 0.935853 0.352392 0
    outer loop
      vertex 14.5528 -18.7384 0
      vertex 14.6289 -18.9405 4
      vertex 14.6289 -18.9405 0
    endloop
  endfacet
  facet normal 0.956904 0.290406 0
    outer loop
      vertex 14.5528 -18.7384 4
      vertex 14.4901 -18.5318 0
      vertex 14.4901 -18.5318 4
    endloop
  endfacet
  facet normal 0.956904 0.290406 0
    outer loop
      vertex 14.4901 -18.5318 0
      vertex 14.5528 -18.7384 4
      vertex 14.5528 -18.7384 0
    endloop
  endfacet
  facet normal 0.849297 0.527916 0
    outer loop
      vertex 14.9338 -19.5111 4
      vertex 14.8198 -19.3277 0
      vertex 14.8198 -19.3277 4
    endloop
  endfacet
  facet normal 0.849297 0.527916 0
    outer loop
      vertex 14.8198 -19.3277 0
      vertex 14.9338 -19.5111 4
      vertex 14.9338 -19.5111 0
    endloop
  endfacet
  facet normal 0.881968 0.471309 0
    outer loop
      vertex 14.8198 -19.3277 4
      vertex 14.718 -19.1372 0
      vertex 14.718 -19.1372 4
    endloop
  endfacet
  facet normal 0.881968 0.471309 0
    outer loop
      vertex 14.718 -19.1372 0
      vertex 14.8198 -19.3277 4
      vertex 14.8198 -19.3277 0
    endloop
  endfacet
  facet normal 0.772945 0.634473 0
    outer loop
      vertex 15.1966 -19.8535 4
      vertex 15.0596 -19.6866 0
      vertex 15.0596 -19.6866 4
    endloop
  endfacet
  facet normal 0.772945 0.634473 0
    outer loop
      vertex 15.0596 -19.6866 0
      vertex 15.1966 -19.8535 4
      vertex 15.1966 -19.8535 0
    endloop
  endfacet
  facet normal 0.956943 -0.290277 0
    outer loop
      vertex 14.4901 -16.8236 4
      vertex 14.5528 -16.6169 0
      vertex 14.5528 -16.6169 4
    endloop
  endfacet
  facet normal 0.956943 -0.290277 0
    outer loop
      vertex 14.5528 -16.6169 0
      vertex 14.4901 -16.8236 4
      vertex 14.4901 -16.8236 0
    endloop
  endfacet
  facet normal 0.986618 -0.163047 0
    outer loop
      vertex 14.4059 -17.2469 4
      vertex 14.4411 -17.0339 0
      vertex 14.4411 -17.0339 4
    endloop
  endfacet
  facet normal 0.986618 -0.163047 0
    outer loop
      vertex 14.4411 -17.0339 0
      vertex 14.4059 -17.2469 4
      vertex 14.4059 -17.2469 0
    endloop
  endfacet
  facet normal 0.910905 -0.412616 0
    outer loop
      vertex 14.6289 -16.4148 4
      vertex 14.718 -16.2181 0
      vertex 14.718 -16.2181 4
    endloop
  endfacet
  facet normal 0.910905 -0.412616 0
    outer loop
      vertex 14.718 -16.2181 0
      vertex 14.6289 -16.4148 4
      vertex 14.6289 -16.4148 0
    endloop
  endfacet
  facet normal 0.729884 -0.683571 0
    outer loop
      vertex 15.1966 -15.5018 4
      vertex 15.3442 -15.3442 0
      vertex 15.3442 -15.3442 4
    endloop
  endfacet
  facet normal 0.729884 -0.683571 0
    outer loop
      vertex 15.3442 -15.3442 0
      vertex 15.1966 -15.5018 4
      vertex 15.1966 -15.5018 0
    endloop
  endfacet
  facet normal -0.849089 0.52825 0
    outer loop
      vertex 20.4215 -19.5111 0
      vertex 20.5356 -19.3277 4
      vertex 20.5356 -19.3277 0
    endloop
  endfacet
  facet normal -0.849089 0.52825 0
    outer loop
      vertex 20.5356 -19.3277 4
      vertex 20.4215 -19.5111 0
      vertex 20.4215 -19.5111 4
    endloop
  endfacet
  facet normal -0.910731 -0.413 0
    outer loop
      vertex 20.7265 -16.4148 0
      vertex 20.6373 -16.2181 4
      vertex 20.6373 -16.2181 0
    endloop
  endfacet
  facet normal -0.910731 -0.413 0
    outer loop
      vertex 20.6373 -16.2181 4
      vertex 20.7265 -16.4148 0
      vertex 20.7265 -16.4148 4
    endloop
  endfacet
  facet normal 0.163047 -0.986618 0
    outer loop
      vertex 17.0339 -14.4411 0
      vertex 17.2469 -14.4059 4
      vertex 17.0339 -14.4411 4
    endloop
  endfacet
  facet normal 0.163047 -0.986618 0
    outer loop
      vertex 17.2469 -14.4059 4
      vertex 17.0339 -14.4411 0
      vertex 17.2469 -14.4059 0
    endloop
  endfacet
  facet normal 0.634246 0.773132 -0
    outer loop
      vertex 15.6688 -20.2957 0
      vertex 15.5018 -20.1587 4
      vertex 15.6688 -20.2957 4
    endloop
  endfacet
  facet normal 0.634246 0.773132 0
    outer loop
      vertex 15.5018 -20.1587 4
      vertex 15.6688 -20.2957 0
      vertex 15.5018 -20.1587 0
    endloop
  endfacet
  facet normal 0.52825 0.849089 -0
    outer loop
      vertex 16.0277 -20.5356 0
      vertex 15.8443 -20.4215 4
      vertex 16.0277 -20.5356 4
    endloop
  endfacet
  facet normal 0.52825 0.849089 0
    outer loop
      vertex 15.8443 -20.4215 4
      vertex 16.0277 -20.5356 0
      vertex 15.8443 -20.4215 0
    endloop
  endfacet
  facet normal 0.227361 0.97381 -0
    outer loop
      vertex 17.0339 -20.9143 0
      vertex 16.8236 -20.8652 4
      vertex 17.0339 -20.9143 4
    endloop
  endfacet
  facet normal 0.227361 0.97381 0
    outer loop
      vertex 16.8236 -20.8652 4
      vertex 17.0339 -20.9143 0
      vertex 16.8236 -20.8652 0
    endloop
  endfacet
  facet normal -0.52825 0.849089 0
    outer loop
      vertex 19.5111 -20.4215 0
      vertex 19.3277 -20.5356 4
      vertex 19.5111 -20.4215 4
    endloop
  endfacet
  facet normal -0.52825 0.849089 0
    outer loop
      vertex 19.3277 -20.5356 4
      vertex 19.5111 -20.4215 0
      vertex 19.3277 -20.5356 0
    endloop
  endfacet
  facet normal 0.986631 0.162972 0
    outer loop
      vertex 14.4411 -18.3215 4
      vertex 14.4059 -18.1084 0
      vertex 14.4059 -18.1084 4
    endloop
  endfacet
  facet normal 0.986631 0.162972 0
    outer loop
      vertex 14.4059 -18.1084 0
      vertex 14.4411 -18.3215 4
      vertex 14.4411 -18.3215 0
    endloop
  endfacet
  facet normal 0.729884 0.683571 0
    outer loop
      vertex 15.3442 -20.0111 4
      vertex 15.1966 -19.8535 0
      vertex 15.1966 -19.8535 4
    endloop
  endfacet
  facet normal 0.729884 0.683571 0
    outer loop
      vertex 15.1966 -19.8535 0
      vertex 15.3442 -20.0111 4
      vertex 15.3442 -20.0111 0
    endloop
  endfacet
  facet normal -0.582595 0.812762 0
    outer loop
      vertex 19.6866 -20.2957 0
      vertex 19.5111 -20.4215 4
      vertex 19.6866 -20.2957 4
    endloop
  endfacet
  facet normal -0.582595 0.812762 0
    outer loop
      vertex 19.5111 -20.4215 4
      vertex 19.6866 -20.2957 0
      vertex 19.5111 -20.4215 0
    endloop
  endfacet
  facet normal -0.999459 -0.0328785 0
    outer loop
      vertex 28.3 0 0
      vertex 28.2929 0.21583 4
      vertex 28.2929 0.21583 0
    endloop
  endfacet
  facet normal -0.999459 -0.0328785 0
    outer loop
      vertex 28.2929 0.21583 4
      vertex 28.3 0 0
      vertex 28.3 0 4
    endloop
  endfacet
  facet normal 0.999459 -0.0328785 0
    outer loop
      vertex 21.7 0 4
      vertex 21.7071 0.21583 0
      vertex 21.7071 0.21583 4
    endloop
  endfacet
  facet normal 0.999459 -0.0328785 0
    outer loop
      vertex 21.7071 0.21583 0
      vertex 21.7 0 4
      vertex 21.7 0 0
    endloop
  endfacet
  facet normal 0.0327442 -0.999464 0
    outer loop
      vertex 24.7842 3.29293 0
      vertex 25 3.3 4
      vertex 24.7842 3.29293 4
    endloop
  endfacet
  facet normal 0.0327442 -0.999464 0
    outer loop
      vertex 25 3.3 4
      vertex 24.7842 3.29293 0
      vertex 25 3.3 0
    endloop
  endfacet
  facet normal -0.0327442 0.999464 0
    outer loop
      vertex 25.2158 -3.29293 0
      vertex 25 -3.3 4
      vertex 25.2158 -3.29293 4
    endloop
  endfacet
  facet normal -0.0327442 0.999464 0
    outer loop
      vertex 25 -3.3 4
      vertex 25.2158 -3.29293 0
      vertex 25 -3.3 0
    endloop
  endfacet
  facet normal -0.68339 -0.730054 0
    outer loop
      vertex 27.1758 2.48107 0
      vertex 27.3335 2.33345 4
      vertex 27.1758 2.48107 4
    endloop
  endfacet
  facet normal -0.68339 -0.730054 -0
    outer loop
      vertex 27.3335 2.33345 4
      vertex 27.1758 2.48107 0
      vertex 27.3335 2.33345 0
    endloop
  endfacet
  facet normal 0.68339 -0.730054 0
    outer loop
      vertex 22.6665 2.33345 0
      vertex 22.8242 2.48107 4
      vertex 22.6665 2.33345 4
    endloop
  endfacet
  facet normal 0.68339 -0.730054 0
    outer loop
      vertex 22.8242 2.48107 4
      vertex 22.6665 2.33345 0
      vertex 22.8242 2.48107 0
    endloop
  endfacet
  facet normal 0.35227 -0.935898 0
    outer loop
      vertex 23.7371 3.0488 0
      vertex 23.9392 3.12487 4
      vertex 23.7371 3.0488 4
    endloop
  endfacet
  facet normal 0.35227 -0.935898 0
    outer loop
      vertex 23.9392 3.12487 4
      vertex 23.7371 3.0488 0
      vertex 23.9392 3.12487 0
    endloop
  endfacet
  facet normal -0.910905 -0.412616 0
    outer loop
      vertex 28.0488 1.26285 0
      vertex 27.9597 1.45955 4
      vertex 27.9597 1.45955 0
    endloop
  endfacet
  facet normal -0.910905 -0.412616 0
    outer loop
      vertex 27.9597 1.45955 4
      vertex 28.0488 1.26285 0
      vertex 28.0488 1.26285 4
    endloop
  endfacet
  facet normal -0.352117 -0.935956 0
    outer loop
      vertex 26.0607 3.12487 0
      vertex 26.2629 3.0488 4
      vertex 26.0607 3.12487 4
    endloop
  endfacet
  facet normal -0.352117 -0.935956 -0
    outer loop
      vertex 26.2629 3.0488 4
      vertex 26.0607 3.12487 0
      vertex 26.2629 3.0488 0
    endloop
  endfacet
  facet normal -0.582534 -0.812806 0
    outer loop
      vertex 26.8334 2.74385 0
      vertex 27.0089 2.61807 4
      vertex 26.8334 2.74385 4
    endloop
  endfacet
  facet normal -0.582534 -0.812806 -0
    outer loop
      vertex 27.0089 2.61807 4
      vertex 26.8334 2.74385 0
      vertex 27.0089 2.61807 0
    endloop
  endfacet
  facet normal 0.849271 -0.527958 0
    outer loop
      vertex 22.1421 1.65 4
      vertex 22.2561 1.83338 0
      vertex 22.2561 1.83338 4
    endloop
  endfacet
  facet normal 0.849271 -0.527958 0
    outer loop
      vertex 22.2561 1.83338 0
      vertex 22.1421 1.65 4
      vertex 22.1421 1.65 0
    endloop
  endfacet
  facet normal 0.812809 -0.58253 0
    outer loop
      vertex 22.2561 1.83338 4
      vertex 22.3819 2.00891 0
      vertex 22.3819 2.00891 4
    endloop
  endfacet
  facet normal 0.812809 -0.58253 0
    outer loop
      vertex 22.3819 2.00891 0
      vertex 22.2561 1.83338 4
      vertex 22.2561 1.83338 0
    endloop
  endfacet
  facet normal 0.162882 -0.986646 0
    outer loop
      vertex 24.3562 3.23659 0
      vertex 24.5693 3.27177 4
      vertex 24.3562 3.23659 4
    endloop
  endfacet
  facet normal 0.162882 -0.986646 0
    outer loop
      vertex 24.5693 3.27177 4
      vertex 24.3562 3.23659 0
      vertex 24.5693 3.27177 0
    endloop
  endfacet
  facet normal -0.973914 0.226918 0
    outer loop
      vertex 28.1876 -0.854102 0
      vertex 28.2366 -0.643798 4
      vertex 28.2366 -0.643798 0
    endloop
  endfacet
  facet normal -0.973914 0.226918 0
    outer loop
      vertex 28.2366 -0.643798 4
      vertex 28.1876 -0.854102 0
      vertex 28.1876 -0.854102 4
    endloop
  endfacet
  facet normal -0.973914 -0.226918 0
    outer loop
      vertex 28.2366 0.643798 0
      vertex 28.1876 0.854102 4
      vertex 28.1876 0.854102 0
    endloop
  endfacet
  facet normal -0.973914 -0.226918 0
    outer loop
      vertex 28.1876 0.854102 4
      vertex 28.2366 0.643798 0
      vertex 28.2366 0.643798 4
    endloop
  endfacet
  facet normal -0.956922 -0.290344 0
    outer loop
      vertex 28.1876 0.854102 0
      vertex 28.1249 1.06075 4
      vertex 28.1249 1.06075 0
    endloop
  endfacet
  facet normal -0.956922 -0.290344 0
    outer loop
      vertex 28.1249 1.06075 4
      vertex 28.1876 0.854102 0
      vertex 28.1876 0.854102 4
    endloop
  endfacet
  facet normal -0.881917 -0.471405 0
    outer loop
      vertex 27.9597 1.45955 0
      vertex 27.8579 1.65 4
      vertex 27.8579 1.65 0
    endloop
  endfacet
  facet normal -0.881917 -0.471405 0
    outer loop
      vertex 27.8579 1.65 4
      vertex 27.9597 1.45955 0
      vertex 27.9597 1.45955 4
    endloop
  endfacet
  facet normal -0.162882 -0.986646 0
    outer loop
      vertex 25.4307 3.27177 0
      vertex 25.6438 3.23659 4
      vertex 25.4307 3.27177 4
    endloop
  endfacet
  facet normal -0.162882 -0.986646 -0
    outer loop
      vertex 25.6438 3.23659 4
      vertex 25.4307 3.27177 0
      vertex 25.6438 3.23659 0
    endloop
  endfacet
  facet normal -0.0979905 -0.995187 0
    outer loop
      vertex 25.2158 3.29293 0
      vertex 25.4307 3.27177 4
      vertex 25.2158 3.29293 4
    endloop
  endfacet
  facet normal -0.0979905 -0.995187 -0
    outer loop
      vertex 25.4307 3.27177 4
      vertex 25.2158 3.29293 0
      vertex 25.4307 3.27177 0
    endloop
  endfacet
  facet normal -0.634473 -0.772945 0
    outer loop
      vertex 27.0089 2.61807 0
      vertex 27.1758 2.48107 4
      vertex 27.0089 2.61807 4
    endloop
  endfacet
  facet normal -0.634473 -0.772945 -0
    outer loop
      vertex 27.1758 2.48107 4
      vertex 27.0089 2.61807 0
      vertex 27.1758 2.48107 0
    endloop
  endfacet
  facet normal 0.956922 -0.290344 0
    outer loop
      vertex 21.8124 0.854102 4
      vertex 21.8751 1.06075 0
      vertex 21.8751 1.06075 4
    endloop
  endfacet
  facet normal 0.956922 -0.290344 0
    outer loop
      vertex 21.8751 1.06075 0
      vertex 21.8124 0.854102 4
      vertex 21.8124 0.854102 0
    endloop
  endfacet
  facet normal 0.471501 -0.881865 0
    outer loop
      vertex 23.35 2.85788 0
      vertex 23.5404 2.95968 4
      vertex 23.35 2.85788 4
    endloop
  endfacet
  facet normal 0.471501 -0.881865 0
    outer loop
      vertex 23.5404 2.95968 4
      vertex 23.35 2.85788 0
      vertex 23.5404 2.95968 0
    endloop
  endfacet
  facet normal 0.528016 -0.849234 0
    outer loop
      vertex 23.1666 2.74385 0
      vertex 23.35 2.85788 4
      vertex 23.1666 2.74385 4
    endloop
  endfacet
  facet normal 0.528016 -0.849234 0
    outer loop
      vertex 23.35 2.85788 4
      vertex 23.1666 2.74385 0
      vertex 23.35 2.85788 0
    endloop
  endfacet
  facet normal 0.582534 -0.812806 0
    outer loop
      vertex 22.9911 2.61807 0
      vertex 23.1666 2.74385 4
      vertex 22.9911 2.61807 4
    endloop
  endfacet
  facet normal 0.582534 -0.812806 0
    outer loop
      vertex 23.1666 2.74385 4
      vertex 22.9911 2.61807 0
      vertex 23.1666 2.74385 0
    endloop
  endfacet
  facet normal 0.290192 -0.956968 0
    outer loop
      vertex 23.9392 3.12487 0
      vertex 24.1459 3.18755 4
      vertex 23.9392 3.12487 4
    endloop
  endfacet
  facet normal 0.290192 -0.956968 0
    outer loop
      vertex 24.1459 3.18755 4
      vertex 23.9392 3.12487 0
      vertex 24.1459 3.18755 0
    endloop
  endfacet
  facet normal 0.0979905 -0.995187 0
    outer loop
      vertex 24.5693 3.27177 0
      vertex 24.7842 3.29293 4
      vertex 24.5693 3.27177 4
    endloop
  endfacet
  facet normal 0.0979905 -0.995187 0
    outer loop
      vertex 24.7842 3.29293 4
      vertex 24.5693 3.27177 0
      vertex 24.7842 3.29293 0
    endloop
  endfacet
  facet normal -0.729905 0.683548 0
    outer loop
      vertex 27.3335 -2.33345 0
      vertex 27.4811 -2.17584 4
      vertex 27.4811 -2.17584 0
    endloop
  endfacet
  facet normal -0.729905 0.683548 0
    outer loop
      vertex 27.4811 -2.17584 4
      vertex 27.3335 -2.33345 0
      vertex 27.3335 -2.33345 4
    endloop
  endfacet
  facet normal -0.412693 0.91087 0
    outer loop
      vertex 26.4596 -2.95968 0
      vertex 26.2629 -3.0488 4
      vertex 26.4596 -2.95968 4
    endloop
  endfacet
  facet normal -0.412693 0.91087 0
    outer loop
      vertex 26.2629 -3.0488 4
      vertex 26.4596 -2.95968 0
      vertex 26.2629 -3.0488 0
    endloop
  endfacet
  facet normal -0.986626 -0.163001 0
    outer loop
      vertex 28.2718 0.430736 0
      vertex 28.2366 0.643798 4
      vertex 28.2366 0.643798 0
    endloop
  endfacet
  facet normal -0.986626 -0.163001 0
    outer loop
      vertex 28.2366 0.643798 4
      vertex 28.2718 0.430736 0
      vertex 28.2718 0.430736 4
    endloop
  endfacet
  facet normal -0.995215 -0.0977126 0
    outer loop
      vertex 28.2929 0.21583 0
      vertex 28.2718 0.430736 4
      vertex 28.2718 0.430736 0
    endloop
  endfacet
  facet normal -0.995215 -0.0977126 0
    outer loop
      vertex 28.2718 0.430736 4
      vertex 28.2929 0.21583 0
      vertex 28.2929 0.21583 4
    endloop
  endfacet
  facet normal -0.935853 -0.352392 0
    outer loop
      vertex 28.1249 1.06075 0
      vertex 28.0488 1.26285 4
      vertex 28.0488 1.26285 0
    endloop
  endfacet
  facet normal -0.935853 -0.352392 0
    outer loop
      vertex 28.0488 1.26285 4
      vertex 28.1249 1.06075 0
      vertex 28.1249 1.06075 4
    endloop
  endfacet
  facet normal -0.773001 -0.634405 0
    outer loop
      vertex 27.6181 2.00891 0
      vertex 27.4811 2.17584 4
      vertex 27.4811 2.17584 0
    endloop
  endfacet
  facet normal -0.773001 -0.634405 0
    outer loop
      vertex 27.4811 2.17584 4
      vertex 27.6181 2.00891 0
      vertex 27.6181 2.00891 4
    endloop
  endfacet
  facet normal -0.729905 -0.683548 0
    outer loop
      vertex 27.4811 2.17584 0
      vertex 27.3335 2.33345 4
      vertex 27.3335 2.33345 0
    endloop
  endfacet
  facet normal -0.729905 -0.683548 0
    outer loop
      vertex 27.3335 2.33345 4
      vertex 27.4811 2.17584 0
      vertex 27.4811 2.17584 4
    endloop
  endfacet
  facet normal -0.813029 -0.582224 0
    outer loop
      vertex 27.7438 1.83338 0
      vertex 27.6181 2.00891 4
      vertex 27.6181 2.00891 0
    endloop
  endfacet
  facet normal -0.813029 -0.582224 0
    outer loop
      vertex 27.6181 2.00891 4
      vertex 27.7438 1.83338 0
      vertex 27.7438 1.83338 4
    endloop
  endfacet
  facet normal -0.227098 -0.973872 0
    outer loop
      vertex 25.6438 3.23659 0
      vertex 25.8541 3.18755 4
      vertex 25.6438 3.23659 4
    endloop
  endfacet
  facet normal -0.227098 -0.973872 -0
    outer loop
      vertex 25.8541 3.18755 4
      vertex 25.6438 3.23659 0
      vertex 25.8541 3.18755 0
    endloop
  endfacet
  facet normal -0.0327442 -0.999464 0
    outer loop
      vertex 25 3.3 0
      vertex 25.2158 3.29293 4
      vertex 25 3.3 4
    endloop
  endfacet
  facet normal -0.0327442 -0.999464 -0
    outer loop
      vertex 25.2158 3.29293 4
      vertex 25 3.3 0
      vertex 25.2158 3.29293 0
    endloop
  endfacet
  facet normal -0.471501 -0.881865 0
    outer loop
      vertex 26.4596 2.95968 0
      vertex 26.65 2.85788 4
      vertex 26.4596 2.95968 4
    endloop
  endfacet
  facet normal -0.471501 -0.881865 -0
    outer loop
      vertex 26.65 2.85788 4
      vertex 26.4596 2.95968 0
      vertex 26.65 2.85788 0
    endloop
  endfacet
  facet normal -0.412693 -0.91087 0
    outer loop
      vertex 26.2629 3.0488 0
      vertex 26.4596 2.95968 4
      vertex 26.2629 3.0488 4
    endloop
  endfacet
  facet normal -0.412693 -0.91087 -0
    outer loop
      vertex 26.4596 2.95968 4
      vertex 26.2629 3.0488 0
      vertex 26.4596 2.95968 0
    endloop
  endfacet
  facet normal -0.528016 -0.849234 0
    outer loop
      vertex 26.65 2.85788 0
      vertex 26.8334 2.74385 4
      vertex 26.65 2.85788 4
    endloop
  endfacet
  facet normal -0.528016 -0.849234 -0
    outer loop
      vertex 26.8334 2.74385 4
      vertex 26.65 2.85788 0
      vertex 26.8334 2.74385 0
    endloop
  endfacet
  facet normal 0.729905 -0.683548 0
    outer loop
      vertex 22.5189 2.17584 4
      vertex 22.6665 2.33345 0
      vertex 22.6665 2.33345 4
    endloop
  endfacet
  facet normal 0.729905 -0.683548 0
    outer loop
      vertex 22.6665 2.33345 0
      vertex 22.5189 2.17584 4
      vertex 22.5189 2.17584 0
    endloop
  endfacet
  facet normal 0.773001 -0.634405 0
    outer loop
      vertex 22.3819 2.00891 4
      vertex 22.5189 2.17584 0
      vertex 22.5189 2.17584 4
    endloop
  endfacet
  facet normal 0.773001 -0.634405 0
    outer loop
      vertex 22.5189 2.17584 0
      vertex 22.3819 2.00891 4
      vertex 22.3819 2.00891 0
    endloop
  endfacet
  facet normal 0.910905 -0.412616 0
    outer loop
      vertex 21.9512 1.26285 4
      vertex 22.0403 1.45955 0
      vertex 22.0403 1.45955 4
    endloop
  endfacet
  facet normal 0.910905 -0.412616 0
    outer loop
      vertex 22.0403 1.45955 0
      vertex 21.9512 1.26285 4
      vertex 21.9512 1.26285 0
    endloop
  endfacet
  facet normal 0.881917 -0.471405 0
    outer loop
      vertex 22.0403 1.45955 4
      vertex 22.1421 1.65 0
      vertex 22.1421 1.65 4
    endloop
  endfacet
  facet normal 0.881917 -0.471405 0
    outer loop
      vertex 22.1421 1.65 0
      vertex 22.0403 1.45955 4
      vertex 22.0403 1.45955 0
    endloop
  endfacet
  facet normal 0.935853 -0.352392 0
    outer loop
      vertex 21.8751 1.06075 4
      vertex 21.9512 1.26285 0
      vertex 21.9512 1.26285 4
    endloop
  endfacet
  facet normal 0.935853 -0.352392 0
    outer loop
      vertex 21.9512 1.26285 0
      vertex 21.8751 1.06075 4
      vertex 21.8751 1.06075 0
    endloop
  endfacet
  facet normal 0.973914 -0.226918 0
    outer loop
      vertex 21.7634 0.643798 4
      vertex 21.8124 0.854102 0
      vertex 21.8124 0.854102 4
    endloop
  endfacet
  facet normal 0.973914 -0.226918 0
    outer loop
      vertex 21.8124 0.854102 0
      vertex 21.7634 0.643798 4
      vertex 21.7634 0.643798 0
    endloop
  endfacet
  facet normal 0.986626 -0.163001 0
    outer loop
      vertex 21.7282 0.430736 4
      vertex 21.7634 0.643798 0
      vertex 21.7634 0.643798 4
    endloop
  endfacet
  facet normal 0.986626 -0.163001 0
    outer loop
      vertex 21.7634 0.643798 0
      vertex 21.7282 0.430736 4
      vertex 21.7282 0.430736 0
    endloop
  endfacet
  facet normal 0.995215 -0.0977126 0
    outer loop
      vertex 21.7071 0.21583 4
      vertex 21.7282 0.430736 0
      vertex 21.7282 0.430736 4
    endloop
  endfacet
  facet normal 0.995215 -0.0977126 0
    outer loop
      vertex 21.7282 0.430736 0
      vertex 21.7071 0.21583 4
      vertex 21.7071 0.21583 0
    endloop
  endfacet
  facet normal 0.227098 -0.973872 0
    outer loop
      vertex 24.1459 3.18755 0
      vertex 24.3562 3.23659 4
      vertex 24.1459 3.18755 4
    endloop
  endfacet
  facet normal 0.227098 -0.973872 0
    outer loop
      vertex 24.3562 3.23659 4
      vertex 24.1459 3.18755 0
      vertex 24.3562 3.23659 0
    endloop
  endfacet
  facet normal -0.956922 0.290344 0
    outer loop
      vertex 28.1249 -1.06075 0
      vertex 28.1876 -0.854102 4
      vertex 28.1876 -0.854102 0
    endloop
  endfacet
  facet normal -0.956922 0.290344 0
    outer loop
      vertex 28.1876 -0.854102 4
      vertex 28.1249 -1.06075 0
      vertex 28.1249 -1.06075 4
    endloop
  endfacet
  facet normal -0.986626 0.163001 0
    outer loop
      vertex 28.2366 -0.643798 0
      vertex 28.2718 -0.430736 4
      vertex 28.2718 -0.430736 0
    endloop
  endfacet
  facet normal -0.986626 0.163001 0
    outer loop
      vertex 28.2718 -0.430736 4
      vertex 28.2366 -0.643798 0
      vertex 28.2366 -0.643798 4
    endloop
  endfacet
  facet normal -0.995215 0.0977126 0
    outer loop
      vertex 28.2718 -0.430736 0
      vertex 28.2929 -0.21583 4
      vertex 28.2929 -0.21583 0
    endloop
  endfacet
  facet normal -0.995215 0.0977126 0
    outer loop
      vertex 28.2929 -0.21583 4
      vertex 28.2718 -0.430736 0
      vertex 28.2718 -0.430736 4
    endloop
  endfacet
  facet normal -0.773001 0.634405 0
    outer loop
      vertex 27.4811 -2.17584 0
      vertex 27.6181 -2.00891 4
      vertex 27.6181 -2.00891 0
    endloop
  endfacet
  facet normal -0.773001 0.634405 0
    outer loop
      vertex 27.6181 -2.00891 4
      vertex 27.4811 -2.17584 0
      vertex 27.4811 -2.17584 4
    endloop
  endfacet
  facet normal 0.773001 0.634405 0
    outer loop
      vertex 22.5189 -2.17584 4
      vertex 22.3819 -2.00891 0
      vertex 22.3819 -2.00891 4
    endloop
  endfacet
  facet normal 0.773001 0.634405 0
    outer loop
      vertex 22.3819 -2.00891 0
      vertex 22.5189 -2.17584 4
      vertex 22.5189 -2.17584 0
    endloop
  endfacet
  facet normal 0.812809 0.58253 0
    outer loop
      vertex 22.3819 -2.00891 4
      vertex 22.2561 -1.83338 0
      vertex 22.2561 -1.83338 4
    endloop
  endfacet
  facet normal 0.812809 0.58253 0
    outer loop
      vertex 22.2561 -1.83338 0
      vertex 22.3819 -2.00891 4
      vertex 22.3819 -2.00891 0
    endloop
  endfacet
  facet normal 0.849271 0.527958 0
    outer loop
      vertex 22.2561 -1.83338 4
      vertex 22.1421 -1.65 0
      vertex 22.1421 -1.65 4
    endloop
  endfacet
  facet normal 0.849271 0.527958 0
    outer loop
      vertex 22.1421 -1.65 0
      vertex 22.2561 -1.83338 4
      vertex 22.2561 -1.83338 0
    endloop
  endfacet
  facet normal -0.0979905 0.995187 0
    outer loop
      vertex 25.4307 -3.27177 0
      vertex 25.2158 -3.29293 4
      vertex 25.4307 -3.27177 4
    endloop
  endfacet
  facet normal -0.0979905 0.995187 0
    outer loop
      vertex 25.2158 -3.29293 4
      vertex 25.4307 -3.27177 0
      vertex 25.2158 -3.29293 0
    endloop
  endfacet
  facet normal -0.352117 0.935956 0
    outer loop
      vertex 26.2629 -3.0488 0
      vertex 26.0607 -3.12487 4
      vertex 26.2629 -3.0488 4
    endloop
  endfacet
  facet normal -0.352117 0.935956 0
    outer loop
      vertex 26.0607 -3.12487 4
      vertex 26.2629 -3.0488 0
      vertex 26.0607 -3.12487 0
    endloop
  endfacet
  facet normal -0.849063 -0.528292 0
    outer loop
      vertex 27.8579 1.65 0
      vertex 27.7438 1.83338 4
      vertex 27.7438 1.83338 0
    endloop
  endfacet
  facet normal -0.849063 -0.528292 0
    outer loop
      vertex 27.7438 1.83338 4
      vertex 27.8579 1.65 0
      vertex 27.8579 1.65 4
    endloop
  endfacet
  facet normal -0.290321 -0.956929 0
    outer loop
      vertex 25.8541 3.18755 0
      vertex 26.0607 3.12487 4
      vertex 25.8541 3.18755 4
    endloop
  endfacet
  facet normal -0.290321 -0.956929 -0
    outer loop
      vertex 26.0607 3.12487 4
      vertex 25.8541 3.18755 0
      vertex 26.0607 3.12487 0
    endloop
  endfacet
  facet normal 0.634473 -0.772945 0
    outer loop
      vertex 22.8242 2.48107 0
      vertex 22.9911 2.61807 4
      vertex 22.8242 2.48107 4
    endloop
  endfacet
  facet normal 0.634473 -0.772945 0
    outer loop
      vertex 22.9911 2.61807 4
      vertex 22.8242 2.48107 0
      vertex 22.9911 2.61807 0
    endloop
  endfacet
  facet normal 0.412693 -0.91087 0
    outer loop
      vertex 23.5404 2.95968 0
      vertex 23.7371 3.0488 4
      vertex 23.5404 2.95968 4
    endloop
  endfacet
  facet normal 0.412693 -0.91087 0
    outer loop
      vertex 23.7371 3.0488 4
      vertex 23.5404 2.95968 0
      vertex 23.7371 3.0488 0
    endloop
  endfacet
  facet normal -0.999459 0.0328785 0
    outer loop
      vertex 28.2929 -0.21583 0
      vertex 28.3 0 4
      vertex 28.3 0 0
    endloop
  endfacet
  facet normal -0.999459 0.0328785 0
    outer loop
      vertex 28.3 0 4
      vertex 28.2929 -0.21583 0
      vertex 28.2929 -0.21583 4
    endloop
  endfacet
  facet normal -0.471501 0.881865 0
    outer loop
      vertex 26.65 -2.85788 0
      vertex 26.4596 -2.95968 4
      vertex 26.65 -2.85788 4
    endloop
  endfacet
  facet normal -0.471501 0.881865 0
    outer loop
      vertex 26.4596 -2.95968 4
      vertex 26.65 -2.85788 0
      vertex 26.4596 -2.95968 0
    endloop
  endfacet
  facet normal -0.935853 0.352392 0
    outer loop
      vertex 28.0488 -1.26285 0
      vertex 28.1249 -1.06075 4
      vertex 28.1249 -1.06075 0
    endloop
  endfacet
  facet normal -0.935853 0.352392 0
    outer loop
      vertex 28.1249 -1.06075 4
      vertex 28.0488 -1.26285 0
      vertex 28.0488 -1.26285 4
    endloop
  endfacet
  facet normal -0.881917 0.471405 0
    outer loop
      vertex 27.8579 -1.65 0
      vertex 27.9597 -1.45955 4
      vertex 27.9597 -1.45955 0
    endloop
  endfacet
  facet normal -0.881917 0.471405 0
    outer loop
      vertex 27.9597 -1.45955 4
      vertex 27.8579 -1.65 0
      vertex 27.8579 -1.65 4
    endloop
  endfacet
  facet normal 0.162882 0.986646 -0
    outer loop
      vertex 24.5693 -3.27177 0
      vertex 24.3562 -3.23659 4
      vertex 24.5693 -3.27177 4
    endloop
  endfacet
  facet normal 0.162882 0.986646 0
    outer loop
      vertex 24.3562 -3.23659 4
      vertex 24.5693 -3.27177 0
      vertex 24.3562 -3.23659 0
    endloop
  endfacet
  facet normal 0.910905 0.412616 0
    outer loop
      vertex 22.0403 -1.45955 4
      vertex 21.9512 -1.26285 0
      vertex 21.9512 -1.26285 4
    endloop
  endfacet
  facet normal 0.910905 0.412616 0
    outer loop
      vertex 21.9512 -1.26285 0
      vertex 22.0403 -1.45955 4
      vertex 22.0403 -1.45955 0
    endloop
  endfacet
  facet normal 0.935853 0.352392 0
    outer loop
      vertex 21.9512 -1.26285 4
      vertex 21.8751 -1.06075 0
      vertex 21.8751 -1.06075 4
    endloop
  endfacet
  facet normal 0.935853 0.352392 0
    outer loop
      vertex 21.8751 -1.06075 0
      vertex 21.9512 -1.26285 4
      vertex 21.9512 -1.26285 0
    endloop
  endfacet
  facet normal 0.973914 0.226918 0
    outer loop
      vertex 21.8124 -0.854102 4
      vertex 21.7634 -0.643798 0
      vertex 21.7634 -0.643798 4
    endloop
  endfacet
  facet normal 0.973914 0.226918 0
    outer loop
      vertex 21.7634 -0.643798 0
      vertex 21.8124 -0.854102 4
      vertex 21.8124 -0.854102 0
    endloop
  endfacet
  facet normal 0.999459 0.0328785 0
    outer loop
      vertex 21.7071 -0.21583 4
      vertex 21.7 0 0
      vertex 21.7 0 4
    endloop
  endfacet
  facet normal 0.999459 0.0328785 0
    outer loop
      vertex 21.7 0 0
      vertex 21.7071 -0.21583 4
      vertex 21.7071 -0.21583 0
    endloop
  endfacet
  facet normal 0.995215 0.0977126 0
    outer loop
      vertex 21.7282 -0.430736 4
      vertex 21.7071 -0.21583 0
      vertex 21.7071 -0.21583 4
    endloop
  endfacet
  facet normal 0.995215 0.0977126 0
    outer loop
      vertex 21.7071 -0.21583 0
      vertex 21.7282 -0.430736 4
      vertex 21.7282 -0.430736 0
    endloop
  endfacet
  facet normal 0.986626 0.163001 0
    outer loop
      vertex 21.7634 -0.643798 4
      vertex 21.7282 -0.430736 0
      vertex 21.7282 -0.430736 4
    endloop
  endfacet
  facet normal 0.986626 0.163001 0
    outer loop
      vertex 21.7282 -0.430736 0
      vertex 21.7634 -0.643798 4
      vertex 21.7634 -0.643798 0
    endloop
  endfacet
  facet normal -0.162882 0.986646 0
    outer loop
      vertex 25.6438 -3.23659 0
      vertex 25.4307 -3.27177 4
      vertex 25.6438 -3.23659 4
    endloop
  endfacet
  facet normal -0.162882 0.986646 0
    outer loop
      vertex 25.4307 -3.27177 4
      vertex 25.6438 -3.23659 0
      vertex 25.4307 -3.27177 0
    endloop
  endfacet
  facet normal -0.849063 0.528292 0
    outer loop
      vertex 27.7438 -1.83338 0
      vertex 27.8579 -1.65 4
      vertex 27.8579 -1.65 0
    endloop
  endfacet
  facet normal -0.849063 0.528292 0
    outer loop
      vertex 27.8579 -1.65 4
      vertex 27.7438 -1.83338 0
      vertex 27.7438 -1.83338 4
    endloop
  endfacet
  facet normal -0.813029 0.582224 0
    outer loop
      vertex 27.6181 -2.00891 0
      vertex 27.7438 -1.83338 4
      vertex 27.7438 -1.83338 0
    endloop
  endfacet
  facet normal -0.813029 0.582224 0
    outer loop
      vertex 27.7438 -1.83338 4
      vertex 27.6181 -2.00891 0
      vertex 27.6181 -2.00891 4
    endloop
  endfacet
  facet normal -0.68339 0.730054 0
    outer loop
      vertex 27.3335 -2.33345 0
      vertex 27.1758 -2.48107 4
      vertex 27.3335 -2.33345 4
    endloop
  endfacet
  facet normal -0.68339 0.730054 0
    outer loop
      vertex 27.1758 -2.48107 4
      vertex 27.3335 -2.33345 0
      vertex 27.1758 -2.48107 0
    endloop
  endfacet
  facet normal -0.910905 0.412616 0
    outer loop
      vertex 27.9597 -1.45955 0
      vertex 28.0488 -1.26285 4
      vertex 28.0488 -1.26285 0
    endloop
  endfacet
  facet normal -0.910905 0.412616 0
    outer loop
      vertex 28.0488 -1.26285 4
      vertex 27.9597 -1.45955 0
      vertex 27.9597 -1.45955 4
    endloop
  endfacet
  facet normal 0.471501 0.881865 -0
    outer loop
      vertex 23.5404 -2.95968 0
      vertex 23.35 -2.85788 4
      vertex 23.5404 -2.95968 4
    endloop
  endfacet
  facet normal 0.471501 0.881865 0
    outer loop
      vertex 23.35 -2.85788 4
      vertex 23.5404 -2.95968 0
      vertex 23.35 -2.85788 0
    endloop
  endfacet
  facet normal 0.290192 0.956968 -0
    outer loop
      vertex 24.1459 -3.18755 0
      vertex 23.9392 -3.12487 4
      vertex 24.1459 -3.18755 4
    endloop
  endfacet
  facet normal 0.290192 0.956968 0
    outer loop
      vertex 23.9392 -3.12487 4
      vertex 24.1459 -3.18755 0
      vertex 23.9392 -3.12487 0
    endloop
  endfacet
  facet normal 0.0979905 0.995187 -0
    outer loop
      vertex 24.7842 -3.29293 0
      vertex 24.5693 -3.27177 4
      vertex 24.7842 -3.29293 4
    endloop
  endfacet
  facet normal 0.0979905 0.995187 0
    outer loop
      vertex 24.5693 -3.27177 4
      vertex 24.7842 -3.29293 0
      vertex 24.5693 -3.27177 0
    endloop
  endfacet
  facet normal 0.729905 0.683548 0
    outer loop
      vertex 22.6665 -2.33345 4
      vertex 22.5189 -2.17584 0
      vertex 22.5189 -2.17584 4
    endloop
  endfacet
  facet normal 0.729905 0.683548 0
    outer loop
      vertex 22.5189 -2.17584 0
      vertex 22.6665 -2.33345 4
      vertex 22.6665 -2.33345 0
    endloop
  endfacet
  facet normal 0.881917 0.471405 0
    outer loop
      vertex 22.1421 -1.65 4
      vertex 22.0403 -1.45955 0
      vertex 22.0403 -1.45955 4
    endloop
  endfacet
  facet normal 0.881917 0.471405 0
    outer loop
      vertex 22.0403 -1.45955 0
      vertex 22.1421 -1.65 4
      vertex 22.1421 -1.65 0
    endloop
  endfacet
  facet normal 0.956922 0.290344 0
    outer loop
      vertex 21.8751 -1.06075 4
      vertex 21.8124 -0.854102 0
      vertex 21.8124 -0.854102 4
    endloop
  endfacet
  facet normal 0.956922 0.290344 0
    outer loop
      vertex 21.8124 -0.854102 0
      vertex 21.8751 -1.06075 4
      vertex 21.8751 -1.06075 0
    endloop
  endfacet
  facet normal -0.290321 0.956929 0
    outer loop
      vertex 26.0607 -3.12487 0
      vertex 25.8541 -3.18755 4
      vertex 26.0607 -3.12487 4
    endloop
  endfacet
  facet normal -0.290321 0.956929 0
    outer loop
      vertex 25.8541 -3.18755 4
      vertex 26.0607 -3.12487 0
      vertex 25.8541 -3.18755 0
    endloop
  endfacet
  facet normal -0.227098 0.973872 0
    outer loop
      vertex 25.8541 -3.18755 0
      vertex 25.6438 -3.23659 4
      vertex 25.8541 -3.18755 4
    endloop
  endfacet
  facet normal -0.227098 0.973872 0
    outer loop
      vertex 25.6438 -3.23659 4
      vertex 25.8541 -3.18755 0
      vertex 25.6438 -3.23659 0
    endloop
  endfacet
  facet normal -0.582534 0.812806 0
    outer loop
      vertex 27.0089 -2.61807 0
      vertex 26.8334 -2.74385 4
      vertex 27.0089 -2.61807 4
    endloop
  endfacet
  facet normal -0.582534 0.812806 0
    outer loop
      vertex 26.8334 -2.74385 4
      vertex 27.0089 -2.61807 0
      vertex 26.8334 -2.74385 0
    endloop
  endfacet
  facet normal -0.528016 0.849234 0
    outer loop
      vertex 26.8334 -2.74385 0
      vertex 26.65 -2.85788 4
      vertex 26.8334 -2.74385 4
    endloop
  endfacet
  facet normal -0.528016 0.849234 0
    outer loop
      vertex 26.65 -2.85788 4
      vertex 26.8334 -2.74385 0
      vertex 26.65 -2.85788 0
    endloop
  endfacet
  facet normal -0.634473 0.772945 0
    outer loop
      vertex 27.1758 -2.48107 0
      vertex 27.0089 -2.61807 4
      vertex 27.1758 -2.48107 4
    endloop
  endfacet
  facet normal -0.634473 0.772945 0
    outer loop
      vertex 27.0089 -2.61807 4
      vertex 27.1758 -2.48107 0
      vertex 27.0089 -2.61807 0
    endloop
  endfacet
  facet normal 0.68339 0.730054 -0
    outer loop
      vertex 22.8242 -2.48107 0
      vertex 22.6665 -2.33345 4
      vertex 22.8242 -2.48107 4
    endloop
  endfacet
  facet normal 0.68339 0.730054 0
    outer loop
      vertex 22.6665 -2.33345 4
      vertex 22.8242 -2.48107 0
      vertex 22.6665 -2.33345 0
    endloop
  endfacet
  facet normal 0.634473 0.772945 -0
    outer loop
      vertex 22.9911 -2.61807 0
      vertex 22.8242 -2.48107 4
      vertex 22.9911 -2.61807 4
    endloop
  endfacet
  facet normal 0.634473 0.772945 0
    outer loop
      vertex 22.8242 -2.48107 4
      vertex 22.9911 -2.61807 0
      vertex 22.8242 -2.48107 0
    endloop
  endfacet
  facet normal 0.528016 0.849234 -0
    outer loop
      vertex 23.35 -2.85788 0
      vertex 23.1666 -2.74385 4
      vertex 23.35 -2.85788 4
    endloop
  endfacet
  facet normal 0.528016 0.849234 0
    outer loop
      vertex 23.1666 -2.74385 4
      vertex 23.35 -2.85788 0
      vertex 23.1666 -2.74385 0
    endloop
  endfacet
  facet normal 0.35227 0.935898 -0
    outer loop
      vertex 23.9392 -3.12487 0
      vertex 23.7371 -3.0488 4
      vertex 23.9392 -3.12487 4
    endloop
  endfacet
  facet normal 0.35227 0.935898 0
    outer loop
      vertex 23.7371 -3.0488 4
      vertex 23.9392 -3.12487 0
      vertex 23.7371 -3.0488 0
    endloop
  endfacet
  facet normal 0.0327442 0.999464 -0
    outer loop
      vertex 25 -3.3 0
      vertex 24.7842 -3.29293 4
      vertex 25 -3.3 4
    endloop
  endfacet
  facet normal 0.0327442 0.999464 0
    outer loop
      vertex 24.7842 -3.29293 4
      vertex 25 -3.3 0
      vertex 24.7842 -3.29293 0
    endloop
  endfacet
  facet normal 0.227098 0.973872 -0
    outer loop
      vertex 24.3562 -3.23659 0
      vertex 24.1459 -3.18755 4
      vertex 24.3562 -3.23659 4
    endloop
  endfacet
  facet normal 0.227098 0.973872 0
    outer loop
      vertex 24.1459 -3.18755 4
      vertex 24.3562 -3.23659 0
      vertex 24.1459 -3.18755 0
    endloop
  endfacet
  facet normal 0.582534 0.812806 -0
    outer loop
      vertex 23.1666 -2.74385 0
      vertex 22.9911 -2.61807 4
      vertex 23.1666 -2.74385 4
    endloop
  endfacet
  facet normal 0.582534 0.812806 0
    outer loop
      vertex 22.9911 -2.61807 4
      vertex 23.1666 -2.74385 0
      vertex 22.9911 -2.61807 0
    endloop
  endfacet
  facet normal 0.412693 0.91087 -0
    outer loop
      vertex 23.7371 -3.0488 0
      vertex 23.5404 -2.95968 4
      vertex 23.7371 -3.0488 4
    endloop
  endfacet
  facet normal 0.412693 0.91087 0
    outer loop
      vertex 23.5404 -2.95968 4
      vertex 23.7371 -3.0488 0
      vertex 23.5404 -2.95968 0
    endloop
  endfacet
  facet normal 0.0328785 -0.999459 0
    outer loop
      vertex -0.21583 28.2929 0
      vertex 0 28.3 4
      vertex -0.21583 28.2929 4
    endloop
  endfacet
  facet normal 0.0328785 -0.999459 0
    outer loop
      vertex 0 28.3 4
      vertex -0.21583 28.2929 0
      vertex 0 28.3 0
    endloop
  endfacet
  facet normal -0.999464 -0.0327442 0
    outer loop
      vertex 3.3 25 0
      vertex 3.29293 25.2158 4
      vertex 3.29293 25.2158 0
    endloop
  endfacet
  facet normal -0.999464 -0.0327442 0
    outer loop
      vertex 3.29293 25.2158 4
      vertex 3.3 25 0
      vertex 3.3 25 4
    endloop
  endfacet
  facet normal 0.730054 -0.68339 0
    outer loop
      vertex -2.48107 27.1758 4
      vertex -2.33345 27.3335 0
      vertex -2.33345 27.3335 4
    endloop
  endfacet
  facet normal 0.730054 -0.68339 0
    outer loop
      vertex -2.33345 27.3335 0
      vertex -2.48107 27.1758 4
      vertex -2.48107 27.1758 0
    endloop
  endfacet
  facet normal 0.412616 -0.910905 0
    outer loop
      vertex -1.45955 27.9597 0
      vertex -1.26285 28.0488 4
      vertex -1.45955 27.9597 4
    endloop
  endfacet
  facet normal 0.412616 -0.910905 0
    outer loop
      vertex -1.26285 28.0488 4
      vertex -1.45955 27.9597 0
      vertex -1.26285 28.0488 0
    endloop
  endfacet
  facet normal 0.935956 -0.352117 0
    outer loop
      vertex -3.12487 26.0607 4
      vertex -3.0488 26.2629 0
      vertex -3.0488 26.2629 4
    endloop
  endfacet
  facet normal 0.935956 -0.352117 0
    outer loop
      vertex -3.0488 26.2629 0
      vertex -3.12487 26.0607 4
      vertex -3.12487 26.0607 0
    endloop
  endfacet
  facet normal 0.812806 -0.582534 0
    outer loop
      vertex -2.74385 26.8334 4
      vertex -2.61807 27.0089 0
      vertex -2.61807 27.0089 4
    endloop
  endfacet
  facet normal 0.812806 -0.582534 0
    outer loop
      vertex -2.61807 27.0089 0
      vertex -2.74385 26.8334 4
      vertex -2.74385 26.8334 0
    endloop
  endfacet
  facet normal 0.527958 0.849271 -0
    outer loop
      vertex -1.65 22.1421 0
      vertex -1.83338 22.2561 4
      vertex -1.65 22.1421 4
    endloop
  endfacet
  facet normal 0.527958 0.849271 0
    outer loop
      vertex -1.83338 22.2561 4
      vertex -1.65 22.1421 0
      vertex -1.83338 22.2561 0
    endloop
  endfacet
  facet normal 0.730054 0.68339 0
    outer loop
      vertex -2.33345 22.6665 4
      vertex -2.48107 22.8242 0
      vertex -2.48107 22.8242 4
    endloop
  endfacet
  facet normal 0.730054 0.68339 0
    outer loop
      vertex -2.48107 22.8242 0
      vertex -2.33345 22.6665 4
      vertex -2.33345 22.6665 0
    endloop
  endfacet
  facet normal -0.226918 -0.973914 0
    outer loop
      vertex 0.643798 28.2366 0
      vertex 0.854102 28.1876 4
      vertex 0.643798 28.2366 4
    endloop
  endfacet
  facet normal -0.226918 -0.973914 -0
    outer loop
      vertex 0.854102 28.1876 4
      vertex 0.643798 28.2366 0
      vertex 0.854102 28.1876 0
    endloop
  endfacet
  facet normal 0.226918 -0.973914 0
    outer loop
      vertex -0.854102 28.1876 0
      vertex -0.643798 28.2366 4
      vertex -0.854102 28.1876 4
    endloop
  endfacet
  facet normal 0.226918 -0.973914 0
    outer loop
      vertex -0.643798 28.2366 4
      vertex -0.854102 28.1876 0
      vertex -0.643798 28.2366 0
    endloop
  endfacet
  facet normal 0.290344 -0.956922 0
    outer loop
      vertex -1.06075 28.1249 0
      vertex -0.854102 28.1876 4
      vertex -1.06075 28.1249 4
    endloop
  endfacet
  facet normal 0.290344 -0.956922 0
    outer loop
      vertex -0.854102 28.1876 4
      vertex -1.06075 28.1249 0
      vertex -0.854102 28.1876 0
    endloop
  endfacet
  facet normal 0.986646 -0.162882 0
    outer loop
      vertex -3.27177 25.4307 4
      vertex -3.23659 25.6438 0
      vertex -3.23659 25.6438 4
    endloop
  endfacet
  facet normal 0.986646 -0.162882 0
    outer loop
      vertex -3.23659 25.6438 0
      vertex -3.27177 25.4307 4
      vertex -3.27177 25.4307 0
    endloop
  endfacet
  facet normal 0.995187 -0.0979905 0
    outer loop
      vertex -3.29293 25.2158 4
      vertex -3.27177 25.4307 0
      vertex -3.27177 25.4307 4
    endloop
  endfacet
  facet normal 0.995187 -0.0979905 0
    outer loop
      vertex -3.27177 25.4307 0
      vertex -3.29293 25.2158 4
      vertex -3.29293 25.2158 0
    endloop
  endfacet
  facet normal 0.772945 -0.634473 0
    outer loop
      vertex -2.61807 27.0089 4
      vertex -2.48107 27.1758 0
      vertex -2.48107 27.1758 4
    endloop
  endfacet
  facet normal 0.772945 -0.634473 0
    outer loop
      vertex -2.48107 27.1758 0
      vertex -2.61807 27.0089 4
      vertex -2.61807 27.0089 0
    endloop
  endfacet
  facet normal 0.290344 0.956922 -0
    outer loop
      vertex -0.854102 21.8124 0
      vertex -1.06075 21.8751 4
      vertex -0.854102 21.8124 4
    endloop
  endfacet
  facet normal 0.290344 0.956922 0
    outer loop
      vertex -1.06075 21.8751 4
      vertex -0.854102 21.8124 0
      vertex -1.06075 21.8751 0
    endloop
  endfacet
  facet normal 0.58253 0.812809 -0
    outer loop
      vertex -1.83338 22.2561 0
      vertex -2.00891 22.3819 4
      vertex -1.83338 22.2561 4
    endloop
  endfacet
  facet normal 0.58253 0.812809 0
    outer loop
      vertex -2.00891 22.3819 4
      vertex -1.83338 22.2561 0
      vertex -2.00891 22.3819 0
    endloop
  endfacet
  facet normal 0.412616 0.910905 -0
    outer loop
      vertex -1.26285 21.9512 0
      vertex -1.45955 22.0403 4
      vertex -1.26285 21.9512 4
    endloop
  endfacet
  facet normal 0.412616 0.910905 0
    outer loop
      vertex -1.45955 22.0403 4
      vertex -1.26285 21.9512 0
      vertex -1.45955 22.0403 0
    endloop
  endfacet
  facet normal 0.352392 0.935853 -0
    outer loop
      vertex -1.06075 21.8751 0
      vertex -1.26285 21.9512 4
      vertex -1.06075 21.8751 4
    endloop
  endfacet
  facet normal 0.352392 0.935853 0
    outer loop
      vertex -1.26285 21.9512 4
      vertex -1.06075 21.8751 0
      vertex -1.26285 21.9512 0
    endloop
  endfacet
  facet normal 0.0977126 0.995215 -0
    outer loop
      vertex -0.21583 21.7071 0
      vertex -0.430736 21.7282 4
      vertex -0.21583 21.7071 4
    endloop
  endfacet
  facet normal 0.0977126 0.995215 0
    outer loop
      vertex -0.430736 21.7282 4
      vertex -0.21583 21.7071 0
      vertex -0.430736 21.7282 0
    endloop
  endfacet
  facet normal 0.849234 0.528016 0
    outer loop
      vertex -2.74385 23.1666 4
      vertex -2.85788 23.35 0
      vertex -2.85788 23.35 4
    endloop
  endfacet
  facet normal 0.849234 0.528016 0
    outer loop
      vertex -2.85788 23.35 0
      vertex -2.74385 23.1666 4
      vertex -2.74385 23.1666 0
    endloop
  endfacet
  facet normal 0.812806 0.582534 0
    outer loop
      vertex -2.61807 22.9911 4
      vertex -2.74385 23.1666 0
      vertex -2.74385 23.1666 4
    endloop
  endfacet
  facet normal 0.812806 0.582534 0
    outer loop
      vertex -2.74385 23.1666 0
      vertex -2.61807 22.9911 4
      vertex -2.61807 22.9911 0
    endloop
  endfacet
  facet normal 0.935898 0.35227 0
    outer loop
      vertex -3.0488 23.7371 4
      vertex -3.12487 23.9392 0
      vertex -3.12487 23.9392 4
    endloop
  endfacet
  facet normal 0.935898 0.35227 0
    outer loop
      vertex -3.12487 23.9392 0
      vertex -3.0488 23.7371 4
      vertex -3.0488 23.7371 0
    endloop
  endfacet
  facet normal 0.995187 0.0979905 0
    outer loop
      vertex -3.27177 24.5693 4
      vertex -3.29293 24.7842 0
      vertex -3.29293 24.7842 4
    endloop
  endfacet
  facet normal 0.995187 0.0979905 0
    outer loop
      vertex -3.29293 24.7842 0
      vertex -3.27177 24.5693 4
      vertex -3.27177 24.5693 0
    endloop
  endfacet
  facet normal -0.683548 -0.729905 0
    outer loop
      vertex 2.17584 27.4811 0
      vertex 2.33345 27.3335 4
      vertex 2.17584 27.4811 4
    endloop
  endfacet
  facet normal -0.683548 -0.729905 -0
    outer loop
      vertex 2.33345 27.3335 4
      vertex 2.17584 27.4811 0
      vertex 2.33345 27.3335 0
    endloop
  endfacet
  facet normal 0.163001 -0.986626 0
    outer loop
      vertex -0.643798 28.2366 0
      vertex -0.430736 28.2718 4
      vertex -0.643798 28.2366 4
    endloop
  endfacet
  facet normal 0.163001 -0.986626 0
    outer loop
      vertex -0.430736 28.2718 4
      vertex -0.643798 28.2366 0
      vertex -0.430736 28.2718 0
    endloop
  endfacet
  facet normal 0.0977126 -0.995215 0
    outer loop
      vertex -0.430736 28.2718 0
      vertex -0.21583 28.2929 4
      vertex -0.430736 28.2718 4
    endloop
  endfacet
  facet normal 0.0977126 -0.995215 0
    outer loop
      vertex -0.21583 28.2929 4
      vertex -0.430736 28.2718 0
      vertex -0.21583 28.2929 0
    endloop
  endfacet
  facet normal 0.634405 -0.773001 0
    outer loop
      vertex -2.17584 27.4811 0
      vertex -2.00891 27.6181 4
      vertex -2.17584 27.4811 4
    endloop
  endfacet
  facet normal 0.634405 -0.773001 0
    outer loop
      vertex -2.00891 27.6181 4
      vertex -2.17584 27.4811 0
      vertex -2.00891 27.6181 0
    endloop
  endfacet
  facet normal 0.683548 -0.729905 0
    outer loop
      vertex -2.33345 27.3335 0
      vertex -2.17584 27.4811 4
      vertex -2.33345 27.3335 4
    endloop
  endfacet
  facet normal 0.683548 -0.729905 0
    outer loop
      vertex -2.17584 27.4811 4
      vertex -2.33345 27.3335 0
      vertex -2.17584 27.4811 0
    endloop
  endfacet
  facet normal 0.582224 -0.813029 0
    outer loop
      vertex -2.00891 27.6181 0
      vertex -1.83338 27.7438 4
      vertex -2.00891 27.6181 4
    endloop
  endfacet
  facet normal 0.582224 -0.813029 0
    outer loop
      vertex -1.83338 27.7438 4
      vertex -2.00891 27.6181 0
      vertex -1.83338 27.7438 0
    endloop
  endfacet
  facet normal 0.471405 -0.881917 0
    outer loop
      vertex -1.65 27.8579 0
      vertex -1.45955 27.9597 4
      vertex -1.65 27.8579 4
    endloop
  endfacet
  facet normal 0.471405 -0.881917 0
    outer loop
      vertex -1.45955 27.9597 4
      vertex -1.65 27.8579 0
      vertex -1.45955 27.9597 0
    endloop
  endfacet
  facet normal 0.973872 -0.227098 0
    outer loop
      vertex -3.23659 25.6438 4
      vertex -3.18755 25.8541 0
      vertex -3.18755 25.8541 4
    endloop
  endfacet
  facet normal 0.973872 -0.227098 0
    outer loop
      vertex -3.18755 25.8541 0
      vertex -3.23659 25.6438 4
      vertex -3.23659 25.6438 0
    endloop
  endfacet
  facet normal 0.999464 -0.0327442 0
    outer loop
      vertex -3.3 25 4
      vertex -3.29293 25.2158 0
      vertex -3.29293 25.2158 4
    endloop
  endfacet
  facet normal 0.999464 -0.0327442 0
    outer loop
      vertex -3.29293 25.2158 0
      vertex -3.3 25 4
      vertex -3.3 25 0
    endloop
  endfacet
  facet normal 0.881865 -0.471501 0
    outer loop
      vertex -2.95968 26.4596 4
      vertex -2.85788 26.65 0
      vertex -2.85788 26.65 4
    endloop
  endfacet
  facet normal 0.881865 -0.471501 0
    outer loop
      vertex -2.85788 26.65 0
      vertex -2.95968 26.4596 4
      vertex -2.95968 26.4596 0
    endloop
  endfacet
  facet normal 0.91087 -0.412693 0
    outer loop
      vertex -3.0488 26.2629 4
      vertex -2.95968 26.4596 0
      vertex -2.95968 26.4596 4
    endloop
  endfacet
  facet normal 0.91087 -0.412693 0
    outer loop
      vertex -2.95968 26.4596 0
      vertex -3.0488 26.2629 4
      vertex -3.0488 26.2629 0
    endloop
  endfacet
  facet normal 0.849234 -0.528016 0
    outer loop
      vertex -2.85788 26.65 4
      vertex -2.74385 26.8334 0
      vertex -2.74385 26.8334 4
    endloop
  endfacet
  facet normal 0.849234 -0.528016 0
    outer loop
      vertex -2.74385 26.8334 0
      vertex -2.85788 26.65 4
      vertex -2.85788 26.65 0
    endloop
  endfacet
  facet normal 0.683548 0.729905 -0
    outer loop
      vertex -2.17584 22.5189 0
      vertex -2.33345 22.6665 4
      vertex -2.17584 22.5189 4
    endloop
  endfacet
  facet normal 0.683548 0.729905 0
    outer loop
      vertex -2.33345 22.6665 4
      vertex -2.17584 22.5189 0
      vertex -2.33345 22.6665 0
    endloop
  endfacet
  facet normal 0.471405 0.881917 -0
    outer loop
      vertex -1.45955 22.0403 0
      vertex -1.65 22.1421 4
      vertex -1.45955 22.0403 4
    endloop
  endfacet
  facet normal 0.471405 0.881917 0
    outer loop
      vertex -1.65 22.1421 4
      vertex -1.45955 22.0403 0
      vertex -1.65 22.1421 0
    endloop
  endfacet
  facet normal 0.163001 0.986626 -0
    outer loop
      vertex -0.430736 21.7282 0
      vertex -0.643798 21.7634 4
      vertex -0.430736 21.7282 4
    endloop
  endfacet
  facet normal 0.163001 0.986626 0
    outer loop
      vertex -0.643798 21.7634 4
      vertex -0.430736 21.7282 0
      vertex -0.643798 21.7634 0
    endloop
  endfacet
  facet normal 0.0328785 0.999459 -0
    outer loop
      vertex 0 21.7 0
      vertex -0.21583 21.7071 4
      vertex 0 21.7 4
    endloop
  endfacet
  facet normal 0.0328785 0.999459 0
    outer loop
      vertex -0.21583 21.7071 4
      vertex 0 21.7 0
      vertex -0.21583 21.7071 0
    endloop
  endfacet
  facet normal 0.91087 0.412693 0
    outer loop
      vertex -2.95968 23.5404 4
      vertex -3.0488 23.7371 0
      vertex -3.0488 23.7371 4
    endloop
  endfacet
  facet normal 0.91087 0.412693 0
    outer loop
      vertex -3.0488 23.7371 0
      vertex -2.95968 23.5404 4
      vertex -2.95968 23.5404 0
    endloop
  endfacet
  facet normal 0.772945 0.634473 0
    outer loop
      vertex -2.48107 22.8242 4
      vertex -2.61807 22.9911 0
      vertex -2.61807 22.9911 4
    endloop
  endfacet
  facet normal 0.772945 0.634473 0
    outer loop
      vertex -2.61807 22.9911 0
      vertex -2.48107 22.8242 4
      vertex -2.48107 22.8242 0
    endloop
  endfacet
  facet normal 0.881865 0.471501 0
    outer loop
      vertex -2.85788 23.35 4
      vertex -2.95968 23.5404 0
      vertex -2.95968 23.5404 4
    endloop
  endfacet
  facet normal 0.881865 0.471501 0
    outer loop
      vertex -2.95968 23.5404 0
      vertex -2.85788 23.35 4
      vertex -2.85788 23.35 0
    endloop
  endfacet
  facet normal 0.973872 0.227098 0
    outer loop
      vertex -3.18755 24.1459 4
      vertex -3.23659 24.3562 0
      vertex -3.23659 24.3562 4
    endloop
  endfacet
  facet normal 0.973872 0.227098 0
    outer loop
      vertex -3.23659 24.3562 0
      vertex -3.18755 24.1459 4
      vertex -3.18755 24.1459 0
    endloop
  endfacet
  facet normal 0.956968 0.290192 0
    outer loop
      vertex -3.12487 23.9392 4
      vertex -3.18755 24.1459 0
      vertex -3.18755 24.1459 4
    endloop
  endfacet
  facet normal 0.956968 0.290192 0
    outer loop
      vertex -3.18755 24.1459 0
      vertex -3.12487 23.9392 4
      vertex -3.12487 23.9392 0
    endloop
  endfacet
  facet normal 0.986646 0.162882 0
    outer loop
      vertex -3.23659 24.3562 4
      vertex -3.27177 24.5693 0
      vertex -3.27177 24.5693 4
    endloop
  endfacet
  facet normal 0.986646 0.162882 0
    outer loop
      vertex -3.27177 24.5693 0
      vertex -3.23659 24.3562 4
      vertex -3.23659 24.3562 0
    endloop
  endfacet
  facet normal -0.0328785 -0.999459 0
    outer loop
      vertex 0 28.3 0
      vertex 0.21583 28.2929 4
      vertex 0 28.3 4
    endloop
  endfacet
  facet normal -0.0328785 -0.999459 -0
    outer loop
      vertex 0.21583 28.2929 4
      vertex 0 28.3 0
      vertex 0.21583 28.2929 0
    endloop
  endfacet
  facet normal -0.412616 -0.910905 0
    outer loop
      vertex 1.26285 28.0488 0
      vertex 1.45955 27.9597 4
      vertex 1.26285 28.0488 4
    endloop
  endfacet
  facet normal -0.412616 -0.910905 -0
    outer loop
      vertex 1.45955 27.9597 4
      vertex 1.26285 28.0488 0
      vertex 1.45955 27.9597 0
    endloop
  endfacet
  facet normal -0.163001 -0.986626 0
    outer loop
      vertex 0.430736 28.2718 0
      vertex 0.643798 28.2366 4
      vertex 0.430736 28.2718 4
    endloop
  endfacet
  facet normal -0.163001 -0.986626 -0
    outer loop
      vertex 0.643798 28.2366 4
      vertex 0.430736 28.2718 0
      vertex 0.643798 28.2366 0
    endloop
  endfacet
  facet normal -0.0977126 -0.995215 0
    outer loop
      vertex 0.21583 28.2929 0
      vertex 0.430736 28.2718 4
      vertex 0.21583 28.2929 4
    endloop
  endfacet
  facet normal -0.0977126 -0.995215 -0
    outer loop
      vertex 0.430736 28.2718 4
      vertex 0.21583 28.2929 0
      vertex 0.430736 28.2718 0
    endloop
  endfacet
  facet normal -0.772945 -0.634473 0
    outer loop
      vertex 2.61807 27.0089 0
      vertex 2.48107 27.1758 4
      vertex 2.48107 27.1758 0
    endloop
  endfacet
  facet normal -0.772945 -0.634473 0
    outer loop
      vertex 2.48107 27.1758 4
      vertex 2.61807 27.0089 0
      vertex 2.61807 27.0089 4
    endloop
  endfacet
  facet normal -0.352392 -0.935853 0
    outer loop
      vertex 1.06075 28.1249 0
      vertex 1.26285 28.0488 4
      vertex 1.06075 28.1249 4
    endloop
  endfacet
  facet normal -0.352392 -0.935853 -0
    outer loop
      vertex 1.26285 28.0488 4
      vertex 1.06075 28.1249 0
      vertex 1.26285 28.0488 0
    endloop
  endfacet
  facet normal -0.58253 0.812809 0
    outer loop
      vertex 2.00891 22.3819 0
      vertex 1.83338 22.2561 4
      vertex 2.00891 22.3819 4
    endloop
  endfacet
  facet normal -0.58253 0.812809 0
    outer loop
      vertex 1.83338 22.2561 4
      vertex 2.00891 22.3819 0
      vertex 1.83338 22.2561 0
    endloop
  endfacet
  facet normal -0.527958 0.849271 0
    outer loop
      vertex 1.83338 22.2561 0
      vertex 1.65 22.1421 4
      vertex 1.83338 22.2561 4
    endloop
  endfacet
  facet normal -0.527958 0.849271 0
    outer loop
      vertex 1.65 22.1421 4
      vertex 1.83338 22.2561 0
      vertex 1.65 22.1421 0
    endloop
  endfacet
  facet normal -0.0328785 0.999459 0
    outer loop
      vertex 0.21583 21.7071 0
      vertex 0 21.7 4
      vertex 0.21583 21.7071 4
    endloop
  endfacet
  facet normal -0.0328785 0.999459 0
    outer loop
      vertex 0 21.7 4
      vertex 0.21583 21.7071 0
      vertex 0 21.7 0
    endloop
  endfacet
  facet normal -0.91087 -0.412693 0
    outer loop
      vertex 3.0488 26.2629 0
      vertex 2.95968 26.4596 4
      vertex 2.95968 26.4596 0
    endloop
  endfacet
  facet normal -0.91087 -0.412693 0
    outer loop
      vertex 2.95968 26.4596 4
      vertex 3.0488 26.2629 0
      vertex 3.0488 26.2629 4
    endloop
  endfacet
  facet normal 0.352392 -0.935853 0
    outer loop
      vertex -1.26285 28.0488 0
      vertex -1.06075 28.1249 4
      vertex -1.26285 28.0488 4
    endloop
  endfacet
  facet normal 0.352392 -0.935853 0
    outer loop
      vertex -1.06075 28.1249 4
      vertex -1.26285 28.0488 0
      vertex -1.06075 28.1249 0
    endloop
  endfacet
  facet normal 0.528292 -0.849063 0
    outer loop
      vertex -1.83338 27.7438 0
      vertex -1.65 27.8579 4
      vertex -1.83338 27.7438 4
    endloop
  endfacet
  facet normal 0.528292 -0.849063 0
    outer loop
      vertex -1.65 27.8579 4
      vertex -1.83338 27.7438 0
      vertex -1.65 27.8579 0
    endloop
  endfacet
  facet normal 0.956929 -0.290321 0
    outer loop
      vertex -3.18755 25.8541 4
      vertex -3.12487 26.0607 0
      vertex -3.12487 26.0607 4
    endloop
  endfacet
  facet normal 0.956929 -0.290321 0
    outer loop
      vertex -3.12487 26.0607 0
      vertex -3.18755 25.8541 4
      vertex -3.18755 25.8541 0
    endloop
  endfacet
  facet normal 0.999464 0.0327442 0
    outer loop
      vertex -3.29293 24.7842 4
      vertex -3.3 25 0
      vertex -3.3 25 4
    endloop
  endfacet
  facet normal 0.999464 0.0327442 0
    outer loop
      vertex -3.3 25 0
      vertex -3.29293 24.7842 4
      vertex -3.29293 24.7842 0
    endloop
  endfacet
  facet normal 0.634405 0.773001 -0
    outer loop
      vertex -2.00891 22.3819 0
      vertex -2.17584 22.5189 4
      vertex -2.00891 22.3819 4
    endloop
  endfacet
  facet normal 0.634405 0.773001 0
    outer loop
      vertex -2.17584 22.5189 4
      vertex -2.00891 22.3819 0
      vertex -2.17584 22.5189 0
    endloop
  endfacet
  facet normal 0.226918 0.973914 -0
    outer loop
      vertex -0.643798 21.7634 0
      vertex -0.854102 21.8124 4
      vertex -0.643798 21.7634 4
    endloop
  endfacet
  facet normal 0.226918 0.973914 0
    outer loop
      vertex -0.854102 21.8124 4
      vertex -0.643798 21.7634 0
      vertex -0.854102 21.8124 0
    endloop
  endfacet
  facet normal -0.634405 -0.773001 0
    outer loop
      vertex 2.00891 27.6181 0
      vertex 2.17584 27.4811 4
      vertex 2.00891 27.6181 4
    endloop
  endfacet
  facet normal -0.634405 -0.773001 -0
    outer loop
      vertex 2.17584 27.4811 4
      vertex 2.00891 27.6181 0
      vertex 2.17584 27.4811 0
    endloop
  endfacet
  facet normal -0.881865 -0.471501 0
    outer loop
      vertex 2.95968 26.4596 0
      vertex 2.85788 26.65 4
      vertex 2.85788 26.65 0
    endloop
  endfacet
  facet normal -0.881865 -0.471501 0
    outer loop
      vertex 2.85788 26.65 4
      vertex 2.95968 26.4596 0
      vertex 2.95968 26.4596 4
    endloop
  endfacet
  facet normal -0.471405 -0.881917 0
    outer loop
      vertex 1.45955 27.9597 0
      vertex 1.65 27.8579 4
      vertex 1.45955 27.9597 4
    endloop
  endfacet
  facet normal -0.471405 -0.881917 -0
    outer loop
      vertex 1.65 27.8579 4
      vertex 1.45955 27.9597 0
      vertex 1.65 27.8579 0
    endloop
  endfacet
  facet normal -0.986646 0.162882 0
    outer loop
      vertex 3.23659 24.3562 0
      vertex 3.27177 24.5693 4
      vertex 3.27177 24.5693 0
    endloop
  endfacet
  facet normal -0.986646 0.162882 0
    outer loop
      vertex 3.27177 24.5693 4
      vertex 3.23659 24.3562 0
      vertex 3.23659 24.3562 4
    endloop
  endfacet
  facet normal -0.412616 0.910905 0
    outer loop
      vertex 1.45955 22.0403 0
      vertex 1.26285 21.9512 4
      vertex 1.45955 22.0403 4
    endloop
  endfacet
  facet normal -0.412616 0.910905 0
    outer loop
      vertex 1.26285 21.9512 4
      vertex 1.45955 22.0403 0
      vertex 1.26285 21.9512 0
    endloop
  endfacet
  facet normal -0.352392 0.935853 0
    outer loop
      vertex 1.26285 21.9512 0
      vertex 1.06075 21.8751 4
      vertex 1.26285 21.9512 4
    endloop
  endfacet
  facet normal -0.352392 0.935853 0
    outer loop
      vertex 1.06075 21.8751 4
      vertex 1.26285 21.9512 0
      vertex 1.06075 21.8751 0
    endloop
  endfacet
  facet normal -0.226918 0.973914 0
    outer loop
      vertex 0.854102 21.8124 0
      vertex 0.643798 21.7634 4
      vertex 0.854102 21.8124 4
    endloop
  endfacet
  facet normal -0.226918 0.973914 0
    outer loop
      vertex 0.643798 21.7634 4
      vertex 0.854102 21.8124 0
      vertex 0.643798 21.7634 0
    endloop
  endfacet
  facet normal -0.0977126 0.995215 0
    outer loop
      vertex 0.430736 21.7282 0
      vertex 0.21583 21.7071 4
      vertex 0.430736 21.7282 4
    endloop
  endfacet
  facet normal -0.0977126 0.995215 0
    outer loop
      vertex 0.21583 21.7071 4
      vertex 0.430736 21.7282 0
      vertex 0.21583 21.7071 0
    endloop
  endfacet
  facet normal -0.163001 0.986626 0
    outer loop
      vertex 0.643798 21.7634 0
      vertex 0.430736 21.7282 4
      vertex 0.643798 21.7634 4
    endloop
  endfacet
  facet normal -0.163001 0.986626 0
    outer loop
      vertex 0.430736 21.7282 4
      vertex 0.643798 21.7634 0
      vertex 0.430736 21.7282 0
    endloop
  endfacet
  facet normal -0.935956 -0.352117 0
    outer loop
      vertex 3.12487 26.0607 0
      vertex 3.0488 26.2629 4
      vertex 3.0488 26.2629 0
    endloop
  endfacet
  facet normal -0.935956 -0.352117 0
    outer loop
      vertex 3.0488 26.2629 4
      vertex 3.12487 26.0607 0
      vertex 3.12487 26.0607 4
    endloop
  endfacet
  facet normal -0.986646 -0.162882 0
    outer loop
      vertex 3.27177 25.4307 0
      vertex 3.23659 25.6438 4
      vertex 3.23659 25.6438 0
    endloop
  endfacet
  facet normal -0.986646 -0.162882 0
    outer loop
      vertex 3.23659 25.6438 4
      vertex 3.27177 25.4307 0
      vertex 3.27177 25.4307 4
    endloop
  endfacet
  facet normal -0.995187 -0.0979905 0
    outer loop
      vertex 3.29293 25.2158 0
      vertex 3.27177 25.4307 4
      vertex 3.27177 25.4307 0
    endloop
  endfacet
  facet normal -0.995187 -0.0979905 0
    outer loop
      vertex 3.27177 25.4307 4
      vertex 3.29293 25.2158 0
      vertex 3.29293 25.2158 4
    endloop
  endfacet
  facet normal -0.290344 -0.956922 0
    outer loop
      vertex 0.854102 28.1876 0
      vertex 1.06075 28.1249 4
      vertex 0.854102 28.1876 4
    endloop
  endfacet
  facet normal -0.290344 -0.956922 -0
    outer loop
      vertex 1.06075 28.1249 4
      vertex 0.854102 28.1876 0
      vertex 1.06075 28.1249 0
    endloop
  endfacet
  facet normal -0.528292 -0.849063 0
    outer loop
      vertex 1.65 27.8579 0
      vertex 1.83338 27.7438 4
      vertex 1.65 27.8579 4
    endloop
  endfacet
  facet normal -0.528292 -0.849063 -0
    outer loop
      vertex 1.83338 27.7438 4
      vertex 1.65 27.8579 0
      vertex 1.83338 27.7438 0
    endloop
  endfacet
  facet normal -0.582224 -0.813029 0
    outer loop
      vertex 1.83338 27.7438 0
      vertex 2.00891 27.6181 4
      vertex 1.83338 27.7438 4
    endloop
  endfacet
  facet normal -0.582224 -0.813029 -0
    outer loop
      vertex 2.00891 27.6181 4
      vertex 1.83338 27.7438 0
      vertex 2.00891 27.6181 0
    endloop
  endfacet
  facet normal -0.730054 -0.68339 0
    outer loop
      vertex 2.48107 27.1758 0
      vertex 2.33345 27.3335 4
      vertex 2.33345 27.3335 0
    endloop
  endfacet
  facet normal -0.730054 -0.68339 0
    outer loop
      vertex 2.33345 27.3335 4
      vertex 2.48107 27.1758 0
      vertex 2.48107 27.1758 4
    endloop
  endfacet
  facet normal -0.812806 -0.582534 0
    outer loop
      vertex 2.74385 26.8334 0
      vertex 2.61807 27.0089 4
      vertex 2.61807 27.0089 0
    endloop
  endfacet
  facet normal -0.812806 -0.582534 0
    outer loop
      vertex 2.61807 27.0089 4
      vertex 2.74385 26.8334 0
      vertex 2.74385 26.8334 4
    endloop
  endfacet
  facet normal -0.881865 0.471501 0
    outer loop
      vertex 2.85788 23.35 0
      vertex 2.95968 23.5404 4
      vertex 2.95968 23.5404 0
    endloop
  endfacet
  facet normal -0.881865 0.471501 0
    outer loop
      vertex 2.95968 23.5404 4
      vertex 2.85788 23.35 0
      vertex 2.85788 23.35 4
    endloop
  endfacet
  facet normal -0.956968 0.290192 0
    outer loop
      vertex 3.12487 23.9392 0
      vertex 3.18755 24.1459 4
      vertex 3.18755 24.1459 0
    endloop
  endfacet
  facet normal -0.956968 0.290192 0
    outer loop
      vertex 3.18755 24.1459 4
      vertex 3.12487 23.9392 0
      vertex 3.12487 23.9392 4
    endloop
  endfacet
  facet normal -0.995187 0.0979905 0
    outer loop
      vertex 3.27177 24.5693 0
      vertex 3.29293 24.7842 4
      vertex 3.29293 24.7842 0
    endloop
  endfacet
  facet normal -0.995187 0.0979905 0
    outer loop
      vertex 3.29293 24.7842 4
      vertex 3.27177 24.5693 0
      vertex 3.27177 24.5693 4
    endloop
  endfacet
  facet normal -0.683548 0.729905 0
    outer loop
      vertex 2.33345 22.6665 0
      vertex 2.17584 22.5189 4
      vertex 2.33345 22.6665 4
    endloop
  endfacet
  facet normal -0.683548 0.729905 0
    outer loop
      vertex 2.17584 22.5189 4
      vertex 2.33345 22.6665 0
      vertex 2.17584 22.5189 0
    endloop
  endfacet
  facet normal -0.634405 0.773001 0
    outer loop
      vertex 2.17584 22.5189 0
      vertex 2.00891 22.3819 4
      vertex 2.17584 22.5189 4
    endloop
  endfacet
  facet normal -0.634405 0.773001 0
    outer loop
      vertex 2.00891 22.3819 4
      vertex 2.17584 22.5189 0
      vertex 2.00891 22.3819 0
    endloop
  endfacet
  facet normal -0.471405 0.881917 0
    outer loop
      vertex 1.65 22.1421 0
      vertex 1.45955 22.0403 4
      vertex 1.65 22.1421 4
    endloop
  endfacet
  facet normal -0.471405 0.881917 0
    outer loop
      vertex 1.45955 22.0403 4
      vertex 1.65 22.1421 0
      vertex 1.45955 22.0403 0
    endloop
  endfacet
  facet normal -0.290344 0.956922 0
    outer loop
      vertex 1.06075 21.8751 0
      vertex 0.854102 21.8124 4
      vertex 1.06075 21.8751 4
    endloop
  endfacet
  facet normal -0.290344 0.956922 0
    outer loop
      vertex 0.854102 21.8124 4
      vertex 1.06075 21.8751 0
      vertex 0.854102 21.8124 0
    endloop
  endfacet
  facet normal -0.956929 -0.290321 0
    outer loop
      vertex 3.18755 25.8541 0
      vertex 3.12487 26.0607 4
      vertex 3.12487 26.0607 0
    endloop
  endfacet
  facet normal -0.956929 -0.290321 0
    outer loop
      vertex 3.12487 26.0607 4
      vertex 3.18755 25.8541 0
      vertex 3.18755 25.8541 4
    endloop
  endfacet
  facet normal -0.973872 -0.227098 0
    outer loop
      vertex 3.23659 25.6438 0
      vertex 3.18755 25.8541 4
      vertex 3.18755 25.8541 0
    endloop
  endfacet
  facet normal -0.973872 -0.227098 0
    outer loop
      vertex 3.18755 25.8541 4
      vertex 3.23659 25.6438 0
      vertex 3.23659 25.6438 4
    endloop
  endfacet
  facet normal -0.849234 -0.528016 0
    outer loop
      vertex 2.85788 26.65 0
      vertex 2.74385 26.8334 4
      vertex 2.74385 26.8334 0
    endloop
  endfacet
  facet normal -0.849234 -0.528016 0
    outer loop
      vertex 2.74385 26.8334 4
      vertex 2.85788 26.65 0
      vertex 2.85788 26.65 4
    endloop
  endfacet
  facet normal -0.730054 0.68339 0
    outer loop
      vertex 2.33345 22.6665 0
      vertex 2.48107 22.8242 4
      vertex 2.48107 22.8242 0
    endloop
  endfacet
  facet normal -0.730054 0.68339 0
    outer loop
      vertex 2.48107 22.8242 4
      vertex 2.33345 22.6665 0
      vertex 2.33345 22.6665 4
    endloop
  endfacet
  facet normal -0.772945 0.634473 0
    outer loop
      vertex 2.48107 22.8242 0
      vertex 2.61807 22.9911 4
      vertex 2.61807 22.9911 0
    endloop
  endfacet
  facet normal -0.772945 0.634473 0
    outer loop
      vertex 2.61807 22.9911 4
      vertex 2.48107 22.8242 0
      vertex 2.48107 22.8242 4
    endloop
  endfacet
  facet normal -0.849234 0.528016 0
    outer loop
      vertex 2.74385 23.1666 0
      vertex 2.85788 23.35 4
      vertex 2.85788 23.35 0
    endloop
  endfacet
  facet normal -0.849234 0.528016 0
    outer loop
      vertex 2.85788 23.35 4
      vertex 2.74385 23.1666 0
      vertex 2.74385 23.1666 4
    endloop
  endfacet
  facet normal -0.935898 0.35227 0
    outer loop
      vertex 3.0488 23.7371 0
      vertex 3.12487 23.9392 4
      vertex 3.12487 23.9392 0
    endloop
  endfacet
  facet normal -0.935898 0.35227 0
    outer loop
      vertex 3.12487 23.9392 4
      vertex 3.0488 23.7371 0
      vertex 3.0488 23.7371 4
    endloop
  endfacet
  facet normal -0.973872 0.227098 0
    outer loop
      vertex 3.18755 24.1459 0
      vertex 3.23659 24.3562 4
      vertex 3.23659 24.3562 0
    endloop
  endfacet
  facet normal -0.973872 0.227098 0
    outer loop
      vertex 3.23659 24.3562 4
      vertex 3.18755 24.1459 0
      vertex 3.18755 24.1459 4
    endloop
  endfacet
  facet normal -0.999464 0.0327442 0
    outer loop
      vertex 3.29293 24.7842 0
      vertex 3.3 25 4
      vertex 3.3 25 0
    endloop
  endfacet
  facet normal -0.999464 0.0327442 0
    outer loop
      vertex 3.3 25 4
      vertex 3.29293 24.7842 0
      vertex 3.29293 24.7842 4
    endloop
  endfacet
  facet normal -0.812806 0.582534 0
    outer loop
      vertex 2.61807 22.9911 0
      vertex 2.74385 23.1666 4
      vertex 2.74385 23.1666 0
    endloop
  endfacet
  facet normal -0.812806 0.582534 0
    outer loop
      vertex 2.74385 23.1666 4
      vertex 2.61807 22.9911 0
      vertex 2.61807 22.9911 4
    endloop
  endfacet
  facet normal -0.91087 0.412693 0
    outer loop
      vertex 2.95968 23.5404 0
      vertex 3.0488 23.7371 4
      vertex 3.0488 23.7371 0
    endloop
  endfacet
  facet normal -0.91087 0.412693 0
    outer loop
      vertex 3.0488 23.7371 4
      vertex 2.95968 23.5404 0
      vertex 2.95968 23.5404 4
    endloop
  endfacet
  facet normal 0.999459 0.0328785 0
    outer loop
      vertex -28.2929 -0.21583 4
      vertex -28.3 0 0
      vertex -28.3 0 4
    endloop
  endfacet
  facet normal 0.999459 0.0328785 0
    outer loop
      vertex -28.3 0 0
      vertex -28.2929 -0.21583 4
      vertex -28.2929 -0.21583 0
    endloop
  endfacet
  facet normal -0.0327442 0.999464 0
    outer loop
      vertex -24.7842 -3.29293 0
      vertex -25 -3.3 4
      vertex -24.7842 -3.29293 4
    endloop
  endfacet
  facet normal -0.0327442 0.999464 0
    outer loop
      vertex -25 -3.3 4
      vertex -24.7842 -3.29293 0
      vertex -25 -3.3 0
    endloop
  endfacet
  facet normal 0.0327442 -0.999464 0
    outer loop
      vertex -25.2158 3.29293 0
      vertex -25 3.3 4
      vertex -25.2158 3.29293 4
    endloop
  endfacet
  facet normal 0.0327442 -0.999464 0
    outer loop
      vertex -25 3.3 4
      vertex -25.2158 3.29293 0
      vertex -25 3.3 0
    endloop
  endfacet
  facet normal 0.582534 0.812806 -0
    outer loop
      vertex -26.8334 -2.74385 0
      vertex -27.0089 -2.61807 4
      vertex -26.8334 -2.74385 4
    endloop
  endfacet
  facet normal 0.582534 0.812806 0
    outer loop
      vertex -27.0089 -2.61807 4
      vertex -26.8334 -2.74385 0
      vertex -27.0089 -2.61807 0
    endloop
  endfacet
  facet normal -0.849271 0.527958 0
    outer loop
      vertex -22.2561 -1.83338 0
      vertex -22.1421 -1.65 4
      vertex -22.1421 -1.65 0
    endloop
  endfacet
  facet normal -0.849271 0.527958 0
    outer loop
      vertex -22.1421 -1.65 4
      vertex -22.2561 -1.83338 0
      vertex -22.2561 -1.83338 4
    endloop
  endfacet
  facet normal -0.634473 0.772945 0
    outer loop
      vertex -22.8242 -2.48107 0
      vertex -22.9911 -2.61807 4
      vertex -22.8242 -2.48107 4
    endloop
  endfacet
  facet normal -0.634473 0.772945 0
    outer loop
      vertex -22.9911 -2.61807 4
      vertex -22.8242 -2.48107 0
      vertex -22.9911 -2.61807 0
    endloop
  endfacet
  facet normal 0.910905 0.412616 0
    outer loop
      vertex -27.9597 -1.45955 4
      vertex -28.0488 -1.26285 0
      vertex -28.0488 -1.26285 4
    endloop
  endfacet
  facet normal 0.910905 0.412616 0
    outer loop
      vertex -28.0488 -1.26285 0
      vertex -27.9597 -1.45955 4
      vertex -27.9597 -1.45955 0
    endloop
  endfacet
  facet normal 0.956922 0.290344 0
    outer loop
      vertex -28.1249 -1.06075 4
      vertex -28.1876 -0.854102 0
      vertex -28.1876 -0.854102 4
    endloop
  endfacet
  facet normal 0.956922 0.290344 0
    outer loop
      vertex -28.1876 -0.854102 0
      vertex -28.1249 -1.06075 4
      vertex -28.1249 -1.06075 0
    endloop
  endfacet
  facet normal 0.849063 0.528292 0
    outer loop
      vertex -27.7438 -1.83338 4
      vertex -27.8579 -1.65 0
      vertex -27.8579 -1.65 4
    endloop
  endfacet
  facet normal 0.849063 0.528292 0
    outer loop
      vertex -27.8579 -1.65 0
      vertex -27.7438 -1.83338 4
      vertex -27.7438 -1.83338 0
    endloop
  endfacet
  facet normal 0.881917 0.471405 0
    outer loop
      vertex -27.8579 -1.65 4
      vertex -27.9597 -1.45955 0
      vertex -27.9597 -1.45955 4
    endloop
  endfacet
  facet normal 0.881917 0.471405 0
    outer loop
      vertex -27.9597 -1.45955 0
      vertex -27.8579 -1.65 4
      vertex -27.8579 -1.65 0
    endloop
  endfacet
  facet normal 0.162882 0.986646 -0
    outer loop
      vertex -25.4307 -3.27177 0
      vertex -25.6438 -3.23659 4
      vertex -25.4307 -3.27177 4
    endloop
  endfacet
  facet normal 0.162882 0.986646 0
    outer loop
      vertex -25.6438 -3.23659 4
      vertex -25.4307 -3.27177 0
      vertex -25.6438 -3.23659 0
    endloop
  endfacet
  facet normal 0.0979905 0.995187 -0
    outer loop
      vertex -25.2158 -3.29293 0
      vertex -25.4307 -3.27177 4
      vertex -25.2158 -3.29293 4
    endloop
  endfacet
  facet normal 0.0979905 0.995187 0
    outer loop
      vertex -25.4307 -3.27177 4
      vertex -25.2158 -3.29293 0
      vertex -25.4307 -3.27177 0
    endloop
  endfacet
  facet normal 0.352117 0.935956 -0
    outer loop
      vertex -26.0607 -3.12487 0
      vertex -26.2629 -3.0488 4
      vertex -26.0607 -3.12487 4
    endloop
  endfacet
  facet normal 0.352117 0.935956 0
    outer loop
      vertex -26.2629 -3.0488 4
      vertex -26.0607 -3.12487 0
      vertex -26.2629 -3.0488 0
    endloop
  endfacet
  facet normal 0.634473 0.772945 -0
    outer loop
      vertex -27.0089 -2.61807 0
      vertex -27.1758 -2.48107 4
      vertex -27.0089 -2.61807 4
    endloop
  endfacet
  facet normal 0.634473 0.772945 0
    outer loop
      vertex -27.1758 -2.48107 4
      vertex -27.0089 -2.61807 0
      vertex -27.1758 -2.48107 0
    endloop
  endfacet
  facet normal -0.812809 0.58253 0
    outer loop
      vertex -22.3819 -2.00891 0
      vertex -22.2561 -1.83338 4
      vertex -22.2561 -1.83338 0
    endloop
  endfacet
  facet normal -0.812809 0.58253 0
    outer loop
      vertex -22.2561 -1.83338 4
      vertex -22.3819 -2.00891 0
      vertex -22.3819 -2.00891 4
    endloop
  endfacet
  facet normal -0.935853 0.352392 0
    outer loop
      vertex -21.9512 -1.26285 0
      vertex -21.8751 -1.06075 4
      vertex -21.8751 -1.06075 0
    endloop
  endfacet
  facet normal -0.935853 0.352392 0
    outer loop
      vertex -21.8751 -1.06075 4
      vertex -21.9512 -1.26285 0
      vertex -21.9512 -1.26285 4
    endloop
  endfacet
  facet normal -0.528016 0.849234 0
    outer loop
      vertex -23.1666 -2.74385 0
      vertex -23.35 -2.85788 4
      vertex -23.1666 -2.74385 4
    endloop
  endfacet
  facet normal -0.528016 0.849234 0
    outer loop
      vertex -23.35 -2.85788 4
      vertex -23.1666 -2.74385 0
      vertex -23.35 -2.85788 0
    endloop
  endfacet
  facet normal -0.582534 0.812806 0
    outer loop
      vertex -22.9911 -2.61807 0
      vertex -23.1666 -2.74385 4
      vertex -22.9911 -2.61807 4
    endloop
  endfacet
  facet normal -0.582534 0.812806 0
    outer loop
      vertex -23.1666 -2.74385 4
      vertex -22.9911 -2.61807 0
      vertex -23.1666 -2.74385 0
    endloop
  endfacet
  facet normal -0.35227 0.935898 0
    outer loop
      vertex -23.7371 -3.0488 0
      vertex -23.9392 -3.12487 4
      vertex -23.7371 -3.0488 4
    endloop
  endfacet
  facet normal -0.35227 0.935898 0
    outer loop
      vertex -23.9392 -3.12487 4
      vertex -23.7371 -3.0488 0
      vertex -23.9392 -3.12487 0
    endloop
  endfacet
  facet normal -0.0979905 0.995187 0
    outer loop
      vertex -24.5693 -3.27177 0
      vertex -24.7842 -3.29293 4
      vertex -24.5693 -3.27177 4
    endloop
  endfacet
  facet normal -0.0979905 0.995187 0
    outer loop
      vertex -24.7842 -3.29293 4
      vertex -24.5693 -3.27177 0
      vertex -24.7842 -3.29293 0
    endloop
  endfacet
  facet normal 0.729905 -0.683548 0
    outer loop
      vertex -27.4811 2.17584 4
      vertex -27.3335 2.33345 0
      vertex -27.3335 2.33345 4
    endloop
  endfacet
  facet normal 0.729905 -0.683548 0
    outer loop
      vertex -27.3335 2.33345 0
      vertex -27.4811 2.17584 4
      vertex -27.4811 2.17584 0
    endloop
  endfacet
  facet normal -0.35227 -0.935898 0
    outer loop
      vertex -23.9392 3.12487 0
      vertex -23.7371 3.0488 4
      vertex -23.9392 3.12487 4
    endloop
  endfacet
  facet normal -0.35227 -0.935898 -0
    outer loop
      vertex -23.7371 3.0488 4
      vertex -23.9392 3.12487 0
      vertex -23.7371 3.0488 0
    endloop
  endfacet
  facet normal 0.352117 -0.935956 0
    outer loop
      vertex -26.2629 3.0488 0
      vertex -26.0607 3.12487 4
      vertex -26.2629 3.0488 4
    endloop
  endfacet
  facet normal 0.352117 -0.935956 0
    outer loop
      vertex -26.0607 3.12487 4
      vertex -26.2629 3.0488 0
      vertex -26.0607 3.12487 0
    endloop
  endfacet
  facet normal 0.995215 0.0977126 0
    outer loop
      vertex -28.2718 -0.430736 4
      vertex -28.2929 -0.21583 0
      vertex -28.2929 -0.21583 4
    endloop
  endfacet
  facet normal 0.995215 0.0977126 0
    outer loop
      vertex -28.2929 -0.21583 0
      vertex -28.2718 -0.430736 4
      vertex -28.2718 -0.430736 0
    endloop
  endfacet
  facet normal 0.973914 0.226918 0
    outer loop
      vertex -28.1876 -0.854102 4
      vertex -28.2366 -0.643798 0
      vertex -28.2366 -0.643798 4
    endloop
  endfacet
  facet normal 0.973914 0.226918 0
    outer loop
      vertex -28.2366 -0.643798 0
      vertex -28.1876 -0.854102 4
      vertex -28.1876 -0.854102 0
    endloop
  endfacet
  facet normal 0.935853 0.352392 0
    outer loop
      vertex -28.0488 -1.26285 4
      vertex -28.1249 -1.06075 0
      vertex -28.1249 -1.06075 4
    endloop
  endfacet
  facet normal 0.935853 0.352392 0
    outer loop
      vertex -28.1249 -1.06075 0
      vertex -28.0488 -1.26285 4
      vertex -28.0488 -1.26285 0
    endloop
  endfacet
  facet normal 0.729905 0.683548 0
    outer loop
      vertex -27.3335 -2.33345 4
      vertex -27.4811 -2.17584 0
      vertex -27.4811 -2.17584 4
    endloop
  endfacet
  facet normal 0.729905 0.683548 0
    outer loop
      vertex -27.4811 -2.17584 0
      vertex -27.3335 -2.33345 4
      vertex -27.3335 -2.33345 0
    endloop
  endfacet
  facet normal 0.773001 0.634405 0
    outer loop
      vertex -27.4811 -2.17584 4
      vertex -27.6181 -2.00891 0
      vertex -27.6181 -2.00891 4
    endloop
  endfacet
  facet normal 0.773001 0.634405 0
    outer loop
      vertex -27.6181 -2.00891 0
      vertex -27.4811 -2.17584 4
      vertex -27.4811 -2.17584 0
    endloop
  endfacet
  facet normal 0.68339 0.730054 -0
    outer loop
      vertex -27.1758 -2.48107 0
      vertex -27.3335 -2.33345 4
      vertex -27.1758 -2.48107 4
    endloop
  endfacet
  facet normal 0.68339 0.730054 0
    outer loop
      vertex -27.3335 -2.33345 4
      vertex -27.1758 -2.48107 0
      vertex -27.3335 -2.33345 0
    endloop
  endfacet
  facet normal 0.813029 0.582224 0
    outer loop
      vertex -27.6181 -2.00891 4
      vertex -27.7438 -1.83338 0
      vertex -27.7438 -1.83338 4
    endloop
  endfacet
  facet normal 0.813029 0.582224 0
    outer loop
      vertex -27.7438 -1.83338 0
      vertex -27.6181 -2.00891 4
      vertex -27.6181 -2.00891 0
    endloop
  endfacet
  facet normal 0.290321 0.956929 -0
    outer loop
      vertex -25.8541 -3.18755 0
      vertex -26.0607 -3.12487 4
      vertex -25.8541 -3.18755 4
    endloop
  endfacet
  facet normal 0.290321 0.956929 0
    outer loop
      vertex -26.0607 -3.12487 4
      vertex -25.8541 -3.18755 0
      vertex -26.0607 -3.12487 0
    endloop
  endfacet
  facet normal 0.227098 0.973872 -0
    outer loop
      vertex -25.6438 -3.23659 0
      vertex -25.8541 -3.18755 4
      vertex -25.6438 -3.23659 4
    endloop
  endfacet
  facet normal 0.227098 0.973872 0
    outer loop
      vertex -25.8541 -3.18755 4
      vertex -25.6438 -3.23659 0
      vertex -25.8541 -3.18755 0
    endloop
  endfacet
  facet normal 0.0327442 0.999464 -0
    outer loop
      vertex -25 -3.3 0
      vertex -25.2158 -3.29293 4
      vertex -25 -3.3 4
    endloop
  endfacet
  facet normal 0.0327442 0.999464 0
    outer loop
      vertex -25.2158 -3.29293 4
      vertex -25 -3.3 0
      vertex -25.2158 -3.29293 0
    endloop
  endfacet
  facet normal 0.471501 0.881865 -0
    outer loop
      vertex -26.4596 -2.95968 0
      vertex -26.65 -2.85788 4
      vertex -26.4596 -2.95968 4
    endloop
  endfacet
  facet normal 0.471501 0.881865 0
    outer loop
      vertex -26.65 -2.85788 4
      vertex -26.4596 -2.95968 0
      vertex -26.65 -2.85788 0
    endloop
  endfacet
  facet normal -0.729905 0.683548 0
    outer loop
      vertex -22.6665 -2.33345 0
      vertex -22.5189 -2.17584 4
      vertex -22.5189 -2.17584 0
    endloop
  endfacet
  facet normal -0.729905 0.683548 0
    outer loop
      vertex -22.5189 -2.17584 4
      vertex -22.6665 -2.33345 0
      vertex -22.6665 -2.33345 4
    endloop
  endfacet
  facet normal -0.773001 0.634405 0
    outer loop
      vertex -22.5189 -2.17584 0
      vertex -22.3819 -2.00891 4
      vertex -22.3819 -2.00891 0
    endloop
  endfacet
  facet normal -0.773001 0.634405 0
    outer loop
      vertex -22.3819 -2.00891 4
      vertex -22.5189 -2.17584 0
      vertex -22.5189 -2.17584 4
    endloop
  endfacet
  facet normal -0.910905 0.412616 0
    outer loop
      vertex -22.0403 -1.45955 0
      vertex -21.9512 -1.26285 4
      vertex -21.9512 -1.26285 0
    endloop
  endfacet
  facet normal -0.910905 0.412616 0
    outer loop
      vertex -21.9512 -1.26285 4
      vertex -22.0403 -1.45955 0
      vertex -22.0403 -1.45955 4
    endloop
  endfacet
  facet normal -0.881917 0.471405 0
    outer loop
      vertex -22.1421 -1.65 0
      vertex -22.0403 -1.45955 4
      vertex -22.0403 -1.45955 0
    endloop
  endfacet
  facet normal -0.881917 0.471405 0
    outer loop
      vertex -22.0403 -1.45955 4
      vertex -22.1421 -1.65 0
      vertex -22.1421 -1.65 4
    endloop
  endfacet
  facet normal -0.956922 0.290344 0
    outer loop
      vertex -21.8751 -1.06075 0
      vertex -21.8124 -0.854102 4
      vertex -21.8124 -0.854102 0
    endloop
  endfacet
  facet normal -0.956922 0.290344 0
    outer loop
      vertex -21.8124 -0.854102 4
      vertex -21.8751 -1.06075 0
      vertex -21.8751 -1.06075 4
    endloop
  endfacet
  facet normal -0.986626 0.163001 0
    outer loop
      vertex -21.7634 -0.643798 0
      vertex -21.7282 -0.430736 4
      vertex -21.7282 -0.430736 0
    endloop
  endfacet
  facet normal -0.986626 0.163001 0
    outer loop
      vertex -21.7282 -0.430736 4
      vertex -21.7634 -0.643798 0
      vertex -21.7634 -0.643798 4
    endloop
  endfacet
  facet normal -0.999459 0.0328785 0
    outer loop
      vertex -21.7071 -0.21583 0
      vertex -21.7 0 4
      vertex -21.7 0 0
    endloop
  endfacet
  facet normal -0.999459 0.0328785 0
    outer loop
      vertex -21.7 0 4
      vertex -21.7071 -0.21583 0
      vertex -21.7071 -0.21583 4
    endloop
  endfacet
  facet normal -0.412693 0.91087 0
    outer loop
      vertex -23.5404 -2.95968 0
      vertex -23.7371 -3.0488 4
      vertex -23.5404 -2.95968 4
    endloop
  endfacet
  facet normal -0.412693 0.91087 0
    outer loop
      vertex -23.7371 -3.0488 4
      vertex -23.5404 -2.95968 0
      vertex -23.7371 -3.0488 0
    endloop
  endfacet
  facet normal -0.227098 0.973872 0
    outer loop
      vertex -24.1459 -3.18755 0
      vertex -24.3562 -3.23659 4
      vertex -24.1459 -3.18755 4
    endloop
  endfacet
  facet normal -0.227098 0.973872 0
    outer loop
      vertex -24.3562 -3.23659 4
      vertex -24.1459 -3.18755 0
      vertex -24.3562 -3.23659 0
    endloop
  endfacet
  facet normal -0.162882 0.986646 0
    outer loop
      vertex -24.3562 -3.23659 0
      vertex -24.5693 -3.27177 4
      vertex -24.3562 -3.23659 4
    endloop
  endfacet
  facet normal -0.162882 0.986646 0
    outer loop
      vertex -24.5693 -3.27177 4
      vertex -24.3562 -3.23659 0
      vertex -24.5693 -3.27177 0
    endloop
  endfacet
  facet normal 0.999459 -0.0328785 0
    outer loop
      vertex -28.3 0 4
      vertex -28.2929 0.21583 0
      vertex -28.2929 0.21583 4
    endloop
  endfacet
  facet normal 0.999459 -0.0328785 0
    outer loop
      vertex -28.2929 0.21583 0
      vertex -28.3 0 4
      vertex -28.3 0 0
    endloop
  endfacet
  facet normal 0.935853 -0.352392 0
    outer loop
      vertex -28.1249 1.06075 4
      vertex -28.0488 1.26285 0
      vertex -28.0488 1.26285 4
    endloop
  endfacet
  facet normal 0.935853 -0.352392 0
    outer loop
      vertex -28.0488 1.26285 0
      vertex -28.1249 1.06075 4
      vertex -28.1249 1.06075 0
    endloop
  endfacet
  facet normal 0.986626 -0.163001 0
    outer loop
      vertex -28.2718 0.430736 4
      vertex -28.2366 0.643798 0
      vertex -28.2366 0.643798 4
    endloop
  endfacet
  facet normal 0.986626 -0.163001 0
    outer loop
      vertex -28.2366 0.643798 0
      vertex -28.2718 0.430736 4
      vertex -28.2718 0.430736 0
    endloop
  endfacet
  facet normal 0.995215 -0.0977126 0
    outer loop
      vertex -28.2929 0.21583 4
      vertex -28.2718 0.430736 0
      vertex -28.2718 0.430736 4
    endloop
  endfacet
  facet normal 0.995215 -0.0977126 0
    outer loop
      vertex -28.2718 0.430736 0
      vertex -28.2929 0.21583 4
      vertex -28.2929 0.21583 0
    endloop
  endfacet
  facet normal 0.910905 -0.412616 0
    outer loop
      vertex -28.0488 1.26285 4
      vertex -27.9597 1.45955 0
      vertex -27.9597 1.45955 4
    endloop
  endfacet
  facet normal 0.910905 -0.412616 0
    outer loop
      vertex -27.9597 1.45955 0
      vertex -28.0488 1.26285 4
      vertex -28.0488 1.26285 0
    endloop
  endfacet
  facet normal -0.935853 -0.352392 0
    outer loop
      vertex -21.8751 1.06075 0
      vertex -21.9512 1.26285 4
      vertex -21.9512 1.26285 0
    endloop
  endfacet
  facet normal -0.935853 -0.352392 0
    outer loop
      vertex -21.9512 1.26285 4
      vertex -21.8751 1.06075 0
      vertex -21.8751 1.06075 4
    endloop
  endfacet
  facet normal 0.412693 -0.91087 0
    outer loop
      vertex -26.4596 2.95968 0
      vertex -26.2629 3.0488 4
      vertex -26.4596 2.95968 4
    endloop
  endfacet
  facet normal 0.412693 -0.91087 0
    outer loop
      vertex -26.2629 3.0488 4
      vertex -26.4596 2.95968 0
      vertex -26.2629 3.0488 0
    endloop
  endfacet
  facet normal 0.986626 0.163001 0
    outer loop
      vertex -28.2366 -0.643798 4
      vertex -28.2718 -0.430736 0
      vertex -28.2718 -0.430736 4
    endloop
  endfacet
  facet normal 0.986626 0.163001 0
    outer loop
      vertex -28.2718 -0.430736 0
      vertex -28.2366 -0.643798 4
      vertex -28.2366 -0.643798 0
    endloop
  endfacet
  facet normal 0.412693 0.91087 -0
    outer loop
      vertex -26.2629 -3.0488 0
      vertex -26.4596 -2.95968 4
      vertex -26.2629 -3.0488 4
    endloop
  endfacet
  facet normal 0.412693 0.91087 0
    outer loop
      vertex -26.4596 -2.95968 4
      vertex -26.2629 -3.0488 0
      vertex -26.4596 -2.95968 0
    endloop
  endfacet
  facet normal 0.528016 0.849234 -0
    outer loop
      vertex -26.65 -2.85788 0
      vertex -26.8334 -2.74385 4
      vertex -26.65 -2.85788 4
    endloop
  endfacet
  facet normal 0.528016 0.849234 0
    outer loop
      vertex -26.8334 -2.74385 4
      vertex -26.65 -2.85788 0
      vertex -26.8334 -2.74385 0
    endloop
  endfacet
  facet normal -0.973914 0.226918 0
    outer loop
      vertex -21.8124 -0.854102 0
      vertex -21.7634 -0.643798 4
      vertex -21.7634 -0.643798 0
    endloop
  endfacet
  facet normal -0.973914 0.226918 0
    outer loop
      vertex -21.7634 -0.643798 4
      vertex -21.8124 -0.854102 0
      vertex -21.8124 -0.854102 4
    endloop
  endfacet
  facet normal -0.995215 0.0977126 0
    outer loop
      vertex -21.7282 -0.430736 0
      vertex -21.7071 -0.21583 4
      vertex -21.7071 -0.21583 0
    endloop
  endfacet
  facet normal -0.995215 0.0977126 0
    outer loop
      vertex -21.7071 -0.21583 4
      vertex -21.7282 -0.430736 0
      vertex -21.7282 -0.430736 4
    endloop
  endfacet
  facet normal -0.68339 0.730054 0
    outer loop
      vertex -22.6665 -2.33345 0
      vertex -22.8242 -2.48107 4
      vertex -22.6665 -2.33345 4
    endloop
  endfacet
  facet normal -0.68339 0.730054 0
    outer loop
      vertex -22.8242 -2.48107 4
      vertex -22.6665 -2.33345 0
      vertex -22.8242 -2.48107 0
    endloop
  endfacet
  facet normal -0.471501 0.881865 0
    outer loop
      vertex -23.35 -2.85788 0
      vertex -23.5404 -2.95968 4
      vertex -23.35 -2.85788 4
    endloop
  endfacet
  facet normal -0.471501 0.881865 0
    outer loop
      vertex -23.5404 -2.95968 4
      vertex -23.35 -2.85788 0
      vertex -23.5404 -2.95968 0
    endloop
  endfacet
  facet normal -0.290192 0.956968 0
    outer loop
      vertex -23.9392 -3.12487 0
      vertex -24.1459 -3.18755 4
      vertex -23.9392 -3.12487 4
    endloop
  endfacet
  facet normal -0.290192 0.956968 0
    outer loop
      vertex -24.1459 -3.18755 4
      vertex -23.9392 -3.12487 0
      vertex -24.1459 -3.18755 0
    endloop
  endfacet
  facet normal 0.773001 -0.634405 0
    outer loop
      vertex -27.6181 2.00891 4
      vertex -27.4811 2.17584 0
      vertex -27.4811 2.17584 4
    endloop
  endfacet
  facet normal 0.773001 -0.634405 0
    outer loop
      vertex -27.4811 2.17584 0
      vertex -27.6181 2.00891 4
      vertex -27.6181 2.00891 0
    endloop
  endfacet
  facet normal 0.849063 -0.528292 0
    outer loop
      vertex -27.8579 1.65 4
      vertex -27.7438 1.83338 0
      vertex -27.7438 1.83338 4
    endloop
  endfacet
  facet normal 0.849063 -0.528292 0
    outer loop
      vertex -27.7438 1.83338 0
      vertex -27.8579 1.65 4
      vertex -27.8579 1.65 0
    endloop
  endfacet
  facet normal 0.881917 -0.471405 0
    outer loop
      vertex -27.9597 1.45955 4
      vertex -27.8579 1.65 0
      vertex -27.8579 1.65 4
    endloop
  endfacet
  facet normal 0.881917 -0.471405 0
    outer loop
      vertex -27.8579 1.65 0
      vertex -27.9597 1.45955 4
      vertex -27.9597 1.45955 0
    endloop
  endfacet
  facet normal -0.412693 -0.91087 0
    outer loop
      vertex -23.7371 3.0488 0
      vertex -23.5404 2.95968 4
      vertex -23.7371 3.0488 4
    endloop
  endfacet
  facet normal -0.412693 -0.91087 -0
    outer loop
      vertex -23.5404 2.95968 4
      vertex -23.7371 3.0488 0
      vertex -23.5404 2.95968 0
    endloop
  endfacet
  facet normal -0.812809 -0.58253 0
    outer loop
      vertex -22.2561 1.83338 0
      vertex -22.3819 2.00891 4
      vertex -22.3819 2.00891 0
    endloop
  endfacet
  facet normal -0.812809 -0.58253 0
    outer loop
      vertex -22.3819 2.00891 4
      vertex -22.2561 1.83338 0
      vertex -22.2561 1.83338 4
    endloop
  endfacet
  facet normal -0.729905 -0.683548 0
    outer loop
      vertex -22.5189 2.17584 0
      vertex -22.6665 2.33345 4
      vertex -22.6665 2.33345 0
    endloop
  endfacet
  facet normal -0.729905 -0.683548 0
    outer loop
      vertex -22.6665 2.33345 4
      vertex -22.5189 2.17584 0
      vertex -22.5189 2.17584 4
    endloop
  endfacet
  facet normal -0.849271 -0.527958 0
    outer loop
      vertex -22.1421 1.65 0
      vertex -22.2561 1.83338 4
      vertex -22.2561 1.83338 0
    endloop
  endfacet
  facet normal -0.849271 -0.527958 0
    outer loop
      vertex -22.2561 1.83338 4
      vertex -22.1421 1.65 0
      vertex -22.1421 1.65 4
    endloop
  endfacet
  facet normal -0.956922 -0.290344 0
    outer loop
      vertex -21.8124 0.854102 0
      vertex -21.8751 1.06075 4
      vertex -21.8751 1.06075 0
    endloop
  endfacet
  facet normal -0.956922 -0.290344 0
    outer loop
      vertex -21.8751 1.06075 4
      vertex -21.8124 0.854102 0
      vertex -21.8124 0.854102 4
    endloop
  endfacet
  facet normal -0.973914 -0.226918 0
    outer loop
      vertex -21.7634 0.643798 0
      vertex -21.8124 0.854102 4
      vertex -21.8124 0.854102 0
    endloop
  endfacet
  facet normal -0.973914 -0.226918 0
    outer loop
      vertex -21.8124 0.854102 4
      vertex -21.7634 0.643798 0
      vertex -21.7634 0.643798 4
    endloop
  endfacet
  facet normal -0.999459 -0.0328785 0
    outer loop
      vertex -21.7 0 0
      vertex -21.7071 0.21583 4
      vertex -21.7071 0.21583 0
    endloop
  endfacet
  facet normal -0.999459 -0.0328785 0
    outer loop
      vertex -21.7071 0.21583 4
      vertex -21.7 0 0
      vertex -21.7 0 4
    endloop
  endfacet
  facet normal 0.290321 -0.956929 0
    outer loop
      vertex -26.0607 3.12487 0
      vertex -25.8541 3.18755 4
      vertex -26.0607 3.12487 4
    endloop
  endfacet
  facet normal 0.290321 -0.956929 0
    outer loop
      vertex -25.8541 3.18755 4
      vertex -26.0607 3.12487 0
      vertex -25.8541 3.18755 0
    endloop
  endfacet
  facet normal 0.162882 -0.986646 0
    outer loop
      vertex -25.6438 3.23659 0
      vertex -25.4307 3.27177 4
      vertex -25.6438 3.23659 4
    endloop
  endfacet
  facet normal 0.162882 -0.986646 0
    outer loop
      vertex -25.4307 3.27177 4
      vertex -25.6438 3.23659 0
      vertex -25.4307 3.27177 0
    endloop
  endfacet
  facet normal 0.0979905 -0.995187 0
    outer loop
      vertex -25.4307 3.27177 0
      vertex -25.2158 3.29293 4
      vertex -25.4307 3.27177 4
    endloop
  endfacet
  facet normal 0.0979905 -0.995187 0
    outer loop
      vertex -25.2158 3.29293 4
      vertex -25.4307 3.27177 0
      vertex -25.2158 3.29293 0
    endloop
  endfacet
  facet normal 0.973914 -0.226918 0
    outer loop
      vertex -28.2366 0.643798 4
      vertex -28.1876 0.854102 0
      vertex -28.1876 0.854102 4
    endloop
  endfacet
  facet normal 0.973914 -0.226918 0
    outer loop
      vertex -28.1876 0.854102 0
      vertex -28.2366 0.643798 4
      vertex -28.2366 0.643798 0
    endloop
  endfacet
  facet normal 0.956922 -0.290344 0
    outer loop
      vertex -28.1876 0.854102 4
      vertex -28.1249 1.06075 0
      vertex -28.1249 1.06075 4
    endloop
  endfacet
  facet normal 0.956922 -0.290344 0
    outer loop
      vertex -28.1249 1.06075 0
      vertex -28.1876 0.854102 4
      vertex -28.1876 0.854102 0
    endloop
  endfacet
  facet normal 0.813029 -0.582224 0
    outer loop
      vertex -27.7438 1.83338 4
      vertex -27.6181 2.00891 0
      vertex -27.6181 2.00891 4
    endloop
  endfacet
  facet normal 0.813029 -0.582224 0
    outer loop
      vertex -27.6181 2.00891 0
      vertex -27.7438 1.83338 4
      vertex -27.7438 1.83338 0
    endloop
  endfacet
  facet normal 0.68339 -0.730054 0
    outer loop
      vertex -27.3335 2.33345 0
      vertex -27.1758 2.48107 4
      vertex -27.3335 2.33345 4
    endloop
  endfacet
  facet normal 0.68339 -0.730054 0
    outer loop
      vertex -27.1758 2.48107 4
      vertex -27.3335 2.33345 0
      vertex -27.1758 2.48107 0
    endloop
  endfacet
  facet normal -0.0327442 -0.999464 0
    outer loop
      vertex -25 3.3 0
      vertex -24.7842 3.29293 4
      vertex -25 3.3 4
    endloop
  endfacet
  facet normal -0.0327442 -0.999464 -0
    outer loop
      vertex -24.7842 3.29293 4
      vertex -25 3.3 0
      vertex -24.7842 3.29293 0
    endloop
  endfacet
  facet normal -0.528016 -0.849234 0
    outer loop
      vertex -23.35 2.85788 0
      vertex -23.1666 2.74385 4
      vertex -23.35 2.85788 4
    endloop
  endfacet
  facet normal -0.528016 -0.849234 -0
    outer loop
      vertex -23.1666 2.74385 4
      vertex -23.35 2.85788 0
      vertex -23.1666 2.74385 0
    endloop
  endfacet
  facet normal -0.162882 -0.986646 0
    outer loop
      vertex -24.5693 3.27177 0
      vertex -24.3562 3.23659 4
      vertex -24.5693 3.27177 4
    endloop
  endfacet
  facet normal -0.162882 -0.986646 -0
    outer loop
      vertex -24.3562 3.23659 4
      vertex -24.5693 3.27177 0
      vertex -24.3562 3.23659 0
    endloop
  endfacet
  facet normal -0.0979905 -0.995187 0
    outer loop
      vertex -24.7842 3.29293 0
      vertex -24.5693 3.27177 4
      vertex -24.7842 3.29293 4
    endloop
  endfacet
  facet normal -0.0979905 -0.995187 -0
    outer loop
      vertex -24.5693 3.27177 4
      vertex -24.7842 3.29293 0
      vertex -24.5693 3.27177 0
    endloop
  endfacet
  facet normal -0.773001 -0.634405 0
    outer loop
      vertex -22.3819 2.00891 0
      vertex -22.5189 2.17584 4
      vertex -22.5189 2.17584 0
    endloop
  endfacet
  facet normal -0.773001 -0.634405 0
    outer loop
      vertex -22.5189 2.17584 4
      vertex -22.3819 2.00891 0
      vertex -22.3819 2.00891 4
    endloop
  endfacet
  facet normal -0.881917 -0.471405 0
    outer loop
      vertex -22.0403 1.45955 0
      vertex -22.1421 1.65 4
      vertex -22.1421 1.65 0
    endloop
  endfacet
  facet normal -0.881917 -0.471405 0
    outer loop
      vertex -22.1421 1.65 4
      vertex -22.0403 1.45955 0
      vertex -22.0403 1.45955 4
    endloop
  endfacet
  facet normal -0.910905 -0.412616 0
    outer loop
      vertex -21.9512 1.26285 0
      vertex -22.0403 1.45955 4
      vertex -22.0403 1.45955 0
    endloop
  endfacet
  facet normal -0.910905 -0.412616 0
    outer loop
      vertex -22.0403 1.45955 4
      vertex -21.9512 1.26285 0
      vertex -21.9512 1.26285 4
    endloop
  endfacet
  facet normal -0.986626 -0.163001 0
    outer loop
      vertex -21.7282 0.430736 0
      vertex -21.7634 0.643798 4
      vertex -21.7634 0.643798 0
    endloop
  endfacet
  facet normal -0.986626 -0.163001 0
    outer loop
      vertex -21.7634 0.643798 4
      vertex -21.7282 0.430736 0
      vertex -21.7282 0.430736 4
    endloop
  endfacet
  facet normal -0.995215 -0.0977126 0
    outer loop
      vertex -21.7071 0.21583 0
      vertex -21.7282 0.430736 4
      vertex -21.7282 0.430736 0
    endloop
  endfacet
  facet normal -0.995215 -0.0977126 0
    outer loop
      vertex -21.7282 0.430736 4
      vertex -21.7071 0.21583 0
      vertex -21.7071 0.21583 4
    endloop
  endfacet
  facet normal 0.227098 -0.973872 0
    outer loop
      vertex -25.8541 3.18755 0
      vertex -25.6438 3.23659 4
      vertex -25.8541 3.18755 4
    endloop
  endfacet
  facet normal 0.227098 -0.973872 0
    outer loop
      vertex -25.6438 3.23659 4
      vertex -25.8541 3.18755 0
      vertex -25.6438 3.23659 0
    endloop
  endfacet
  facet normal 0.634473 -0.772945 0
    outer loop
      vertex -27.1758 2.48107 0
      vertex -27.0089 2.61807 4
      vertex -27.1758 2.48107 4
    endloop
  endfacet
  facet normal 0.634473 -0.772945 0
    outer loop
      vertex -27.0089 2.61807 4
      vertex -27.1758 2.48107 0
      vertex -27.0089 2.61807 0
    endloop
  endfacet
  facet normal 0.582534 -0.812806 0
    outer loop
      vertex -27.0089 2.61807 0
      vertex -26.8334 2.74385 4
      vertex -27.0089 2.61807 4
    endloop
  endfacet
  facet normal 0.582534 -0.812806 0
    outer loop
      vertex -26.8334 2.74385 4
      vertex -27.0089 2.61807 0
      vertex -26.8334 2.74385 0
    endloop
  endfacet
  facet normal 0.528016 -0.849234 0
    outer loop
      vertex -26.8334 2.74385 0
      vertex -26.65 2.85788 4
      vertex -26.8334 2.74385 4
    endloop
  endfacet
  facet normal 0.528016 -0.849234 0
    outer loop
      vertex -26.65 2.85788 4
      vertex -26.8334 2.74385 0
      vertex -26.65 2.85788 0
    endloop
  endfacet
  facet normal 0.471501 -0.881865 0
    outer loop
      vertex -26.65 2.85788 0
      vertex -26.4596 2.95968 4
      vertex -26.65 2.85788 4
    endloop
  endfacet
  facet normal 0.471501 -0.881865 0
    outer loop
      vertex -26.4596 2.95968 4
      vertex -26.65 2.85788 0
      vertex -26.4596 2.95968 0
    endloop
  endfacet
  facet normal -0.471501 -0.881865 0
    outer loop
      vertex -23.5404 2.95968 0
      vertex -23.35 2.85788 4
      vertex -23.5404 2.95968 4
    endloop
  endfacet
  facet normal -0.471501 -0.881865 -0
    outer loop
      vertex -23.35 2.85788 4
      vertex -23.5404 2.95968 0
      vertex -23.35 2.85788 0
    endloop
  endfacet
  facet normal -0.582534 -0.812806 0
    outer loop
      vertex -23.1666 2.74385 0
      vertex -22.9911 2.61807 4
      vertex -23.1666 2.74385 4
    endloop
  endfacet
  facet normal -0.582534 -0.812806 -0
    outer loop
      vertex -22.9911 2.61807 4
      vertex -23.1666 2.74385 0
      vertex -22.9911 2.61807 0
    endloop
  endfacet
  facet normal -0.634473 -0.772945 0
    outer loop
      vertex -22.9911 2.61807 0
      vertex -22.8242 2.48107 4
      vertex -22.9911 2.61807 4
    endloop
  endfacet
  facet normal -0.634473 -0.772945 -0
    outer loop
      vertex -22.8242 2.48107 4
      vertex -22.9911 2.61807 0
      vertex -22.8242 2.48107 0
    endloop
  endfacet
  facet normal -0.68339 -0.730054 0
    outer loop
      vertex -22.8242 2.48107 0
      vertex -22.6665 2.33345 4
      vertex -22.8242 2.48107 4
    endloop
  endfacet
  facet normal -0.68339 -0.730054 -0
    outer loop
      vertex -22.6665 2.33345 4
      vertex -22.8242 2.48107 0
      vertex -22.6665 2.33345 0
    endloop
  endfacet
  facet normal -0.227098 -0.973872 0
    outer loop
      vertex -24.3562 3.23659 0
      vertex -24.1459 3.18755 4
      vertex -24.3562 3.23659 4
    endloop
  endfacet
  facet normal -0.227098 -0.973872 -0
    outer loop
      vertex -24.1459 3.18755 4
      vertex -24.3562 3.23659 0
      vertex -24.1459 3.18755 0
    endloop
  endfacet
  facet normal -0.290192 -0.956968 0
    outer loop
      vertex -24.1459 3.18755 0
      vertex -23.9392 3.12487 4
      vertex -24.1459 3.18755 4
    endloop
  endfacet
  facet normal -0.290192 -0.956968 -0
    outer loop
      vertex -23.9392 3.12487 4
      vertex -24.1459 3.18755 0
      vertex -23.9392 3.12487 0
    endloop
  endfacet
  facet normal -0.471405 0.881917 0
    outer loop
      vertex 1.65 -27.8579 0
      vertex 1.45955 -27.9597 4
      vertex 1.65 -27.8579 4
    endloop
  endfacet
  facet normal -0.471405 0.881917 0
    outer loop
      vertex 1.45955 -27.9597 4
      vertex 1.65 -27.8579 0
      vertex 1.45955 -27.9597 0
    endloop
  endfacet
  facet normal -0.935898 -0.35227 0
    outer loop
      vertex 3.12487 -23.9392 0
      vertex 3.0488 -23.7371 4
      vertex 3.0488 -23.7371 0
    endloop
  endfacet
  facet normal -0.935898 -0.35227 0
    outer loop
      vertex 3.0488 -23.7371 4
      vertex 3.12487 -23.9392 0
      vertex 3.12487 -23.9392 4
    endloop
  endfacet
  facet normal -0.412616 -0.910905 0
    outer loop
      vertex 1.26285 -21.9512 0
      vertex 1.45955 -22.0403 4
      vertex 1.26285 -21.9512 4
    endloop
  endfacet
  facet normal -0.412616 -0.910905 -0
    outer loop
      vertex 1.45955 -22.0403 4
      vertex 1.26285 -21.9512 0
      vertex 1.45955 -22.0403 0
    endloop
  endfacet
  facet normal -0.995187 0.0979905 0
    outer loop
      vertex 3.27177 -25.4307 0
      vertex 3.29293 -25.2158 4
      vertex 3.29293 -25.2158 0
    endloop
  endfacet
  facet normal -0.995187 0.0979905 0
    outer loop
      vertex 3.29293 -25.2158 4
      vertex 3.27177 -25.4307 0
      vertex 3.27177 -25.4307 4
    endloop
  endfacet
  facet normal -0.849234 0.528016 0
    outer loop
      vertex 2.74385 -26.8334 0
      vertex 2.85788 -26.65 4
      vertex 2.85788 -26.65 0
    endloop
  endfacet
  facet normal -0.849234 0.528016 0
    outer loop
      vertex 2.85788 -26.65 4
      vertex 2.74385 -26.8334 0
      vertex 2.74385 -26.8334 4
    endloop
  endfacet
  facet normal -0.683548 -0.729905 0
    outer loop
      vertex 2.17584 -22.5189 0
      vertex 2.33345 -22.6665 4
      vertex 2.17584 -22.5189 4
    endloop
  endfacet
  facet normal -0.683548 -0.729905 -0
    outer loop
      vertex 2.33345 -22.6665 4
      vertex 2.17584 -22.5189 0
      vertex 2.33345 -22.6665 0
    endloop
  endfacet
  facet normal -0.986646 -0.162882 0
    outer loop
      vertex 3.27177 -24.5693 0
      vertex 3.23659 -24.3562 4
      vertex 3.23659 -24.3562 0
    endloop
  endfacet
  facet normal -0.986646 -0.162882 0
    outer loop
      vertex 3.23659 -24.3562 4
      vertex 3.27177 -24.5693 0
      vertex 3.27177 -24.5693 4
    endloop
  endfacet
  facet normal 0.730054 -0.68339 0
    outer loop
      vertex -2.48107 -22.8242 4
      vertex -2.33345 -22.6665 0
      vertex -2.33345 -22.6665 4
    endloop
  endfacet
  facet normal 0.730054 -0.68339 0
    outer loop
      vertex -2.33345 -22.6665 0
      vertex -2.48107 -22.8242 4
      vertex -2.48107 -22.8242 0
    endloop
  endfacet
  facet normal -0.163001 0.986626 0
    outer loop
      vertex 0.643798 -28.2366 0
      vertex 0.430736 -28.2718 4
      vertex 0.643798 -28.2366 4
    endloop
  endfacet
  facet normal -0.163001 0.986626 0
    outer loop
      vertex 0.430736 -28.2718 4
      vertex 0.643798 -28.2366 0
      vertex 0.430736 -28.2718 0
    endloop
  endfacet
  facet normal -0.290344 0.956922 0
    outer loop
      vertex 1.06075 -28.1249 0
      vertex 0.854102 -28.1876 4
      vertex 1.06075 -28.1249 4
    endloop
  endfacet
  facet normal -0.290344 0.956922 0
    outer loop
      vertex 0.854102 -28.1876 4
      vertex 1.06075 -28.1249 0
      vertex 0.854102 -28.1876 0
    endloop
  endfacet
  facet normal -0.730054 0.68339 0
    outer loop
      vertex 2.33345 -27.3335 0
      vertex 2.48107 -27.1758 4
      vertex 2.48107 -27.1758 0
    endloop
  endfacet
  facet normal -0.730054 0.68339 0
    outer loop
      vertex 2.48107 -27.1758 4
      vertex 2.33345 -27.3335 0
      vertex 2.33345 -27.3335 4
    endloop
  endfacet
  facet normal -0.999464 0.0327442 0
    outer loop
      vertex 3.29293 -25.2158 0
      vertex 3.3 -25 4
      vertex 3.3 -25 0
    endloop
  endfacet
  facet normal -0.999464 0.0327442 0
    outer loop
      vertex 3.3 -25 4
      vertex 3.29293 -25.2158 0
      vertex 3.29293 -25.2158 4
    endloop
  endfacet
  facet normal -0.772945 0.634473 0
    outer loop
      vertex 2.48107 -27.1758 0
      vertex 2.61807 -27.0089 4
      vertex 2.61807 -27.0089 0
    endloop
  endfacet
  facet normal -0.772945 0.634473 0
    outer loop
      vertex 2.61807 -27.0089 4
      vertex 2.48107 -27.1758 0
      vertex 2.48107 -27.1758 4
    endloop
  endfacet
  facet normal -0.0328785 -0.999459 0
    outer loop
      vertex 0 -21.7 0
      vertex 0.21583 -21.7071 4
      vertex 0 -21.7 4
    endloop
  endfacet
  facet normal -0.0328785 -0.999459 -0
    outer loop
      vertex 0.21583 -21.7071 4
      vertex 0 -21.7 0
      vertex 0.21583 -21.7071 0
    endloop
  endfacet
  facet normal -0.352392 -0.935853 0
    outer loop
      vertex 1.06075 -21.8751 0
      vertex 1.26285 -21.9512 4
      vertex 1.06075 -21.8751 4
    endloop
  endfacet
  facet normal -0.352392 -0.935853 -0
    outer loop
      vertex 1.26285 -21.9512 4
      vertex 1.06075 -21.8751 0
      vertex 1.26285 -21.9512 0
    endloop
  endfacet
  facet normal -0.226918 -0.973914 0
    outer loop
      vertex 0.643798 -21.7634 0
      vertex 0.854102 -21.8124 4
      vertex 0.643798 -21.7634 4
    endloop
  endfacet
  facet normal -0.226918 -0.973914 -0
    outer loop
      vertex 0.854102 -21.8124 4
      vertex 0.643798 -21.7634 0
      vertex 0.854102 -21.8124 0
    endloop
  endfacet
  facet normal -0.527958 -0.849271 0
    outer loop
      vertex 1.65 -22.1421 0
      vertex 1.83338 -22.2561 4
      vertex 1.65 -22.1421 4
    endloop
  endfacet
  facet normal -0.527958 -0.849271 -0
    outer loop
      vertex 1.83338 -22.2561 4
      vertex 1.65 -22.1421 0
      vertex 1.83338 -22.2561 0
    endloop
  endfacet
  facet normal -0.58253 -0.812809 0
    outer loop
      vertex 1.83338 -22.2561 0
      vertex 2.00891 -22.3819 4
      vertex 1.83338 -22.2561 4
    endloop
  endfacet
  facet normal -0.58253 -0.812809 -0
    outer loop
      vertex 2.00891 -22.3819 4
      vertex 1.83338 -22.2561 0
      vertex 2.00891 -22.3819 0
    endloop
  endfacet
  facet normal -0.995187 -0.0979905 0
    outer loop
      vertex 3.29293 -24.7842 0
      vertex 3.27177 -24.5693 4
      vertex 3.27177 -24.5693 0
    endloop
  endfacet
  facet normal -0.995187 -0.0979905 0
    outer loop
      vertex 3.27177 -24.5693 4
      vertex 3.29293 -24.7842 0
      vertex 3.29293 -24.7842 4
    endloop
  endfacet
  facet normal -0.849234 -0.528016 0
    outer loop
      vertex 2.85788 -23.35 0
      vertex 2.74385 -23.1666 4
      vertex 2.74385 -23.1666 0
    endloop
  endfacet
  facet normal -0.849234 -0.528016 0
    outer loop
      vertex 2.74385 -23.1666 4
      vertex 2.85788 -23.35 0
      vertex 2.85788 -23.35 4
    endloop
  endfacet
  facet normal -0.812806 -0.582534 0
    outer loop
      vertex 2.74385 -23.1666 0
      vertex 2.61807 -22.9911 4
      vertex 2.61807 -22.9911 0
    endloop
  endfacet
  facet normal -0.812806 -0.582534 0
    outer loop
      vertex 2.61807 -22.9911 4
      vertex 2.74385 -23.1666 0
      vertex 2.74385 -23.1666 4
    endloop
  endfacet
  facet normal -0.881865 -0.471501 0
    outer loop
      vertex 2.95968 -23.5404 0
      vertex 2.85788 -23.35 4
      vertex 2.85788 -23.35 0
    endloop
  endfacet
  facet normal -0.881865 -0.471501 0
    outer loop
      vertex 2.85788 -23.35 4
      vertex 2.95968 -23.5404 0
      vertex 2.95968 -23.5404 4
    endloop
  endfacet
  facet normal 0.0977126 0.995215 -0
    outer loop
      vertex -0.21583 -28.2929 0
      vertex -0.430736 -28.2718 4
      vertex -0.21583 -28.2929 4
    endloop
  endfacet
  facet normal 0.0977126 0.995215 0
    outer loop
      vertex -0.430736 -28.2718 4
      vertex -0.21583 -28.2929 0
      vertex -0.430736 -28.2718 0
    endloop
  endfacet
  facet normal 0.0328785 -0.999459 0
    outer loop
      vertex -0.21583 -21.7071 0
      vertex 0 -21.7 4
      vertex -0.21583 -21.7071 4
    endloop
  endfacet
  facet normal 0.0328785 -0.999459 0
    outer loop
      vertex 0 -21.7 4
      vertex -0.21583 -21.7071 0
      vertex 0 -21.7 0
    endloop
  endfacet
  facet normal -0.0977126 0.995215 0
    outer loop
      vertex 0.430736 -28.2718 0
      vertex 0.21583 -28.2929 4
      vertex 0.430736 -28.2718 4
    endloop
  endfacet
  facet normal -0.0977126 0.995215 0
    outer loop
      vertex 0.21583 -28.2929 4
      vertex 0.430736 -28.2718 0
      vertex 0.21583 -28.2929 0
    endloop
  endfacet
  facet normal -0.226918 0.973914 0
    outer loop
      vertex 0.854102 -28.1876 0
      vertex 0.643798 -28.2366 4
      vertex 0.854102 -28.1876 4
    endloop
  endfacet
  facet normal -0.226918 0.973914 0
    outer loop
      vertex 0.643798 -28.2366 4
      vertex 0.854102 -28.1876 0
      vertex 0.643798 -28.2366 0
    endloop
  endfacet
  facet normal -0.528292 0.849063 0
    outer loop
      vertex 1.83338 -27.7438 0
      vertex 1.65 -27.8579 4
      vertex 1.83338 -27.7438 4
    endloop
  endfacet
  facet normal -0.528292 0.849063 0
    outer loop
      vertex 1.65 -27.8579 4
      vertex 1.83338 -27.7438 0
      vertex 1.65 -27.8579 0
    endloop
  endfacet
  facet normal -0.634405 0.773001 0
    outer loop
      vertex 2.17584 -27.4811 0
      vertex 2.00891 -27.6181 4
      vertex 2.17584 -27.4811 4
    endloop
  endfacet
  facet normal -0.634405 0.773001 0
    outer loop
      vertex 2.00891 -27.6181 4
      vertex 2.17584 -27.4811 0
      vertex 2.00891 -27.6181 0
    endloop
  endfacet
  facet normal -0.999464 -0.0327442 0
    outer loop
      vertex 3.3 -25 0
      vertex 3.29293 -24.7842 4
      vertex 3.29293 -24.7842 0
    endloop
  endfacet
  facet normal -0.999464 -0.0327442 0
    outer loop
      vertex 3.29293 -24.7842 4
      vertex 3.3 -25 0
      vertex 3.3 -25 4
    endloop
  endfacet
  facet normal -0.956929 0.290321 0
    outer loop
      vertex 3.12487 -26.0607 0
      vertex 3.18755 -25.8541 4
      vertex 3.18755 -25.8541 0
    endloop
  endfacet
  facet normal -0.956929 0.290321 0
    outer loop
      vertex 3.18755 -25.8541 4
      vertex 3.12487 -26.0607 0
      vertex 3.12487 -26.0607 4
    endloop
  endfacet
  facet normal -0.986646 0.162882 0
    outer loop
      vertex 3.23659 -25.6438 0
      vertex 3.27177 -25.4307 4
      vertex 3.27177 -25.4307 0
    endloop
  endfacet
  facet normal -0.986646 0.162882 0
    outer loop
      vertex 3.27177 -25.4307 4
      vertex 3.23659 -25.6438 0
      vertex 3.23659 -25.6438 4
    endloop
  endfacet
  facet normal -0.881865 0.471501 0
    outer loop
      vertex 2.85788 -26.65 0
      vertex 2.95968 -26.4596 4
      vertex 2.95968 -26.4596 0
    endloop
  endfacet
  facet normal -0.881865 0.471501 0
    outer loop
      vertex 2.95968 -26.4596 4
      vertex 2.85788 -26.65 0
      vertex 2.85788 -26.65 4
    endloop
  endfacet
  facet normal -0.935956 0.352117 0
    outer loop
      vertex 3.0488 -26.2629 0
      vertex 3.12487 -26.0607 4
      vertex 3.12487 -26.0607 0
    endloop
  endfacet
  facet normal -0.935956 0.352117 0
    outer loop
      vertex 3.12487 -26.0607 4
      vertex 3.0488 -26.2629 0
      vertex 3.0488 -26.2629 4
    endloop
  endfacet
  facet normal -0.812806 0.582534 0
    outer loop
      vertex 2.61807 -27.0089 0
      vertex 2.74385 -26.8334 4
      vertex 2.74385 -26.8334 0
    endloop
  endfacet
  facet normal -0.812806 0.582534 0
    outer loop
      vertex 2.74385 -26.8334 4
      vertex 2.61807 -27.0089 0
      vertex 2.61807 -27.0089 4
    endloop
  endfacet
  facet normal -0.163001 -0.986626 0
    outer loop
      vertex 0.430736 -21.7282 0
      vertex 0.643798 -21.7634 4
      vertex 0.430736 -21.7282 4
    endloop
  endfacet
  facet normal -0.163001 -0.986626 -0
    outer loop
      vertex 0.643798 -21.7634 4
      vertex 0.430736 -21.7282 0
      vertex 0.643798 -21.7634 0
    endloop
  endfacet
  facet normal -0.0977126 -0.995215 0
    outer loop
      vertex 0.21583 -21.7071 0
      vertex 0.430736 -21.7282 4
      vertex 0.21583 -21.7071 4
    endloop
  endfacet
  facet normal -0.0977126 -0.995215 -0
    outer loop
      vertex 0.430736 -21.7282 4
      vertex 0.21583 -21.7071 0
      vertex 0.430736 -21.7282 0
    endloop
  endfacet
  facet normal -0.290344 -0.956922 0
    outer loop
      vertex 0.854102 -21.8124 0
      vertex 1.06075 -21.8751 4
      vertex 0.854102 -21.8124 4
    endloop
  endfacet
  facet normal -0.290344 -0.956922 -0
    outer loop
      vertex 1.06075 -21.8751 4
      vertex 0.854102 -21.8124 0
      vertex 1.06075 -21.8751 0
    endloop
  endfacet
  facet normal -0.471405 -0.881917 0
    outer loop
      vertex 1.45955 -22.0403 0
      vertex 1.65 -22.1421 4
      vertex 1.45955 -22.0403 4
    endloop
  endfacet
  facet normal -0.471405 -0.881917 -0
    outer loop
      vertex 1.65 -22.1421 4
      vertex 1.45955 -22.0403 0
      vertex 1.65 -22.1421 0
    endloop
  endfacet
  facet normal -0.634405 -0.773001 0
    outer loop
      vertex 2.00891 -22.3819 0
      vertex 2.17584 -22.5189 4
      vertex 2.00891 -22.3819 4
    endloop
  endfacet
  facet normal -0.634405 -0.773001 -0
    outer loop
      vertex 2.17584 -22.5189 4
      vertex 2.00891 -22.3819 0
      vertex 2.17584 -22.5189 0
    endloop
  endfacet
  facet normal -0.956968 -0.290192 0
    outer loop
      vertex 3.18755 -24.1459 0
      vertex 3.12487 -23.9392 4
      vertex 3.12487 -23.9392 0
    endloop
  endfacet
  facet normal -0.956968 -0.290192 0
    outer loop
      vertex 3.12487 -23.9392 4
      vertex 3.18755 -24.1459 0
      vertex 3.18755 -24.1459 4
    endloop
  endfacet
  facet normal -0.91087 -0.412693 0
    outer loop
      vertex 3.0488 -23.7371 0
      vertex 2.95968 -23.5404 4
      vertex 2.95968 -23.5404 0
    endloop
  endfacet
  facet normal -0.91087 -0.412693 0
    outer loop
      vertex 2.95968 -23.5404 4
      vertex 3.0488 -23.7371 0
      vertex 3.0488 -23.7371 4
    endloop
  endfacet
  facet normal -0.772945 -0.634473 0
    outer loop
      vertex 2.61807 -22.9911 0
      vertex 2.48107 -22.8242 4
      vertex 2.48107 -22.8242 0
    endloop
  endfacet
  facet normal -0.772945 -0.634473 0
    outer loop
      vertex 2.48107 -22.8242 4
      vertex 2.61807 -22.9911 0
      vertex 2.61807 -22.9911 4
    endloop
  endfacet
  facet normal -0.730054 -0.68339 0
    outer loop
      vertex 2.48107 -22.8242 0
      vertex 2.33345 -22.6665 4
      vertex 2.33345 -22.6665 0
    endloop
  endfacet
  facet normal -0.730054 -0.68339 0
    outer loop
      vertex 2.33345 -22.6665 4
      vertex 2.48107 -22.8242 0
      vertex 2.48107 -22.8242 4
    endloop
  endfacet
  facet normal -0.0328785 0.999459 0
    outer loop
      vertex 0.21583 -28.2929 0
      vertex 0 -28.3 4
      vertex 0.21583 -28.2929 4
    endloop
  endfacet
  facet normal -0.0328785 0.999459 0
    outer loop
      vertex 0 -28.3 4
      vertex 0.21583 -28.2929 0
      vertex 0 -28.3 0
    endloop
  endfacet
  facet normal 0.163001 0.986626 -0
    outer loop
      vertex -0.430736 -28.2718 0
      vertex -0.643798 -28.2366 4
      vertex -0.430736 -28.2718 4
    endloop
  endfacet
  facet normal 0.163001 0.986626 0
    outer loop
      vertex -0.643798 -28.2366 4
      vertex -0.430736 -28.2718 0
      vertex -0.643798 -28.2366 0
    endloop
  endfacet
  facet normal 0.471405 0.881917 -0
    outer loop
      vertex -1.45955 -27.9597 0
      vertex -1.65 -27.8579 4
      vertex -1.45955 -27.9597 4
    endloop
  endfacet
  facet normal 0.471405 0.881917 0
    outer loop
      vertex -1.65 -27.8579 4
      vertex -1.45955 -27.9597 0
      vertex -1.65 -27.8579 0
    endloop
  endfacet
  facet normal 0.995187 0.0979905 0
    outer loop
      vertex -3.27177 -25.4307 4
      vertex -3.29293 -25.2158 0
      vertex -3.29293 -25.2158 4
    endloop
  endfacet
  facet normal 0.995187 0.0979905 0
    outer loop
      vertex -3.29293 -25.2158 0
      vertex -3.27177 -25.4307 4
      vertex -3.27177 -25.4307 0
    endloop
  endfacet
  facet normal 0.935956 0.352117 0
    outer loop
      vertex -3.0488 -26.2629 4
      vertex -3.12487 -26.0607 0
      vertex -3.12487 -26.0607 4
    endloop
  endfacet
  facet normal 0.935956 0.352117 0
    outer loop
      vertex -3.12487 -26.0607 0
      vertex -3.0488 -26.2629 4
      vertex -3.0488 -26.2629 0
    endloop
  endfacet
  facet normal 0.91087 0.412693 0
    outer loop
      vertex -2.95968 -26.4596 4
      vertex -3.0488 -26.2629 0
      vertex -3.0488 -26.2629 4
    endloop
  endfacet
  facet normal 0.91087 0.412693 0
    outer loop
      vertex -3.0488 -26.2629 0
      vertex -2.95968 -26.4596 4
      vertex -2.95968 -26.4596 0
    endloop
  endfacet
  facet normal -0.412616 0.910905 0
    outer loop
      vertex 1.45955 -27.9597 0
      vertex 1.26285 -28.0488 4
      vertex 1.45955 -27.9597 4
    endloop
  endfacet
  facet normal -0.412616 0.910905 0
    outer loop
      vertex 1.26285 -28.0488 4
      vertex 1.45955 -27.9597 0
      vertex 1.26285 -28.0488 0
    endloop
  endfacet
  facet normal -0.352392 0.935853 0
    outer loop
      vertex 1.26285 -28.0488 0
      vertex 1.06075 -28.1249 4
      vertex 1.26285 -28.0488 4
    endloop
  endfacet
  facet normal -0.352392 0.935853 0
    outer loop
      vertex 1.06075 -28.1249 4
      vertex 1.26285 -28.0488 0
      vertex 1.06075 -28.1249 0
    endloop
  endfacet
  facet normal -0.582224 0.813029 0
    outer loop
      vertex 2.00891 -27.6181 0
      vertex 1.83338 -27.7438 4
      vertex 2.00891 -27.6181 4
    endloop
  endfacet
  facet normal -0.582224 0.813029 0
    outer loop
      vertex 1.83338 -27.7438 4
      vertex 2.00891 -27.6181 0
      vertex 1.83338 -27.7438 0
    endloop
  endfacet
  facet normal -0.683548 0.729905 0
    outer loop
      vertex 2.33345 -27.3335 0
      vertex 2.17584 -27.4811 4
      vertex 2.33345 -27.3335 4
    endloop
  endfacet
  facet normal -0.683548 0.729905 0
    outer loop
      vertex 2.17584 -27.4811 4
      vertex 2.33345 -27.3335 0
      vertex 2.17584 -27.4811 0
    endloop
  endfacet
  facet normal -0.973872 0.227098 0
    outer loop
      vertex 3.18755 -25.8541 0
      vertex 3.23659 -25.6438 4
      vertex 3.23659 -25.6438 0
    endloop
  endfacet
  facet normal -0.973872 0.227098 0
    outer loop
      vertex 3.23659 -25.6438 4
      vertex 3.18755 -25.8541 0
      vertex 3.18755 -25.8541 4
    endloop
  endfacet
  facet normal -0.91087 0.412693 0
    outer loop
      vertex 2.95968 -26.4596 0
      vertex 3.0488 -26.2629 4
      vertex 3.0488 -26.2629 0
    endloop
  endfacet
  facet normal -0.91087 0.412693 0
    outer loop
      vertex 3.0488 -26.2629 4
      vertex 2.95968 -26.4596 0
      vertex 2.95968 -26.4596 4
    endloop
  endfacet
  facet normal -0.973872 -0.227098 0
    outer loop
      vertex 3.23659 -24.3562 0
      vertex 3.18755 -24.1459 4
      vertex 3.18755 -24.1459 0
    endloop
  endfacet
  facet normal -0.973872 -0.227098 0
    outer loop
      vertex 3.18755 -24.1459 4
      vertex 3.23659 -24.3562 0
      vertex 3.23659 -24.3562 4
    endloop
  endfacet
  facet normal 0.290344 0.956922 -0
    outer loop
      vertex -0.854102 -28.1876 0
      vertex -1.06075 -28.1249 4
      vertex -0.854102 -28.1876 4
    endloop
  endfacet
  facet normal 0.290344 0.956922 0
    outer loop
      vertex -1.06075 -28.1249 4
      vertex -0.854102 -28.1876 0
      vertex -1.06075 -28.1249 0
    endloop
  endfacet
  facet normal 0.0328785 0.999459 -0
    outer loop
      vertex 0 -28.3 0
      vertex -0.21583 -28.2929 4
      vertex 0 -28.3 4
    endloop
  endfacet
  facet normal 0.0328785 0.999459 0
    outer loop
      vertex -0.21583 -28.2929 4
      vertex 0 -28.3 0
      vertex -0.21583 -28.2929 0
    endloop
  endfacet
  facet normal 0.772945 0.634473 0
    outer loop
      vertex -2.48107 -27.1758 4
      vertex -2.61807 -27.0089 0
      vertex -2.61807 -27.0089 4
    endloop
  endfacet
  facet normal 0.772945 0.634473 0
    outer loop
      vertex -2.61807 -27.0089 0
      vertex -2.48107 -27.1758 4
      vertex -2.48107 -27.1758 0
    endloop
  endfacet
  facet normal 0.634405 0.773001 -0
    outer loop
      vertex -2.00891 -27.6181 0
      vertex -2.17584 -27.4811 4
      vertex -2.00891 -27.6181 4
    endloop
  endfacet
  facet normal 0.634405 0.773001 0
    outer loop
      vertex -2.17584 -27.4811 4
      vertex -2.00891 -27.6181 0
      vertex -2.17584 -27.4811 0
    endloop
  endfacet
  facet normal 0.352392 0.935853 -0
    outer loop
      vertex -1.06075 -28.1249 0
      vertex -1.26285 -28.0488 4
      vertex -1.06075 -28.1249 4
    endloop
  endfacet
  facet normal 0.352392 0.935853 0
    outer loop
      vertex -1.26285 -28.0488 4
      vertex -1.06075 -28.1249 0
      vertex -1.26285 -28.0488 0
    endloop
  endfacet
  facet normal 0.849234 -0.528016 0
    outer loop
      vertex -2.85788 -23.35 4
      vertex -2.74385 -23.1666 0
      vertex -2.74385 -23.1666 4
    endloop
  endfacet
  facet normal 0.849234 -0.528016 0
    outer loop
      vertex -2.74385 -23.1666 0
      vertex -2.85788 -23.35 4
      vertex -2.85788 -23.35 0
    endloop
  endfacet
  facet normal 0.995187 -0.0979905 0
    outer loop
      vertex -3.29293 -24.7842 4
      vertex -3.27177 -24.5693 0
      vertex -3.27177 -24.5693 4
    endloop
  endfacet
  facet normal 0.995187 -0.0979905 0
    outer loop
      vertex -3.27177 -24.5693 0
      vertex -3.29293 -24.7842 4
      vertex -3.29293 -24.7842 0
    endloop
  endfacet
  facet normal 0.935898 -0.35227 0
    outer loop
      vertex -3.12487 -23.9392 4
      vertex -3.0488 -23.7371 0
      vertex -3.0488 -23.7371 4
    endloop
  endfacet
  facet normal 0.935898 -0.35227 0
    outer loop
      vertex -3.0488 -23.7371 0
      vertex -3.12487 -23.9392 4
      vertex -3.12487 -23.9392 0
    endloop
  endfacet
  facet normal 0.956968 -0.290192 0
    outer loop
      vertex -3.18755 -24.1459 4
      vertex -3.12487 -23.9392 0
      vertex -3.12487 -23.9392 4
    endloop
  endfacet
  facet normal 0.956968 -0.290192 0
    outer loop
      vertex -3.12487 -23.9392 0
      vertex -3.18755 -24.1459 4
      vertex -3.18755 -24.1459 0
    endloop
  endfacet
  facet normal 0.163001 -0.986626 0
    outer loop
      vertex -0.643798 -21.7634 0
      vertex -0.430736 -21.7282 4
      vertex -0.643798 -21.7634 4
    endloop
  endfacet
  facet normal 0.163001 -0.986626 0
    outer loop
      vertex -0.430736 -21.7282 4
      vertex -0.643798 -21.7634 0
      vertex -0.430736 -21.7282 0
    endloop
  endfacet
  facet normal 0.352392 -0.935853 0
    outer loop
      vertex -1.26285 -21.9512 0
      vertex -1.06075 -21.8751 4
      vertex -1.26285 -21.9512 4
    endloop
  endfacet
  facet normal 0.352392 -0.935853 0
    outer loop
      vertex -1.06075 -21.8751 4
      vertex -1.26285 -21.9512 0
      vertex -1.06075 -21.8751 0
    endloop
  endfacet
  facet normal 0.527958 -0.849271 0
    outer loop
      vertex -1.83338 -22.2561 0
      vertex -1.65 -22.1421 4
      vertex -1.83338 -22.2561 4
    endloop
  endfacet
  facet normal 0.527958 -0.849271 0
    outer loop
      vertex -1.65 -22.1421 4
      vertex -1.83338 -22.2561 0
      vertex -1.65 -22.1421 0
    endloop
  endfacet
  facet normal 0.58253 -0.812809 0
    outer loop
      vertex -2.00891 -22.3819 0
      vertex -1.83338 -22.2561 4
      vertex -2.00891 -22.3819 4
    endloop
  endfacet
  facet normal 0.58253 -0.812809 0
    outer loop
      vertex -1.83338 -22.2561 4
      vertex -2.00891 -22.3819 0
      vertex -1.83338 -22.2561 0
    endloop
  endfacet
  facet normal 0.683548 -0.729905 0
    outer loop
      vertex -2.33345 -22.6665 0
      vertex -2.17584 -22.5189 4
      vertex -2.33345 -22.6665 4
    endloop
  endfacet
  facet normal 0.683548 -0.729905 0
    outer loop
      vertex -2.17584 -22.5189 4
      vertex -2.33345 -22.6665 0
      vertex -2.17584 -22.5189 0
    endloop
  endfacet
  facet normal 0.986646 0.162882 0
    outer loop
      vertex -3.23659 -25.6438 4
      vertex -3.27177 -25.4307 0
      vertex -3.27177 -25.4307 4
    endloop
  endfacet
  facet normal 0.986646 0.162882 0
    outer loop
      vertex -3.27177 -25.4307 0
      vertex -3.23659 -25.6438 4
      vertex -3.23659 -25.6438 0
    endloop
  endfacet
  facet normal 0.226918 0.973914 -0
    outer loop
      vertex -0.643798 -28.2366 0
      vertex -0.854102 -28.1876 4
      vertex -0.643798 -28.2366 4
    endloop
  endfacet
  facet normal 0.226918 0.973914 0
    outer loop
      vertex -0.854102 -28.1876 4
      vertex -0.643798 -28.2366 0
      vertex -0.854102 -28.1876 0
    endloop
  endfacet
  facet normal 0.683548 0.729905 -0
    outer loop
      vertex -2.17584 -27.4811 0
      vertex -2.33345 -27.3335 4
      vertex -2.17584 -27.4811 4
    endloop
  endfacet
  facet normal 0.683548 0.729905 0
    outer loop
      vertex -2.33345 -27.3335 4
      vertex -2.17584 -27.4811 0
      vertex -2.33345 -27.3335 0
    endloop
  endfacet
  facet normal 0.812806 0.582534 0
    outer loop
      vertex -2.61807 -27.0089 4
      vertex -2.74385 -26.8334 0
      vertex -2.74385 -26.8334 4
    endloop
  endfacet
  facet normal 0.812806 0.582534 0
    outer loop
      vertex -2.74385 -26.8334 0
      vertex -2.61807 -27.0089 4
      vertex -2.61807 -27.0089 0
    endloop
  endfacet
  facet normal 0.849234 0.528016 0
    outer loop
      vertex -2.74385 -26.8334 4
      vertex -2.85788 -26.65 0
      vertex -2.85788 -26.65 4
    endloop
  endfacet
  facet normal 0.849234 0.528016 0
    outer loop
      vertex -2.85788 -26.65 0
      vertex -2.74385 -26.8334 4
      vertex -2.74385 -26.8334 0
    endloop
  endfacet
  facet normal 0.881865 0.471501 0
    outer loop
      vertex -2.85788 -26.65 4
      vertex -2.95968 -26.4596 0
      vertex -2.95968 -26.4596 4
    endloop
  endfacet
  facet normal 0.881865 0.471501 0
    outer loop
      vertex -2.95968 -26.4596 0
      vertex -2.85788 -26.65 4
      vertex -2.85788 -26.65 0
    endloop
  endfacet
  facet normal 0.528292 0.849063 -0
    outer loop
      vertex -1.65 -27.8579 0
      vertex -1.83338 -27.7438 4
      vertex -1.65 -27.8579 4
    endloop
  endfacet
  facet normal 0.528292 0.849063 0
    outer loop
      vertex -1.83338 -27.7438 4
      vertex -1.65 -27.8579 0
      vertex -1.83338 -27.7438 0
    endloop
  endfacet
  facet normal 0.582224 0.813029 -0
    outer loop
      vertex -1.83338 -27.7438 0
      vertex -2.00891 -27.6181 4
      vertex -1.83338 -27.7438 4
    endloop
  endfacet
  facet normal 0.582224 0.813029 0
    outer loop
      vertex -2.00891 -27.6181 4
      vertex -1.83338 -27.7438 0
      vertex -2.00891 -27.6181 0
    endloop
  endfacet
  facet normal 0.412616 0.910905 -0
    outer loop
      vertex -1.26285 -28.0488 0
      vertex -1.45955 -27.9597 4
      vertex -1.26285 -28.0488 4
    endloop
  endfacet
  facet normal 0.412616 0.910905 0
    outer loop
      vertex -1.45955 -27.9597 4
      vertex -1.26285 -28.0488 0
      vertex -1.45955 -27.9597 0
    endloop
  endfacet
  facet normal 0.772945 -0.634473 0
    outer loop
      vertex -2.61807 -22.9911 4
      vertex -2.48107 -22.8242 0
      vertex -2.48107 -22.8242 4
    endloop
  endfacet
  facet normal 0.772945 -0.634473 0
    outer loop
      vertex -2.48107 -22.8242 0
      vertex -2.61807 -22.9911 4
      vertex -2.61807 -22.9911 0
    endloop
  endfacet
  facet normal 0.999464 0.0327442 0
    outer loop
      vertex -3.29293 -25.2158 4
      vertex -3.3 -25 0
      vertex -3.3 -25 4
    endloop
  endfacet
  facet normal 0.999464 0.0327442 0
    outer loop
      vertex -3.3 -25 0
      vertex -3.29293 -25.2158 4
      vertex -3.29293 -25.2158 0
    endloop
  endfacet
  facet normal 0.999464 -0.0327442 0
    outer loop
      vertex -3.3 -25 4
      vertex -3.29293 -24.7842 0
      vertex -3.29293 -24.7842 4
    endloop
  endfacet
  facet normal 0.999464 -0.0327442 0
    outer loop
      vertex -3.29293 -24.7842 0
      vertex -3.3 -25 4
      vertex -3.3 -25 0
    endloop
  endfacet
  facet normal 0.812806 -0.582534 0
    outer loop
      vertex -2.74385 -23.1666 4
      vertex -2.61807 -22.9911 0
      vertex -2.61807 -22.9911 4
    endloop
  endfacet
  facet normal 0.812806 -0.582534 0
    outer loop
      vertex -2.61807 -22.9911 0
      vertex -2.74385 -23.1666 4
      vertex -2.74385 -23.1666 0
    endloop
  endfacet
  facet normal 0.91087 -0.412693 0
    outer loop
      vertex -3.0488 -23.7371 4
      vertex -2.95968 -23.5404 0
      vertex -2.95968 -23.5404 4
    endloop
  endfacet
  facet normal 0.91087 -0.412693 0
    outer loop
      vertex -2.95968 -23.5404 0
      vertex -3.0488 -23.7371 4
      vertex -3.0488 -23.7371 0
    endloop
  endfacet
  facet normal 0.881865 -0.471501 0
    outer loop
      vertex -2.95968 -23.5404 4
      vertex -2.85788 -23.35 0
      vertex -2.85788 -23.35 4
    endloop
  endfacet
  facet normal 0.881865 -0.471501 0
    outer loop
      vertex -2.85788 -23.35 0
      vertex -2.95968 -23.5404 4
      vertex -2.95968 -23.5404 0
    endloop
  endfacet
  facet normal 0.290344 -0.956922 0
    outer loop
      vertex -1.06075 -21.8751 0
      vertex -0.854102 -21.8124 4
      vertex -1.06075 -21.8751 4
    endloop
  endfacet
  facet normal 0.290344 -0.956922 0
    outer loop
      vertex -0.854102 -21.8124 4
      vertex -1.06075 -21.8751 0
      vertex -0.854102 -21.8124 0
    endloop
  endfacet
  facet normal 0.226918 -0.973914 0
    outer loop
      vertex -0.854102 -21.8124 0
      vertex -0.643798 -21.7634 4
      vertex -0.854102 -21.8124 4
    endloop
  endfacet
  facet normal 0.226918 -0.973914 0
    outer loop
      vertex -0.643798 -21.7634 4
      vertex -0.854102 -21.8124 0
      vertex -0.643798 -21.7634 0
    endloop
  endfacet
  facet normal 0.0977126 -0.995215 0
    outer loop
      vertex -0.430736 -21.7282 0
      vertex -0.21583 -21.7071 4
      vertex -0.430736 -21.7282 4
    endloop
  endfacet
  facet normal 0.0977126 -0.995215 0
    outer loop
      vertex -0.21583 -21.7071 4
      vertex -0.430736 -21.7282 0
      vertex -0.21583 -21.7071 0
    endloop
  endfacet
  facet normal 0.471405 -0.881917 0
    outer loop
      vertex -1.65 -22.1421 0
      vertex -1.45955 -22.0403 4
      vertex -1.65 -22.1421 4
    endloop
  endfacet
  facet normal 0.471405 -0.881917 0
    outer loop
      vertex -1.45955 -22.0403 4
      vertex -1.65 -22.1421 0
      vertex -1.45955 -22.0403 0
    endloop
  endfacet
  facet normal 0.412616 -0.910905 0
    outer loop
      vertex -1.45955 -22.0403 0
      vertex -1.26285 -21.9512 4
      vertex -1.45955 -22.0403 4
    endloop
  endfacet
  facet normal 0.412616 -0.910905 0
    outer loop
      vertex -1.26285 -21.9512 4
      vertex -1.45955 -22.0403 0
      vertex -1.26285 -21.9512 0
    endloop
  endfacet
  facet normal 0.634405 -0.773001 0
    outer loop
      vertex -2.17584 -22.5189 0
      vertex -2.00891 -22.3819 4
      vertex -2.17584 -22.5189 4
    endloop
  endfacet
  facet normal 0.634405 -0.773001 0
    outer loop
      vertex -2.00891 -22.3819 4
      vertex -2.17584 -22.5189 0
      vertex -2.00891 -22.3819 0
    endloop
  endfacet
  facet normal 0.956929 0.290321 0
    outer loop
      vertex -3.12487 -26.0607 4
      vertex -3.18755 -25.8541 0
      vertex -3.18755 -25.8541 4
    endloop
  endfacet
  facet normal 0.956929 0.290321 0
    outer loop
      vertex -3.18755 -25.8541 0
      vertex -3.12487 -26.0607 4
      vertex -3.12487 -26.0607 0
    endloop
  endfacet
  facet normal 0.973872 0.227098 0
    outer loop
      vertex -3.18755 -25.8541 4
      vertex -3.23659 -25.6438 0
      vertex -3.23659 -25.6438 4
    endloop
  endfacet
  facet normal 0.973872 0.227098 0
    outer loop
      vertex -3.23659 -25.6438 0
      vertex -3.18755 -25.8541 4
      vertex -3.18755 -25.8541 0
    endloop
  endfacet
  facet normal 0.730054 0.68339 0
    outer loop
      vertex -2.33345 -27.3335 4
      vertex -2.48107 -27.1758 0
      vertex -2.48107 -27.1758 4
    endloop
  endfacet
  facet normal 0.730054 0.68339 0
    outer loop
      vertex -2.48107 -27.1758 0
      vertex -2.33345 -27.3335 4
      vertex -2.33345 -27.3335 0
    endloop
  endfacet
  facet normal 0.973872 -0.227098 0
    outer loop
      vertex -3.23659 -24.3562 4
      vertex -3.18755 -24.1459 0
      vertex -3.18755 -24.1459 4
    endloop
  endfacet
  facet normal 0.973872 -0.227098 0
    outer loop
      vertex -3.18755 -24.1459 0
      vertex -3.23659 -24.3562 4
      vertex -3.23659 -24.3562 0
    endloop
  endfacet
  facet normal 0.986646 -0.162882 0
    outer loop
      vertex -3.27177 -24.5693 4
      vertex -3.23659 -24.3562 0
      vertex -3.23659 -24.3562 4
    endloop
  endfacet
  facet normal 0.986646 -0.162882 0
    outer loop
      vertex -3.23659 -24.3562 0
      vertex -3.27177 -24.5693 4
      vertex -3.27177 -24.5693 0
    endloop
  endfacet
  facet normal -0.582439 -0.812874 0
    outer loop
      vertex 8.88912 13.3035 0
      vertex 9.74018 12.6937 4
      vertex 8.88912 13.3035 4
    endloop
  endfacet
  facet normal -0.582439 -0.812874 -0
    outer loop
      vertex 9.74018 12.6937 4
      vertex 8.88912 13.3035 0
      vertex 9.74018 12.6937 0
    endloop
  endfacet
  facet normal 0.910868 0.412698 0
    outer loop
      vertex -14.35 -7.07662 4
      vertex -14.7821 -6.12293 0
      vertex -14.7821 -6.12293 4
    endloop
  endfacet
  facet normal 0.910868 0.412698 0
    outer loop
      vertex -14.7821 -6.12293 0
      vertex -14.35 -7.07662 4
      vertex -14.35 -7.07662 0
    endloop
  endfacet
  facet normal -0.956949 -0.290257 0
    outer loop
      vertex 15.4548 4.1411 0
      vertex 15.1509 5.14303 4
      vertex 15.1509 5.14303 0
    endloop
  endfacet
  facet normal -0.956949 -0.290257 0
    outer loop
      vertex 15.1509 5.14303 4
      vertex 15.4548 4.1411 0
      vertex 15.4548 4.1411 4
    endloop
  endfacet
  facet normal -0.812874 -0.582439 0
    outer loop
      vertex 13.3035 8.88912 0
      vertex 12.6937 9.74018 4
      vertex 12.6937 9.74018 0
    endloop
  endfacet
  facet normal -0.812874 -0.582439 0
    outer loop
      vertex 12.6937 9.74018 4
      vertex 13.3035 8.88912 0
      vertex 13.3035 8.88912 4
    endloop
  endfacet
  facet normal -0.528075 -0.849198 0
    outer loop
      vertex 8 13.8564 0
      vertex 8.88912 13.3035 4
      vertex 8 13.8564 4
    endloop
  endfacet
  facet normal -0.528075 -0.849198 -0
    outer loop
      vertex 8.88912 13.3035 4
      vertex 8 13.8564 0
      vertex 8.88912 13.3035 0
    endloop
  endfacet
  facet normal -0.0979934 -0.995187 0
    outer loop
      vertex 1.04645 15.9657 0
      vertex 2.08842 15.8631 4
      vertex 1.04645 15.9657 4
    endloop
  endfacet
  facet normal -0.0979934 -0.995187 -0
    outer loop
      vertex 2.08842 15.8631 4
      vertex 1.04645 15.9657 0
      vertex 2.08842 15.8631 0
    endloop
  endfacet
  facet normal 0.881904 -0.471429 0
    outer loop
      vertex -14.35 7.07662 4
      vertex -13.8564 8 0
      vertex -13.8564 8 4
    endloop
  endfacet
  facet normal 0.881904 -0.471429 0
    outer loop
      vertex -13.8564 8 0
      vertex -14.35 7.07662 4
      vertex -14.35 7.07662 0
    endloop
  endfacet
  facet normal 0.290257 -0.956949 0
    outer loop
      vertex -5.14303 15.1509 0
      vertex -4.1411 15.4548 4
      vertex -5.14303 15.1509 4
    endloop
  endfacet
  facet normal 0.290257 -0.956949 0
    outer loop
      vertex -4.1411 15.4548 4
      vertex -5.14303 15.1509 0
      vertex -4.1411 15.4548 0
    endloop
  endfacet
  facet normal 0.582439 -0.812874 0
    outer loop
      vertex -9.74018 12.6937 0
      vertex -8.88912 13.3035 4
      vertex -9.74018 12.6937 4
    endloop
  endfacet
  facet normal 0.582439 -0.812874 0
    outer loop
      vertex -8.88912 13.3035 4
      vertex -9.74018 12.6937 0
      vertex -8.88912 13.3035 0
    endloop
  endfacet
  facet normal -0.22712 0.973867 0
    outer loop
      vertex 4.1411 -15.4548 0
      vertex 3.12144 -15.6926 4
      vertex 4.1411 -15.4548 4
    endloop
  endfacet
  facet normal -0.22712 0.973867 0
    outer loop
      vertex 3.12144 -15.6926 4
      vertex 4.1411 -15.4548 0
      vertex 3.12144 -15.6926 0
    endloop
  endfacet
  facet normal -0.634455 0.77296 0
    outer loop
      vertex 10.5495 -12.0294 0
      vertex 9.74018 -12.6937 4
      vertex 10.5495 -12.0294 4
    endloop
  endfacet
  facet normal -0.634455 0.77296 0
    outer loop
      vertex 9.74018 -12.6937 4
      vertex 10.5495 -12.0294 0
      vertex 9.74018 -12.6937 0
    endloop
  endfacet
  facet normal 0.0979934 0.995187 -0
    outer loop
      vertex -1.04645 -15.9657 0
      vertex -2.08842 -15.8631 4
      vertex -1.04645 -15.9657 4
    endloop
  endfacet
  facet normal 0.0979934 0.995187 0
    outer loop
      vertex -2.08842 -15.8631 4
      vertex -1.04645 -15.9657 0
      vertex -2.08842 -15.8631 0
    endloop
  endfacet
  facet normal 0.528075 0.849198 -0
    outer loop
      vertex -8 -13.8564 0
      vertex -8.88912 -13.3035 4
      vertex -8 -13.8564 4
    endloop
  endfacet
  facet normal 0.528075 0.849198 0
    outer loop
      vertex -8.88912 -13.3035 4
      vertex -8 -13.8564 0
      vertex -8.88912 -13.3035 0
    endloop
  endfacet
  facet normal -0.995187 -0.0979934 0
    outer loop
      vertex 15.9657 1.04645 0
      vertex 15.8631 2.08842 4
      vertex 15.8631 2.08842 0
    endloop
  endfacet
  facet normal -0.995187 -0.0979934 0
    outer loop
      vertex 15.8631 2.08842 4
      vertex 15.9657 1.04645 0
      vertex 15.9657 1.04645 4
    endloop
  endfacet
  facet normal -0.935909 -0.352243 0
    outer loop
      vertex 15.1509 5.14303 0
      vertex 14.7821 6.12293 4
      vertex 14.7821 6.12293 0
    endloop
  endfacet
  facet normal -0.935909 -0.352243 0
    outer loop
      vertex 14.7821 6.12293 4
      vertex 15.1509 5.14303 0
      vertex 15.1509 5.14303 4
    endloop
  endfacet
  facet normal -0.881904 -0.471429 0
    outer loop
      vertex 14.35 7.07662 0
      vertex 13.8564 8 4
      vertex 13.8564 8 0
    endloop
  endfacet
  facet normal -0.881904 -0.471429 0
    outer loop
      vertex 13.8564 8 4
      vertex 14.35 7.07662 0
      vertex 14.35 7.07662 4
    endloop
  endfacet
  facet normal -0.849198 -0.528075 0
    outer loop
      vertex 13.8564 8 0
      vertex 13.3035 8.88912 4
      vertex 13.3035 8.88912 0
    endloop
  endfacet
  facet normal -0.849198 -0.528075 0
    outer loop
      vertex 13.3035 8.88912 4
      vertex 13.8564 8 0
      vertex 13.8564 8 4
    endloop
  endfacet
  facet normal -0.22712 -0.973867 0
    outer loop
      vertex 3.12144 15.6926 0
      vertex 4.1411 15.4548 4
      vertex 3.12144 15.6926 4
    endloop
  endfacet
  facet normal -0.22712 -0.973867 -0
    outer loop
      vertex 4.1411 15.4548 4
      vertex 3.12144 15.6926 0
      vertex 4.1411 15.4548 0
    endloop
  endfacet
  facet normal 0.973867 -0.22712 0
    outer loop
      vertex -15.6926 3.12144 4
      vertex -15.4548 4.1411 0
      vertex -15.4548 4.1411 4
    endloop
  endfacet
  facet normal 0.973867 -0.22712 0
    outer loop
      vertex -15.4548 4.1411 0
      vertex -15.6926 3.12144 4
      vertex -15.6926 3.12144 0
    endloop
  endfacet
  facet normal 0.77296 -0.634455 0
    outer loop
      vertex -12.6937 9.74018 4
      vertex -12.0294 10.5495 0
      vertex -12.0294 10.5495 4
    endloop
  endfacet
  facet normal 0.77296 -0.634455 0
    outer loop
      vertex -12.0294 10.5495 0
      vertex -12.6937 9.74018 4
      vertex -12.6937 9.74018 0
    endloop
  endfacet
  facet normal 0.849198 -0.528075 0
    outer loop
      vertex -13.8564 8 4
      vertex -13.3035 8.88912 0
      vertex -13.3035 8.88912 4
    endloop
  endfacet
  facet normal 0.849198 -0.528075 0
    outer loop
      vertex -13.3035 8.88912 0
      vertex -13.8564 8 4
      vertex -13.8564 8 0
    endloop
  endfacet
  facet normal 0.812874 -0.582439 0
    outer loop
      vertex -13.3035 8.88912 4
      vertex -12.6937 9.74018 0
      vertex -12.6937 9.74018 4
    endloop
  endfacet
  facet normal 0.812874 -0.582439 0
    outer loop
      vertex -12.6937 9.74018 0
      vertex -13.3035 8.88912 4
      vertex -13.3035 8.88912 0
    endloop
  endfacet
  facet normal 0.0979934 -0.995187 0
    outer loop
      vertex -2.08842 15.8631 0
      vertex -1.04645 15.9657 4
      vertex -2.08842 15.8631 4
    endloop
  endfacet
  facet normal 0.0979934 -0.995187 0
    outer loop
      vertex -1.04645 15.9657 4
      vertex -2.08842 15.8631 0
      vertex -1.04645 15.9657 0
    endloop
  endfacet
  facet normal 0.162847 -0.986651 0
    outer loop
      vertex -3.12144 15.6926 0
      vertex -2.08842 15.8631 4
      vertex -3.12144 15.6926 4
    endloop
  endfacet
  facet normal 0.162847 -0.986651 0
    outer loop
      vertex -2.08842 15.8631 4
      vertex -3.12144 15.6926 0
      vertex -2.08842 15.8631 0
    endloop
  endfacet
  facet normal 0.471429 -0.881904 0
    outer loop
      vertex -8 13.8564 0
      vertex -7.07662 14.35 4
      vertex -8 13.8564 4
    endloop
  endfacet
  facet normal 0.471429 -0.881904 0
    outer loop
      vertex -7.07662 14.35 4
      vertex -8 13.8564 0
      vertex -7.07662 14.35 0
    endloop
  endfacet
  facet normal 0.528075 -0.849198 0
    outer loop
      vertex -8.88912 13.3035 0
      vertex -8 13.8564 4
      vertex -8.88912 13.3035 4
    endloop
  endfacet
  facet normal 0.528075 -0.849198 0
    outer loop
      vertex -8 13.8564 4
      vertex -8.88912 13.3035 0
      vertex -8 13.8564 0
    endloop
  endfacet
  facet normal -0.999463 -0.0327599 0
    outer loop
      vertex 16 0 0
      vertex 15.9657 1.04645 4
      vertex 15.9657 1.04645 0
    endloop
  endfacet
  facet normal -0.999463 -0.0327599 0
    outer loop
      vertex 15.9657 1.04645 4
      vertex 16 0 0
      vertex 16 0 4
    endloop
  endfacet
  facet normal -0.162847 0.986651 0
    outer loop
      vertex 3.12144 -15.6926 0
      vertex 2.08842 -15.8631 4
      vertex 3.12144 -15.6926 4
    endloop
  endfacet
  facet normal -0.162847 0.986651 0
    outer loop
      vertex 2.08842 -15.8631 4
      vertex 3.12144 -15.6926 0
      vertex 2.08842 -15.8631 0
    endloop
  endfacet
  facet normal -0.471429 0.881904 0
    outer loop
      vertex 8 -13.8564 0
      vertex 7.07662 -14.35 4
      vertex 8 -13.8564 4
    endloop
  endfacet
  facet normal -0.471429 0.881904 0
    outer loop
      vertex 7.07662 -14.35 4
      vertex 8 -13.8564 0
      vertex 7.07662 -14.35 0
    endloop
  endfacet
  facet normal -0.582439 0.812874 0
    outer loop
      vertex 9.74018 -12.6937 0
      vertex 8.88912 -13.3035 4
      vertex 9.74018 -12.6937 4
    endloop
  endfacet
  facet normal -0.582439 0.812874 0
    outer loop
      vertex 8.88912 -13.3035 4
      vertex 9.74018 -12.6937 0
      vertex 8.88912 -13.3035 0
    endloop
  endfacet
  facet normal 0.22712 0.973867 -0
    outer loop
      vertex -3.12144 -15.6926 0
      vertex -4.1411 -15.4548 4
      vertex -3.12144 -15.6926 4
    endloop
  endfacet
  facet normal 0.22712 0.973867 0
    outer loop
      vertex -4.1411 -15.4548 4
      vertex -3.12144 -15.6926 0
      vertex -4.1411 -15.4548 0
    endloop
  endfacet
  facet normal 0.162847 0.986651 -0
    outer loop
      vertex -2.08842 -15.8631 0
      vertex -3.12144 -15.6926 4
      vertex -2.08842 -15.8631 4
    endloop
  endfacet
  facet normal 0.162847 0.986651 0
    outer loop
      vertex -3.12144 -15.6926 4
      vertex -2.08842 -15.8631 0
      vertex -3.12144 -15.6926 0
    endloop
  endfacet
  facet normal 0.471429 0.881904 -0
    outer loop
      vertex -7.07662 -14.35 0
      vertex -8 -13.8564 4
      vertex -7.07662 -14.35 4
    endloop
  endfacet
  facet normal 0.471429 0.881904 0
    outer loop
      vertex -8 -13.8564 4
      vertex -7.07662 -14.35 0
      vertex -8 -13.8564 0
    endloop
  endfacet
  facet normal 0.634455 0.77296 -0
    outer loop
      vertex -9.74018 -12.6937 0
      vertex -10.5495 -12.0294 4
      vertex -9.74018 -12.6937 4
    endloop
  endfacet
  facet normal 0.634455 0.77296 0
    outer loop
      vertex -10.5495 -12.0294 4
      vertex -9.74018 -12.6937 0
      vertex -10.5495 -12.0294 0
    endloop
  endfacet
  facet normal 0.973867 0.22712 0
    outer loop
      vertex -15.4548 -4.1411 4
      vertex -15.6926 -3.12144 0
      vertex -15.6926 -3.12144 4
    endloop
  endfacet
  facet normal 0.973867 0.22712 0
    outer loop
      vertex -15.6926 -3.12144 0
      vertex -15.4548 -4.1411 4
      vertex -15.4548 -4.1411 0
    endloop
  endfacet
  facet normal 0.995187 0.0979934 0
    outer loop
      vertex -15.8631 -2.08842 4
      vertex -15.9657 -1.04645 0
      vertex -15.9657 -1.04645 4
    endloop
  endfacet
  facet normal 0.995187 0.0979934 0
    outer loop
      vertex -15.9657 -1.04645 0
      vertex -15.8631 -2.08842 4
      vertex -15.8631 -2.08842 0
    endloop
  endfacet
  facet normal 0.812874 0.582439 0
    outer loop
      vertex -12.6937 -9.74018 4
      vertex -13.3035 -8.88912 0
      vertex -13.3035 -8.88912 4
    endloop
  endfacet
  facet normal 0.812874 0.582439 0
    outer loop
      vertex -13.3035 -8.88912 0
      vertex -12.6937 -9.74018 4
      vertex -12.6937 -9.74018 0
    endloop
  endfacet
  facet normal 0.77296 0.634455 0
    outer loop
      vertex -12.0294 -10.5495 4
      vertex -12.6937 -9.74018 0
      vertex -12.6937 -9.74018 4
    endloop
  endfacet
  facet normal 0.77296 0.634455 0
    outer loop
      vertex -12.6937 -9.74018 0
      vertex -12.0294 -10.5495 4
      vertex -12.0294 -10.5495 0
    endloop
  endfacet
  facet normal -0.910868 -0.412698 0
    outer loop
      vertex 14.7821 6.12293 0
      vertex 14.35 7.07662 4
      vertex 14.35 7.07662 0
    endloop
  endfacet
  facet normal -0.910868 -0.412698 0
    outer loop
      vertex 14.35 7.07662 4
      vertex 14.7821 6.12293 0
      vertex 14.7821 6.12293 4
    endloop
  endfacet
  facet normal -0.729889 -0.683566 0
    outer loop
      vertex 12.0294 10.5495 0
      vertex 11.3137 11.3137 4
      vertex 11.3137 11.3137 0
    endloop
  endfacet
  facet normal -0.729889 -0.683566 0
    outer loop
      vertex 11.3137 11.3137 4
      vertex 12.0294 10.5495 0
      vertex 12.0294 10.5495 4
    endloop
  endfacet
  facet normal -0.77296 -0.634455 0
    outer loop
      vertex 12.6937 9.74018 0
      vertex 12.0294 10.5495 4
      vertex 12.0294 10.5495 0
    endloop
  endfacet
  facet normal -0.77296 -0.634455 0
    outer loop
      vertex 12.0294 10.5495 4
      vertex 12.6937 9.74018 0
      vertex 12.6937 9.74018 4
    endloop
  endfacet
  facet normal -0.0327599 -0.999463 0
    outer loop
      vertex 0 16 0
      vertex 1.04645 15.9657 4
      vertex 0 16 4
    endloop
  endfacet
  facet normal -0.0327599 -0.999463 -0
    outer loop
      vertex 1.04645 15.9657 4
      vertex 0 16 0
      vertex 1.04645 15.9657 0
    endloop
  endfacet
  facet normal -0.634455 -0.77296 0
    outer loop
      vertex 9.74018 12.6937 0
      vertex 10.5495 12.0294 4
      vertex 9.74018 12.6937 4
    endloop
  endfacet
  facet normal -0.634455 -0.77296 -0
    outer loop
      vertex 10.5495 12.0294 4
      vertex 9.74018 12.6937 0
      vertex 10.5495 12.0294 0
    endloop
  endfacet
  facet normal -0.412698 -0.910868 0
    outer loop
      vertex 6.12293 14.7821 0
      vertex 7.07662 14.35 4
      vertex 6.12293 14.7821 4
    endloop
  endfacet
  facet normal -0.412698 -0.910868 -0
    outer loop
      vertex 7.07662 14.35 4
      vertex 6.12293 14.7821 0
      vertex 7.07662 14.35 0
    endloop
  endfacet
  facet normal -0.162847 -0.986651 0
    outer loop
      vertex 2.08842 15.8631 0
      vertex 3.12144 15.6926 4
      vertex 2.08842 15.8631 4
    endloop
  endfacet
  facet normal -0.162847 -0.986651 -0
    outer loop
      vertex 3.12144 15.6926 4
      vertex 2.08842 15.8631 0
      vertex 3.12144 15.6926 0
    endloop
  endfacet
  facet normal -0.290257 -0.956949 0
    outer loop
      vertex 4.1411 15.4548 0
      vertex 5.14303 15.1509 4
      vertex 4.1411 15.4548 4
    endloop
  endfacet
  facet normal -0.290257 -0.956949 -0
    outer loop
      vertex 5.14303 15.1509 4
      vertex 4.1411 15.4548 0
      vertex 5.14303 15.1509 0
    endloop
  endfacet
  facet normal 0.999463 -0.0327599 0
    outer loop
      vertex -16 0 4
      vertex -15.9657 1.04645 0
      vertex -15.9657 1.04645 4
    endloop
  endfacet
  facet normal 0.999463 -0.0327599 0
    outer loop
      vertex -15.9657 1.04645 0
      vertex -16 0 4
      vertex -16 0 0
    endloop
  endfacet
  facet normal 0.986651 -0.162847 0
    outer loop
      vertex -15.8631 2.08842 4
      vertex -15.6926 3.12144 0
      vertex -15.6926 3.12144 4
    endloop
  endfacet
  facet normal 0.986651 -0.162847 0
    outer loop
      vertex -15.6926 3.12144 0
      vertex -15.8631 2.08842 4
      vertex -15.8631 2.08842 0
    endloop
  endfacet
  facet normal 0.956949 -0.290257 0
    outer loop
      vertex -15.4548 4.1411 4
      vertex -15.1509 5.14303 0
      vertex -15.1509 5.14303 4
    endloop
  endfacet
  facet normal 0.956949 -0.290257 0
    outer loop
      vertex -15.1509 5.14303 0
      vertex -15.4548 4.1411 4
      vertex -15.4548 4.1411 0
    endloop
  endfacet
  facet normal 0.910868 -0.412698 0
    outer loop
      vertex -14.7821 6.12293 4
      vertex -14.35 7.07662 0
      vertex -14.35 7.07662 4
    endloop
  endfacet
  facet normal 0.910868 -0.412698 0
    outer loop
      vertex -14.35 7.07662 0
      vertex -14.7821 6.12293 4
      vertex -14.7821 6.12293 0
    endloop
  endfacet
  facet normal 0.729889 -0.683566 0
    outer loop
      vertex -12.0294 10.5495 4
      vertex -11.3137 11.3137 0
      vertex -11.3137 11.3137 4
    endloop
  endfacet
  facet normal 0.729889 -0.683566 0
    outer loop
      vertex -11.3137 11.3137 0
      vertex -12.0294 10.5495 4
      vertex -12.0294 10.5495 0
    endloop
  endfacet
  facet normal 0.352243 -0.935909 0
    outer loop
      vertex -6.12293 14.7821 0
      vertex -5.14303 15.1509 4
      vertex -6.12293 14.7821 4
    endloop
  endfacet
  facet normal 0.352243 -0.935909 0
    outer loop
      vertex -5.14303 15.1509 4
      vertex -6.12293 14.7821 0
      vertex -5.14303 15.1509 0
    endloop
  endfacet
  facet normal 0.22712 -0.973867 0
    outer loop
      vertex -4.1411 15.4548 0
      vertex -3.12144 15.6926 4
      vertex -4.1411 15.4548 4
    endloop
  endfacet
  facet normal 0.22712 -0.973867 0
    outer loop
      vertex -3.12144 15.6926 4
      vertex -4.1411 15.4548 0
      vertex -3.12144 15.6926 0
    endloop
  endfacet
  facet normal 0.0327599 -0.999463 0
    outer loop
      vertex -1.04645 15.9657 0
      vertex 0 16 4
      vertex -1.04645 15.9657 4
    endloop
  endfacet
  facet normal 0.0327599 -0.999463 0
    outer loop
      vertex 0 16 4
      vertex -1.04645 15.9657 0
      vertex 0 16 0
    endloop
  endfacet
  facet normal 0.412698 -0.910868 0
    outer loop
      vertex -7.07662 14.35 0
      vertex -6.12293 14.7821 4
      vertex -7.07662 14.35 4
    endloop
  endfacet
  facet normal 0.412698 -0.910868 0
    outer loop
      vertex -6.12293 14.7821 4
      vertex -7.07662 14.35 0
      vertex -6.12293 14.7821 0
    endloop
  endfacet
  facet normal 0.683566 -0.729889 0
    outer loop
      vertex -11.3137 11.3137 0
      vertex -10.5495 12.0294 4
      vertex -11.3137 11.3137 4
    endloop
  endfacet
  facet normal 0.683566 -0.729889 0
    outer loop
      vertex -10.5495 12.0294 4
      vertex -11.3137 11.3137 0
      vertex -10.5495 12.0294 0
    endloop
  endfacet
  facet normal -0.995187 0.0979934 0
    outer loop
      vertex 15.8631 -2.08842 0
      vertex 15.9657 -1.04645 4
      vertex 15.9657 -1.04645 0
    endloop
  endfacet
  facet normal -0.995187 0.0979934 0
    outer loop
      vertex 15.9657 -1.04645 4
      vertex 15.8631 -2.08842 0
      vertex 15.8631 -2.08842 4
    endloop
  endfacet
  facet normal -0.0327599 0.999463 0
    outer loop
      vertex 1.04645 -15.9657 0
      vertex 0 -16 4
      vertex 1.04645 -15.9657 4
    endloop
  endfacet
  facet normal -0.0327599 0.999463 0
    outer loop
      vertex 0 -16 4
      vertex 1.04645 -15.9657 0
      vertex 0 -16 0
    endloop
  endfacet
  facet normal -0.973867 0.22712 0
    outer loop
      vertex 15.4548 -4.1411 0
      vertex 15.6926 -3.12144 4
      vertex 15.6926 -3.12144 0
    endloop
  endfacet
  facet normal -0.973867 0.22712 0
    outer loop
      vertex 15.6926 -3.12144 4
      vertex 15.4548 -4.1411 0
      vertex 15.4548 -4.1411 4
    endloop
  endfacet
  facet normal -0.999463 0.0327599 0
    outer loop
      vertex 15.9657 -1.04645 0
      vertex 16 0 4
      vertex 16 0 0
    endloop
  endfacet
  facet normal -0.999463 0.0327599 0
    outer loop
      vertex 16 0 4
      vertex 15.9657 -1.04645 0
      vertex 15.9657 -1.04645 4
    endloop
  endfacet
  facet normal -0.956949 0.290257 0
    outer loop
      vertex 15.1509 -5.14303 0
      vertex 15.4548 -4.1411 4
      vertex 15.4548 -4.1411 0
    endloop
  endfacet
  facet normal -0.956949 0.290257 0
    outer loop
      vertex 15.4548 -4.1411 4
      vertex 15.1509 -5.14303 0
      vertex 15.1509 -5.14303 4
    endloop
  endfacet
  facet normal -0.812874 0.582439 0
    outer loop
      vertex 12.6937 -9.74018 0
      vertex 13.3035 -8.88912 4
      vertex 13.3035 -8.88912 0
    endloop
  endfacet
  facet normal -0.812874 0.582439 0
    outer loop
      vertex 13.3035 -8.88912 4
      vertex 12.6937 -9.74018 0
      vertex 12.6937 -9.74018 4
    endloop
  endfacet
  facet normal -0.0979934 0.995187 0
    outer loop
      vertex 2.08842 -15.8631 0
      vertex 1.04645 -15.9657 4
      vertex 2.08842 -15.8631 4
    endloop
  endfacet
  facet normal -0.0979934 0.995187 0
    outer loop
      vertex 1.04645 -15.9657 4
      vertex 2.08842 -15.8631 0
      vertex 1.04645 -15.9657 0
    endloop
  endfacet
  facet normal -0.290257 0.956949 0
    outer loop
      vertex 5.14303 -15.1509 0
      vertex 4.1411 -15.4548 4
      vertex 5.14303 -15.1509 4
    endloop
  endfacet
  facet normal -0.290257 0.956949 0
    outer loop
      vertex 4.1411 -15.4548 4
      vertex 5.14303 -15.1509 0
      vertex 4.1411 -15.4548 0
    endloop
  endfacet
  facet normal -0.352243 0.935909 0
    outer loop
      vertex 6.12293 -14.7821 0
      vertex 5.14303 -15.1509 4
      vertex 6.12293 -14.7821 4
    endloop
  endfacet
  facet normal -0.352243 0.935909 0
    outer loop
      vertex 5.14303 -15.1509 4
      vertex 6.12293 -14.7821 0
      vertex 5.14303 -15.1509 0
    endloop
  endfacet
  facet normal -0.683566 0.729889 0
    outer loop
      vertex 11.3137 -11.3137 0
      vertex 10.5495 -12.0294 4
      vertex 11.3137 -11.3137 4
    endloop
  endfacet
  facet normal -0.683566 0.729889 0
    outer loop
      vertex 10.5495 -12.0294 4
      vertex 11.3137 -11.3137 0
      vertex 10.5495 -12.0294 0
    endloop
  endfacet
  facet normal -0.528075 0.849198 0
    outer loop
      vertex 8.88912 -13.3035 0
      vertex 8 -13.8564 4
      vertex 8.88912 -13.3035 4
    endloop
  endfacet
  facet normal -0.528075 0.849198 0
    outer loop
      vertex 8 -13.8564 4
      vertex 8.88912 -13.3035 0
      vertex 8 -13.8564 0
    endloop
  endfacet
  facet normal -0.412698 0.910868 0
    outer loop
      vertex 7.07662 -14.35 0
      vertex 6.12293 -14.7821 4
      vertex 7.07662 -14.35 4
    endloop
  endfacet
  facet normal -0.412698 0.910868 0
    outer loop
      vertex 6.12293 -14.7821 4
      vertex 7.07662 -14.35 0
      vertex 6.12293 -14.7821 0
    endloop
  endfacet
  facet normal 0.0327599 0.999463 -0
    outer loop
      vertex 0 -16 0
      vertex -1.04645 -15.9657 4
      vertex 0 -16 4
    endloop
  endfacet
  facet normal 0.0327599 0.999463 0
    outer loop
      vertex -1.04645 -15.9657 4
      vertex 0 -16 0
      vertex -1.04645 -15.9657 0
    endloop
  endfacet
  facet normal 0.352243 0.935909 -0
    outer loop
      vertex -5.14303 -15.1509 0
      vertex -6.12293 -14.7821 4
      vertex -5.14303 -15.1509 4
    endloop
  endfacet
  facet normal 0.352243 0.935909 0
    outer loop
      vertex -6.12293 -14.7821 4
      vertex -5.14303 -15.1509 0
      vertex -6.12293 -14.7821 0
    endloop
  endfacet
  facet normal 0.290257 0.956949 -0
    outer loop
      vertex -4.1411 -15.4548 0
      vertex -5.14303 -15.1509 4
      vertex -4.1411 -15.4548 4
    endloop
  endfacet
  facet normal 0.290257 0.956949 0
    outer loop
      vertex -5.14303 -15.1509 4
      vertex -4.1411 -15.4548 0
      vertex -5.14303 -15.1509 0
    endloop
  endfacet
  facet normal 0.412698 0.910868 -0
    outer loop
      vertex -6.12293 -14.7821 0
      vertex -7.07662 -14.35 4
      vertex -6.12293 -14.7821 4
    endloop
  endfacet
  facet normal 0.412698 0.910868 0
    outer loop
      vertex -7.07662 -14.35 4
      vertex -6.12293 -14.7821 0
      vertex -7.07662 -14.35 0
    endloop
  endfacet
  facet normal 0.582439 0.812874 -0
    outer loop
      vertex -8.88912 -13.3035 0
      vertex -9.74018 -12.6937 4
      vertex -8.88912 -13.3035 4
    endloop
  endfacet
  facet normal 0.582439 0.812874 0
    outer loop
      vertex -9.74018 -12.6937 4
      vertex -8.88912 -13.3035 0
      vertex -9.74018 -12.6937 0
    endloop
  endfacet
  facet normal 0.683566 0.729889 -0
    outer loop
      vertex -10.5495 -12.0294 0
      vertex -11.3137 -11.3137 4
      vertex -10.5495 -12.0294 4
    endloop
  endfacet
  facet normal 0.683566 0.729889 0
    outer loop
      vertex -11.3137 -11.3137 4
      vertex -10.5495 -12.0294 0
      vertex -11.3137 -11.3137 0
    endloop
  endfacet
  facet normal 0.986651 0.162847 0
    outer loop
      vertex -15.6926 -3.12144 4
      vertex -15.8631 -2.08842 0
      vertex -15.8631 -2.08842 4
    endloop
  endfacet
  facet normal 0.986651 0.162847 0
    outer loop
      vertex -15.8631 -2.08842 0
      vertex -15.6926 -3.12144 4
      vertex -15.6926 -3.12144 0
    endloop
  endfacet
  facet normal 0.999463 0.0327599 0
    outer loop
      vertex -15.9657 -1.04645 4
      vertex -16 0 0
      vertex -16 0 4
    endloop
  endfacet
  facet normal 0.999463 0.0327599 0
    outer loop
      vertex -16 0 0
      vertex -15.9657 -1.04645 4
      vertex -15.9657 -1.04645 0
    endloop
  endfacet
  facet normal 0.956949 0.290257 0
    outer loop
      vertex -15.1509 -5.14303 4
      vertex -15.4548 -4.1411 0
      vertex -15.4548 -4.1411 4
    endloop
  endfacet
  facet normal 0.956949 0.290257 0
    outer loop
      vertex -15.4548 -4.1411 0
      vertex -15.1509 -5.14303 4
      vertex -15.1509 -5.14303 0
    endloop
  endfacet
  facet normal 0.729889 0.683566 0
    outer loop
      vertex -11.3137 -11.3137 4
      vertex -12.0294 -10.5495 0
      vertex -12.0294 -10.5495 4
    endloop
  endfacet
  facet normal 0.729889 0.683566 0
    outer loop
      vertex -12.0294 -10.5495 0
      vertex -11.3137 -11.3137 4
      vertex -11.3137 -11.3137 0
    endloop
  endfacet
  facet normal 0.849198 0.528075 0
    outer loop
      vertex -13.3035 -8.88912 4
      vertex -13.8564 -8 0
      vertex -13.8564 -8 4
    endloop
  endfacet
  facet normal 0.849198 0.528075 0
    outer loop
      vertex -13.8564 -8 0
      vertex -13.3035 -8.88912 4
      vertex -13.3035 -8.88912 0
    endloop
  endfacet
  facet normal -0.973867 -0.22712 0
    outer loop
      vertex 15.6926 3.12144 0
      vertex 15.4548 4.1411 4
      vertex 15.4548 4.1411 0
    endloop
  endfacet
  facet normal -0.973867 -0.22712 0
    outer loop
      vertex 15.4548 4.1411 4
      vertex 15.6926 3.12144 0
      vertex 15.6926 3.12144 4
    endloop
  endfacet
  facet normal -0.986651 -0.162847 0
    outer loop
      vertex 15.8631 2.08842 0
      vertex 15.6926 3.12144 4
      vertex 15.6926 3.12144 0
    endloop
  endfacet
  facet normal -0.986651 -0.162847 0
    outer loop
      vertex 15.6926 3.12144 4
      vertex 15.8631 2.08842 0
      vertex 15.8631 2.08842 4
    endloop
  endfacet
  facet normal -0.683566 -0.729889 0
    outer loop
      vertex 10.5495 12.0294 0
      vertex 11.3137 11.3137 4
      vertex 10.5495 12.0294 4
    endloop
  endfacet
  facet normal -0.683566 -0.729889 -0
    outer loop
      vertex 11.3137 11.3137 4
      vertex 10.5495 12.0294 0
      vertex 11.3137 11.3137 0
    endloop
  endfacet
  facet normal -0.471429 -0.881904 0
    outer loop
      vertex 7.07662 14.35 0
      vertex 8 13.8564 4
      vertex 7.07662 14.35 4
    endloop
  endfacet
  facet normal -0.471429 -0.881904 -0
    outer loop
      vertex 8 13.8564 4
      vertex 7.07662 14.35 0
      vertex 8 13.8564 0
    endloop
  endfacet
  facet normal -0.352243 -0.935909 0
    outer loop
      vertex 5.14303 15.1509 0
      vertex 6.12293 14.7821 4
      vertex 5.14303 15.1509 4
    endloop
  endfacet
  facet normal -0.352243 -0.935909 -0
    outer loop
      vertex 6.12293 14.7821 4
      vertex 5.14303 15.1509 0
      vertex 6.12293 14.7821 0
    endloop
  endfacet
  facet normal 0.995187 -0.0979934 0
    outer loop
      vertex -15.9657 1.04645 4
      vertex -15.8631 2.08842 0
      vertex -15.8631 2.08842 4
    endloop
  endfacet
  facet normal 0.995187 -0.0979934 0
    outer loop
      vertex -15.8631 2.08842 0
      vertex -15.9657 1.04645 4
      vertex -15.9657 1.04645 0
    endloop
  endfacet
  facet normal 0.935909 -0.352243 0
    outer loop
      vertex -15.1509 5.14303 4
      vertex -14.7821 6.12293 0
      vertex -14.7821 6.12293 4
    endloop
  endfacet
  facet normal 0.935909 -0.352243 0
    outer loop
      vertex -14.7821 6.12293 0
      vertex -15.1509 5.14303 4
      vertex -15.1509 5.14303 0
    endloop
  endfacet
  facet normal 0.634455 -0.77296 0
    outer loop
      vertex -10.5495 12.0294 0
      vertex -9.74018 12.6937 4
      vertex -10.5495 12.0294 4
    endloop
  endfacet
  facet normal 0.634455 -0.77296 0
    outer loop
      vertex -9.74018 12.6937 4
      vertex -10.5495 12.0294 0
      vertex -9.74018 12.6937 0
    endloop
  endfacet
  facet normal -0.935909 0.352243 0
    outer loop
      vertex 14.7821 -6.12293 0
      vertex 15.1509 -5.14303 4
      vertex 15.1509 -5.14303 0
    endloop
  endfacet
  facet normal -0.935909 0.352243 0
    outer loop
      vertex 15.1509 -5.14303 4
      vertex 14.7821 -6.12293 0
      vertex 14.7821 -6.12293 4
    endloop
  endfacet
  facet normal -0.729889 0.683566 0
    outer loop
      vertex 11.3137 -11.3137 0
      vertex 12.0294 -10.5495 4
      vertex 12.0294 -10.5495 0
    endloop
  endfacet
  facet normal -0.729889 0.683566 0
    outer loop
      vertex 12.0294 -10.5495 4
      vertex 11.3137 -11.3137 0
      vertex 11.3137 -11.3137 4
    endloop
  endfacet
  facet normal 0.935909 0.352243 0
    outer loop
      vertex -14.7821 -6.12293 4
      vertex -15.1509 -5.14303 0
      vertex -15.1509 -5.14303 4
    endloop
  endfacet
  facet normal 0.935909 0.352243 0
    outer loop
      vertex -15.1509 -5.14303 0
      vertex -14.7821 -6.12293 4
      vertex -14.7821 -6.12293 0
    endloop
  endfacet
  facet normal 0.881904 0.471429 0
    outer loop
      vertex -13.8564 -8 4
      vertex -14.35 -7.07662 0
      vertex -14.35 -7.07662 4
    endloop
  endfacet
  facet normal 0.881904 0.471429 0
    outer loop
      vertex -14.35 -7.07662 0
      vertex -13.8564 -8 4
      vertex -13.8564 -8 0
    endloop
  endfacet
  facet normal -0.986651 0.162847 0
    outer loop
      vertex 15.6926 -3.12144 0
      vertex 15.8631 -2.08842 4
      vertex 15.8631 -2.08842 0
    endloop
  endfacet
  facet normal -0.986651 0.162847 0
    outer loop
      vertex 15.8631 -2.08842 4
      vertex 15.6926 -3.12144 0
      vertex 15.6926 -3.12144 4
    endloop
  endfacet
  facet normal -0.881904 0.471429 0
    outer loop
      vertex 13.8564 -8 0
      vertex 14.35 -7.07662 4
      vertex 14.35 -7.07662 0
    endloop
  endfacet
  facet normal -0.881904 0.471429 0
    outer loop
      vertex 14.35 -7.07662 4
      vertex 13.8564 -8 0
      vertex 13.8564 -8 4
    endloop
  endfacet
  facet normal -0.77296 0.634455 0
    outer loop
      vertex 12.0294 -10.5495 0
      vertex 12.6937 -9.74018 4
      vertex 12.6937 -9.74018 0
    endloop
  endfacet
  facet normal -0.77296 0.634455 0
    outer loop
      vertex 12.6937 -9.74018 4
      vertex 12.0294 -10.5495 0
      vertex 12.0294 -10.5495 4
    endloop
  endfacet
  facet normal -0.849198 0.528075 0
    outer loop
      vertex 13.3035 -8.88912 0
      vertex 13.8564 -8 4
      vertex 13.8564 -8 0
    endloop
  endfacet
  facet normal -0.849198 0.528075 0
    outer loop
      vertex 13.8564 -8 4
      vertex 13.3035 -8.88912 0
      vertex 13.3035 -8.88912 4
    endloop
  endfacet
  facet normal -0.910868 0.412698 0
    outer loop
      vertex 14.35 -7.07662 0
      vertex 14.7821 -6.12293 4
      vertex 14.7821 -6.12293 0
    endloop
  endfacet
  facet normal -0.910868 0.412698 0
    outer loop
      vertex 14.7821 -6.12293 4
      vertex 14.35 -7.07662 0
      vertex 14.35 -7.07662 4
    endloop
  endfacet
endsolid OpenSCAD_Model
